{"type":"FeatureCollection","features":[{"type":"Feature","properties":{},"geometry":{"type":"LineString","coordinates":[[12.256021,41.7928],[12.256092,41.79288],[12.256153,41.792954],[12.256187,41.793015],[12.256216,41.793088],[12.256234,41.793156],[12.25624,41.79323],[12.256241,41.793316],[12.256232,41.793394],[12.256211,41.793481],[12.256181,41.793563],[12.256122,41.793675],[12.256058,41.793763],[12.255966,41.793867],[12.255858,41.793967],[12.255801,41.794014],[12.255754,41.794046],[12.255721,41.794067],[12.255667,41.794098],[12.255612,41.794129],[12.255449,41.794211]]}},{"type":"Feature","properties":{},"geometry":{"type":"LineString","coordinates":[[12.20792,41.841114],[12.207831,41.841231],[12.207303,41.841022],[12.207373,41.840907]]}},{"type":"Feature","properties":{},"geometry":{"type":"LineString","coordinates":[[12.203509,41.843823],[12.203636,41.843802],[12.203893,41.843437]]}},{"type":"Feature","properties":{},"geometry":{"type":"LineString","coordinates":[[12.203893,41.843437],[12.204158,41.843062],[12.204164,41.843032],[12.20416,41.843008],[12.204139,41.842971],[12.204108,41.842935]]}},{"type":"Feature","properties":{"name":"Largo Andrea Porcelli"},"geometry":{"type":"LineString","coordinates":[[12.21103,41.84688],[12.21075,41.847475],[12.210531,41.847679]]}},{"type":"Feature","properties":{},"geometry":{"type":"LineString","coordinates":[[12.211757,41.845977],[12.21168,41.846227],[12.21156,41.846419]]}},{"type":"Feature","properties":{"name":"Via Villammare"},"geometry":{"type":"LineString","coordinates":[[12.200202,41.858894],[12.200503,41.859082],[12.200767,41.858875]]}},{"type":"Feature","properties":{"name":"Piazzale Giuseppe Valle"},"geometry":{"type":"LineString","coordinates":[[12.261265,41.790415],[12.260659,41.78943]]}},{"type":"Feature","properties":{"name":"Via Francesco Baracca"},"geometry":{"type":"LineString","coordinates":[[12.257037,41.790896],[12.256798,41.791796]]}},{"type":"Feature","properties":{},"geometry":{"type":"LineString","coordinates":[[12.249466,41.792391],[12.249626,41.792079],[12.249713,41.791921],[12.249773,41.791834],[12.249823,41.791778],[12.249893,41.791717],[12.249961,41.79166],[12.250044,41.791602],[12.250162,41.791535],[12.250221,41.791509],[12.250293,41.79148]]}},{"type":"Feature","properties":{},"geometry":{"type":"LineString","coordinates":[[12.249223,41.793272],[12.249217,41.793175],[12.249223,41.793102],[12.249234,41.793026],[12.249248,41.792985],[12.249291,41.792893],[12.249323,41.792841],[12.249375,41.792769],[12.24945,41.792681],[12.249494,41.792625],[12.249564,41.792519],[12.249666,41.792336]]}},{"type":"Feature","properties":{"name":"Via Francesco Baracca"},"geometry":{"type":"LineString","coordinates":[[12.256459,41.793309],[12.256429,41.793425],[12.256395,41.793513],[12.256348,41.793598],[12.256278,41.793701],[12.256184,41.793814],[12.256095,41.793897],[12.25599,41.793974],[12.255942,41.794004],[12.255888,41.794035],[12.25584,41.79406],[12.255787,41.794084],[12.255685,41.79413],[12.255641,41.794147],[12.255597,41.794163],[12.255449,41.794211]]}},{"type":"Feature","properties":{"name":"Via Giuseppe Gabrielli"},"geometry":{"type":"LineString","coordinates":[[12.257204,41.793178],[12.257164,41.793207],[12.257123,41.793248],[12.257069,41.793321]]}},{"type":"Feature","properties":{},"geometry":{"type":"LineString","coordinates":[[12.256508,41.794062],[12.256474,41.794111],[12.256434,41.794185],[12.256414,41.79423],[12.2564,41.794282],[12.256386,41.79433],[12.256376,41.794382],[12.256379,41.794421]]}},{"type":"Feature","properties":{"name":"Via Giuseppe Gabrielli"},"geometry":{"type":"LineString","coordinates":[[12.256508,41.794062],[12.256492,41.794065],[12.256441,41.794092],[12.256384,41.794105],[12.256316,41.794114],[12.256255,41.794116],[12.25618,41.7941],[12.256119,41.794107],[12.256045,41.794095],[12.255978,41.794095],[12.255938,41.794103],[12.25587,41.794127],[12.255825,41.794142],[12.255651,41.794172],[12.255598,41.794183],[12.255561,41.794192],[12.255496,41.794211],[12.255391,41.794246],[12.255288,41.794282]]}},{"type":"Feature","properties":{},"geometry":{"type":"LineString","coordinates":[[12.256379,41.794421],[12.256692,41.794884]]}},{"type":"Feature","properties":{},"geometry":{"type":"LineString","coordinates":[[12.257581,41.793396],[12.25748,41.793257],[12.257444,41.793214],[12.257402,41.793186],[12.257364,41.793173],[12.257326,41.793163],[12.257289,41.793159],[12.257252,41.793156]]}},{"type":"Feature","properties":{},"geometry":{"type":"LineString","coordinates":[[12.257348,41.792879],[12.257543,41.793269],[12.257581,41.793396]]}},{"type":"Feature","properties":{},"geometry":{"type":"LineString","coordinates":[[12.257581,41.793396],[12.257691,41.793577]]}},{"type":"Feature","properties":{},"geometry":{"type":"LineString","coordinates":[[12.251253,41.792729],[12.251262,41.792752],[12.251291,41.79278],[12.251315,41.792792],[12.251341,41.792807],[12.251358,41.792831],[12.251379,41.792875],[12.251401,41.792929]]}},{"type":"Feature","properties":{"name":"Via del Molo di Levante"},"geometry":{"type":"LineString","coordinates":[[12.223561,41.769714],[12.223557,41.76973],[12.223545,41.769751],[12.223472,41.769807],[12.223343,41.769936],[12.223264,41.769996],[12.22317,41.770125]]}},{"type":"Feature","properties":{},"geometry":{"type":"LineString","coordinates":[[12.222555,41.77057],[12.221639,41.770713],[12.220178,41.77092]]}},{"type":"Feature","properties":{"name":"Via del Molo di Levante"},"geometry":{"type":"LineString","coordinates":[[12.220178,41.77092],[12.221164,41.77035],[12.221381,41.770336]]}},{"type":"Feature","properties":{"name":"Via del Molo di Levante"},"geometry":{"type":"LineString","coordinates":[[12.220178,41.77092],[12.219828,41.770993],[12.217271,41.771163]]}},{"type":"Feature","properties":{},"geometry":{"type":"LineString","coordinates":[[12.296101,41.795721],[12.296182,41.795601]]}},{"type":"Feature","properties":{},"geometry":{"type":"LineString","coordinates":[[12.299902,41.79687],[12.299833,41.796955],[12.299776,41.797015],[12.300841,41.79748],[12.300869,41.797512],[12.300871,41.797542],[12.300845,41.797577],[12.300806,41.797597],[12.300747,41.797602],[12.299671,41.797132],[12.298724,41.796719],[12.298073,41.796436],[12.297802,41.796317],[12.297757,41.796288],[12.297716,41.796251],[12.29765,41.796181],[12.297609,41.796126],[12.29751,41.796048],[12.297451,41.795997],[12.297402,41.795955],[12.297394,41.795923],[12.297398,41.795894],[12.297427,41.79587],[12.297447,41.795861],[12.297493,41.795849],[12.297523,41.79586],[12.297792,41.795994],[12.297826,41.796029],[12.297842,41.796068],[12.297838,41.796099],[12.29782,41.796122],[12.297801,41.796146],[12.298177,41.796311],[12.299776,41.797015]]}},{"type":"Feature","properties":{"name":"Piazzale Tirreno"},"geometry":{"type":"LineString","coordinates":[[12.223264,41.769996],[12.223148,41.769861],[12.222704,41.770043],[12.222591,41.770231]]}},{"type":"Feature","properties":{},"geometry":{"type":"LineString","coordinates":[[12.255585,41.792851],[12.255641,41.792876],[12.255647,41.792886],[12.255652,41.792901],[12.255647,41.792917],[12.255637,41.792935]]}},{"type":"Feature","properties":{},"geometry":{"type":"LineString","coordinates":[[12.253552,41.793184],[12.253502,41.793171],[12.253457,41.793165],[12.253409,41.793168],[12.253358,41.793181],[12.253288,41.793212],[12.253059,41.793467],[12.252421,41.794153]]}},{"type":"Feature","properties":{},"geometry":{"type":"LineString","coordinates":[[12.253971,41.793409],[12.253908,41.793243],[12.253888,41.793212],[12.253853,41.793188],[12.25375,41.793135],[12.253735,41.793123],[12.25373,41.793105],[12.253733,41.793091],[12.253768,41.793049]]}},{"type":"Feature","properties":{},"geometry":{"type":"LineString","coordinates":[[12.254375,41.793627],[12.254262,41.793498],[12.254195,41.793457],[12.254131,41.79342],[12.25409,41.793384],[12.254041,41.793296],[12.254034,41.79327],[12.254039,41.793234],[12.254051,41.793216],[12.254406,41.792844],[12.25462,41.792621],[12.254656,41.792594],[12.254702,41.792573],[12.254801,41.792561],[12.254907,41.792551],[12.255502,41.792616],[12.255587,41.792638],[12.255643,41.792682],[12.25567,41.792725],[12.255689,41.792778],[12.255696,41.792824],[12.255696,41.792857],[12.255683,41.792887],[12.255637,41.792935],[12.254861,41.793745],[12.254836,41.79376],[12.254811,41.793765],[12.254783,41.793766],[12.254744,41.793764],[12.254621,41.793764]]}},{"type":"Feature","properties":{},"geometry":{"type":"LineString","coordinates":[[12.254603,41.793754],[12.254502,41.793828],[12.254414,41.793921],[12.254335,41.793994],[12.254056,41.794266],[12.254004,41.794317],[12.253599,41.794713],[12.253549,41.794761],[12.253407,41.794684],[12.25254,41.794216],[12.252421,41.794153]]}},{"type":"Feature","properties":{},"geometry":{"type":"LineString","coordinates":[[12.254656,41.792594],[12.254718,41.792577],[12.254767,41.792579],[12.254816,41.792592],[12.25499,41.792694]]}},{"type":"Feature","properties":{},"geometry":{"type":"LineString","coordinates":[[12.252421,41.794153],[12.251961,41.794603],[12.251449,41.794336],[12.252431,41.793339],[12.252519,41.793253],[12.252901,41.792878],[12.252929,41.79285]]}},{"type":"Feature","properties":{},"geometry":{"type":"LineString","coordinates":[[12.232582,41.777286],[12.232735,41.777271],[12.233061,41.777284],[12.233058,41.777389],[12.232706,41.777371],[12.232582,41.777286]]}},{"type":"Feature","properties":{"name":"Via dell'Ippocampo"},"geometry":{"type":"LineString","coordinates":[[12.232582,41.777286],[12.232377,41.77722],[12.232258,41.777126]]}},{"type":"Feature","properties":{},"geometry":{"type":"LineString","coordinates":[[12.275971,41.794913],[12.275959,41.795035],[12.275949,41.795069],[12.275938,41.795096],[12.275583,41.795834],[12.275573,41.79586],[12.275566,41.795899],[12.27557,41.795941],[12.275587,41.795983],[12.275608,41.79601],[12.27564,41.796039],[12.275683,41.796061],[12.275721,41.796075],[12.276757,41.796365],[12.276816,41.796373],[12.276876,41.796374],[12.276939,41.796361],[12.276989,41.796343],[12.277035,41.796315],[12.277232,41.796141],[12.277458,41.795681]]}},{"type":"Feature","properties":{},"geometry":{"type":"LineString","coordinates":[[12.236659,41.770306],[12.236868,41.770316],[12.236939,41.769489],[12.236946,41.769359],[12.236954,41.769239],[12.237007,41.768461],[12.236814,41.768532]]}},{"type":"Feature","properties":{},"geometry":{"type":"LineString","coordinates":[[12.255253,41.787152],[12.254912,41.787184],[12.254658,41.787045],[12.254605,41.786802]]}},{"type":"Feature","properties":{"name":"Via del Molo di Levante"},"geometry":{"type":"LineString","coordinates":[[12.221381,41.770336],[12.222591,41.770231],[12.222986,41.770168],[12.22317,41.770125]]}},{"type":"Feature","properties":{"name":"Via Giulio Natta"},"geometry":{"type":"LineString","coordinates":[[12.299927,41.809503],[12.300039,41.809391],[12.30028,41.809151],[12.300421,41.80923],[12.30054,41.809296],[12.300678,41.809373],[12.301364,41.809755],[12.301254,41.809864],[12.301138,41.809981],[12.301115,41.810003],[12.301004,41.810114]]}},{"type":"Feature","properties":{"name":"Via Alessandro Volta"},"geometry":{"type":"LineString","coordinates":[[12.301546,41.807508],[12.301388,41.807497],[12.301303,41.807494],[12.301051,41.807502],[12.300835,41.80752],[12.300572,41.807579],[12.300392,41.807634],[12.300148,41.80774],[12.299845,41.80791],[12.299742,41.807993],[12.299646,41.80807]]}},{"type":"Feature","properties":{},"geometry":{"type":"LineString","coordinates":[[12.298819,41.80888],[12.298977,41.808968],[12.299333,41.809169],[12.299394,41.809203],[12.299468,41.809244]]}},{"type":"Feature","properties":{},"geometry":{"type":"LineString","coordinates":[[12.29915,41.809604],[12.299269,41.809491],[12.299388,41.809377],[12.299453,41.809316],[12.299504,41.809266]]}},{"type":"Feature","properties":{"name":"Via Alessandro Volta"},"geometry":{"type":"LineString","coordinates":[[12.299102,41.808593],[12.299165,41.808529],[12.299285,41.808407],[12.299343,41.808348],[12.299406,41.808284],[12.299539,41.808149]]}},{"type":"Feature","properties":{},"geometry":{"type":"LineString","coordinates":[[12.237676,41.82122],[12.237733,41.821205],[12.237766,41.821189],[12.237832,41.821131]]}},{"type":"Feature","properties":{},"geometry":{"type":"LineString","coordinates":[[12.235972,41.820964],[12.237036,41.821097],[12.237355,41.821136],[12.237539,41.821143],[12.237742,41.82112],[12.237832,41.821131],[12.237952,41.821188],[12.23827,41.821247],[12.239115,41.821354],[12.240541,41.821533]]}},{"type":"Feature","properties":{},"geometry":{"type":"LineString","coordinates":[[12.237952,41.821188],[12.237849,41.821257],[12.237811,41.821269],[12.237759,41.821278]]}},{"type":"Feature","properties":{},"geometry":{"type":"LineString","coordinates":[[12.238011,41.820973],[12.238035,41.820951],[12.238586,41.820402],[12.23893,41.820059],[12.239126,41.819832]]}},{"type":"Feature","properties":{},"geometry":{"type":"LineString","coordinates":[[12.239115,41.821354],[12.239142,41.821263],[12.239016,41.820552],[12.23893,41.820059]]}},{"type":"Feature","properties":{"name":"Viale dell'Olivetello"},"geometry":{"type":"LineString","coordinates":[[12.234726,41.83081],[12.234692,41.830802],[12.234652,41.83079],[12.234614,41.830774],[12.23457,41.830755],[12.230036,41.828265],[12.229634,41.828044],[12.227729,41.826964],[12.226446,41.826236],[12.2264,41.82621],[12.225845,41.825896]]}},{"type":"Feature","properties":{"name":"Via Bruno Castro"},"geometry":{"type":"LineString","coordinates":[[12.260561,41.78814],[12.261243,41.789224]]}},{"type":"Feature","properties":{"name":"Via Bruno Castro"},"geometry":{"type":"LineString","coordinates":[[12.261068,41.789286],[12.260663,41.788662],[12.260368,41.788209]]}},{"type":"Feature","properties":{"name":"Via Francesco Baracca"},"geometry":{"type":"LineString","coordinates":[[12.252832,41.795299],[12.252783,41.795301],[12.252731,41.795301],[12.252678,41.7953],[12.252602,41.795296],[12.252548,41.795291],[12.252497,41.795283],[12.252454,41.795275],[12.252414,41.795267],[12.25235,41.795249],[12.252289,41.795231],[12.252179,41.795189],[12.252088,41.795145],[12.251772,41.794975],[12.251452,41.794802],[12.250713,41.794412],[12.25066,41.794384],[12.249992,41.794028],[12.249691,41.793844],[12.249582,41.79377],[12.249503,41.793705],[12.249422,41.793619],[12.249354,41.793518],[12.249292,41.793392],[12.249223,41.793272]]}},{"type":"Feature","properties":{"name":"Via Francesco Baracca"},"geometry":{"type":"LineString","coordinates":[[12.255288,41.794282],[12.254666,41.794572],[12.253964,41.794891],[12.253361,41.795164],[12.253297,41.795192],[12.253213,41.795225],[12.253119,41.795254],[12.253025,41.795274],[12.252974,41.795283],[12.252924,41.795291],[12.252879,41.795296],[12.252832,41.795299]]}},{"type":"Feature","properties":{},"geometry":{"type":"LineString","coordinates":[[12.226533,41.802827],[12.226373,41.802798],[12.226333,41.802798],[12.226298,41.8028],[12.226261,41.802803],[12.226234,41.802806],[12.2262,41.802815],[12.226174,41.802825],[12.226151,41.802844],[12.226136,41.802864],[12.226073,41.802996],[12.226135,41.803063],[12.226175,41.803099],[12.226211,41.803126],[12.226359,41.803222]]}},{"type":"Feature","properties":{},"geometry":{"type":"LineString","coordinates":[[12.278606,41.798332],[12.278506,41.798241],[12.278396,41.798198],[12.278235,41.798151],[12.278146,41.798095],[12.278115,41.798024],[12.278097,41.797936]]}},{"type":"Feature","properties":{},"geometry":{"type":"LineString","coordinates":[[12.278687,41.79715],[12.278641,41.797238],[12.278272,41.797985]]}},{"type":"Feature","properties":{},"geometry":{"type":"LineString","coordinates":[[12.279591,41.797401],[12.27955,41.797484],[12.279145,41.798324]]}},{"type":"Feature","properties":{},"geometry":{"type":"LineString","coordinates":[[12.278499,41.795894],[12.278064,41.796805]]}},{"type":"Feature","properties":{},"geometry":{"type":"LineString","coordinates":[[12.280097,41.79632],[12.279652,41.797244]]}},{"type":"Feature","properties":{},"geometry":{"type":"LineString","coordinates":[[12.277835,41.796916],[12.277382,41.797836]]}},{"type":"Feature","properties":{},"geometry":{"type":"LineString","coordinates":[[12.277925,41.797888],[12.278362,41.797062]]}},{"type":"Feature","properties":{},"geometry":{"type":"LineString","coordinates":[[12.279239,41.797304],[12.279198,41.797389],[12.27904,41.797716],[12.278793,41.798226]]}},{"type":"Feature","properties":{},"geometry":{"type":"LineString","coordinates":[[12.279415,41.797353],[12.279374,41.797437],[12.278969,41.798275]]}},{"type":"Feature","properties":{},"geometry":{"type":"LineString","coordinates":[[12.278339,41.795848],[12.277888,41.796756]]}},{"type":"Feature","properties":{},"geometry":{"type":"LineString","coordinates":[[12.277628,41.796862],[12.277205,41.797787]]}},{"type":"Feature","properties":{},"geometry":{"type":"LineString","coordinates":[[12.279064,41.797256],[12.279022,41.797341],[12.278616,41.798178]]}},{"type":"Feature","properties":{},"geometry":{"type":"LineString","coordinates":[[12.278822,41.796086],[12.278417,41.796902]]}},{"type":"Feature","properties":{},"geometry":{"type":"LineString","coordinates":[[12.27858,41.796947],[12.278974,41.796126]]}},{"type":"Feature","properties":{},"geometry":{"type":"LineString","coordinates":[[12.279921,41.796272],[12.279475,41.797195]]}},{"type":"Feature","properties":{},"geometry":{"type":"LineString","coordinates":[[12.278186,41.797013],[12.277757,41.797839]]}},{"type":"Feature","properties":{},"geometry":{"type":"LineString","coordinates":[[12.27957,41.796175],[12.279122,41.797097]]}},{"type":"Feature","properties":{},"geometry":{"type":"LineString","coordinates":[[12.279746,41.796224],[12.279299,41.797146]]}},{"type":"Feature","properties":{},"geometry":{"type":"LineString","coordinates":[[12.277973,41.795746],[12.277029,41.797739]]}},{"type":"Feature","properties":{},"geometry":{"type":"LineString","coordinates":[[12.278011,41.796965],[12.277558,41.797885]]}},{"type":"Feature","properties":{},"geometry":{"type":"LineString","coordinates":[[12.278889,41.797207],[12.278847,41.797293],[12.27844,41.798129]]}},{"type":"Feature","properties":{},"geometry":{"type":"LineString","coordinates":[[12.279395,41.796126],[12.278946,41.797049]]}},{"type":"Feature","properties":{},"geometry":{"type":"LineString","coordinates":[[12.277793,41.795695],[12.276852,41.79769]]}},{"type":"Feature","properties":{},"geometry":{"type":"LineString","coordinates":[[12.279267,41.79609],[12.279205,41.796108],[12.279165,41.796175],[12.27877,41.797]]}},{"type":"Feature","properties":{},"geometry":{"type":"LineString","coordinates":[[12.278645,41.79604],[12.278822,41.796086],[12.278974,41.796126],[12.279165,41.796175]]}},{"type":"Feature","properties":{},"geometry":{"type":"LineString","coordinates":[[12.278626,41.795927],[12.278659,41.795949],[12.278665,41.79598],[12.278645,41.79604],[12.278241,41.796853]]}},{"type":"Feature","properties":{},"geometry":{"type":"LineString","coordinates":[[12.276727,41.79708],[12.276823,41.796987],[12.276869,41.796891],[12.277135,41.796329]]}},{"type":"Feature","properties":{},"geometry":{"type":"LineString","coordinates":[[12.27858,41.796947],[12.27877,41.797],[12.278946,41.797049],[12.279122,41.797097],[12.279299,41.797146],[12.279475,41.797195],[12.279652,41.797244],[12.279757,41.797272],[12.279784,41.797275],[12.279808,41.797272],[12.279836,41.797258],[12.279857,41.797232],[12.280243,41.796444],[12.280256,41.796395],[12.280216,41.796352],[12.280165,41.796338],[12.280097,41.79632],[12.279921,41.796272],[12.279746,41.796224],[12.27957,41.796175],[12.279395,41.796126],[12.279267,41.79609]]}},{"type":"Feature","properties":{},"geometry":{"type":"LineString","coordinates":[[12.278377,41.795721],[12.278495,41.795782],[12.278617,41.795836],[12.278749,41.795889],[12.278789,41.795918],[12.278822,41.795979],[12.278822,41.796086]]}},{"type":"Feature","properties":{},"geometry":{"type":"LineString","coordinates":[[12.278974,41.796126],[12.279031,41.796064],[12.279092,41.796032],[12.279165,41.79602],[12.279255,41.796027],[12.279443,41.796061],[12.27958,41.796074],[12.279689,41.796082]]}},{"type":"Feature","properties":{},"geometry":{"type":"LineString","coordinates":[[12.275721,41.796075],[12.275881,41.796201],[12.27672,41.796442],[12.276848,41.79645],[12.276923,41.79644],[12.276985,41.796422],[12.277032,41.796399],[12.277135,41.796329],[12.277232,41.796141]]}},{"type":"Feature","properties":{},"geometry":{"type":"LineString","coordinates":[[12.276869,41.796891],[12.276832,41.796788],[12.276772,41.796699],[12.276709,41.796657],[12.276647,41.796626],[12.275939,41.796438],[12.275854,41.796434],[12.275568,41.79644]]}},{"type":"Feature","properties":{},"geometry":{"type":"LineString","coordinates":[[12.278097,41.797936],[12.278443,41.797184],[12.278483,41.797096]]}},{"type":"Feature","properties":{},"geometry":{"type":"LineString","coordinates":[[12.277925,41.797888],[12.277876,41.79795],[12.277815,41.797991],[12.277715,41.797998],[12.277551,41.797962],[12.277417,41.797945],[12.277276,41.797965]]}},{"type":"Feature","properties":{},"geometry":{"type":"LineString","coordinates":[[12.20189,41.840203],[12.202306,41.840335],[12.202682,41.840454]]}},{"type":"Feature","properties":{},"geometry":{"type":"LineString","coordinates":[[12.227439,41.770549],[12.22742,41.770528],[12.227381,41.770459]]}},{"type":"Feature","properties":{},"geometry":{"type":"LineString","coordinates":[[12.227629,41.770558],[12.227602,41.770569],[12.22757,41.770577],[12.227544,41.770581],[12.227514,41.770579],[12.227488,41.770573],[12.227464,41.770565],[12.227439,41.770549]]}},{"type":"Feature","properties":{"name":"Via Francesco Baracca"},"geometry":{"type":"LineString","coordinates":[[12.249223,41.793272],[12.249201,41.793222],[12.249192,41.793199],[12.249186,41.793174],[12.249181,41.793152],[12.249179,41.793126],[12.249179,41.793105],[12.249189,41.793026],[12.249198,41.792958],[12.249223,41.792877],[12.249262,41.79278],[12.249466,41.792391]]}},{"type":"Feature","properties":{},"geometry":{"type":"LineString","coordinates":[[12.261995,41.785509],[12.262071,41.78556],[12.262122,41.785607],[12.262156,41.785649],[12.262174,41.785701],[12.26218,41.785759],[12.262171,41.78588]]}},{"type":"Feature","properties":{},"geometry":{"type":"LineString","coordinates":[[12.266184,41.788429],[12.266341,41.788475],[12.266526,41.788579],[12.266607,41.788624],[12.266666,41.788728],[12.266639,41.788784],[12.266546,41.78886],[12.266392,41.788925],[12.265867,41.78911],[12.265823,41.789106],[12.265406,41.788933]]}},{"type":"Feature","properties":{},"geometry":{"type":"LineString","coordinates":[[12.264344,41.776414],[12.264316,41.776304],[12.264182,41.776105],[12.264,41.775874],[12.263878,41.775748],[12.263805,41.775695],[12.263725,41.775647],[12.263624,41.775613],[12.26347,41.775588],[12.263134,41.775585]]}},{"type":"Feature","properties":{},"geometry":{"type":"LineString","coordinates":[[12.223268,41.771348],[12.223272,41.771438],[12.223439,41.771637]]}},{"type":"Feature","properties":{"name":"Piazza Generale Carlo Alberto Dalla Chiesa"},"geometry":{"type":"LineString","coordinates":[[12.236053,41.772839],[12.235837,41.772746],[12.235618,41.772652],[12.235612,41.772346],[12.235823,41.77238],[12.236034,41.772413]]}},{"type":"Feature","properties":{"name":"Piazza Generale Carlo Alberto Dalla Chiesa"},"geometry":{"type":"LineString","coordinates":[[12.235837,41.772746],[12.235823,41.77238]]}},{"type":"Feature","properties":{"name":"Piazza Generale Carlo Alberto Dalla Chiesa"},"geometry":{"type":"LineString","coordinates":[[12.236053,41.772839],[12.236034,41.772413]]}},{"type":"Feature","properties":{"name":"Via Francesco Baracca"},"geometry":{"type":"LineString","coordinates":[[12.255449,41.794211],[12.255288,41.794282]]}},{"type":"Feature","properties":{},"geometry":{"type":"LineString","coordinates":[[12.295283,41.795215],[12.295399,41.795265],[12.296081,41.79556],[12.296182,41.795601],[12.296275,41.795639],[12.296545,41.795765],[12.296851,41.795725],[12.297028,41.795795],[12.297112,41.795791],[12.297154,41.795742],[12.297138,41.795682],[12.295615,41.795014],[12.29553,41.795018],[12.295482,41.795085],[12.295504,41.795134],[12.296182,41.795428],[12.296363,41.795508],[12.296851,41.795725]]}},{"type":"Feature","properties":{},"geometry":{"type":"LineString","coordinates":[[12.296081,41.79556],[12.296182,41.795428]]}},{"type":"Feature","properties":{},"geometry":{"type":"LineString","coordinates":[[12.296275,41.795639],[12.296363,41.795508]]}},{"type":"Feature","properties":{},"geometry":{"type":"LineString","coordinates":[[12.297947,41.795923],[12.297494,41.795784],[12.297408,41.795784],[12.297344,41.795812],[12.297301,41.795862],[12.297288,41.795924],[12.297288,41.795974],[12.297368,41.796054],[12.297467,41.79613],[12.29754,41.796206],[12.297583,41.796304],[12.297599,41.796384]]}},{"type":"Feature","properties":{},"geometry":{"type":"LineString","coordinates":[[12.27331,41.800612],[12.273252,41.800716],[12.273232,41.800729],[12.273212,41.800727],[12.272843,41.800625],[12.272823,41.800607],[12.272822,41.800592],[12.272887,41.80045],[12.272906,41.800439],[12.273005,41.800466]]}},{"type":"Feature","properties":{},"geometry":{"type":"LineString","coordinates":[[12.271131,41.80021],[12.271918,41.800431],[12.271983,41.800431],[12.272037,41.800394],[12.272484,41.799497],[12.272517,41.799394],[12.272525,41.799331],[12.272505,41.799259],[12.272458,41.799202],[12.272391,41.799158],[12.271851,41.799006],[12.271742,41.798999],[12.271648,41.799012],[12.271573,41.799043],[12.271524,41.799086],[12.27148,41.799126],[12.271436,41.799202],[12.27097,41.800163]]}},{"type":"Feature","properties":{},"geometry":{"type":"LineString","coordinates":[[12.273858,41.800116],[12.273997,41.799864],[12.274079,41.799714],[12.274107,41.799653],[12.274101,41.799624],[12.274094,41.799602],[12.274073,41.799579],[12.274046,41.799563],[12.274019,41.799552],[12.273117,41.799308],[12.273079,41.799304],[12.273049,41.799308],[12.273027,41.799317],[12.273006,41.799333],[12.272992,41.799352],[12.272993,41.799376],[12.272998,41.799396],[12.273015,41.799415],[12.273026,41.799422],[12.273046,41.79943],[12.273319,41.799505],[12.274079,41.799714]]}},{"type":"Feature","properties":{},"geometry":{"type":"LineString","coordinates":[[12.273967,41.800145],[12.273858,41.800116],[12.273565,41.800034]]}},{"type":"Feature","properties":{},"geometry":{"type":"LineString","coordinates":[[12.271131,41.80021],[12.271099,41.800259],[12.271065,41.800285]]}},{"type":"Feature","properties":{},"geometry":{"type":"LineString","coordinates":[[12.27097,41.800163],[12.271131,41.80021]]}},{"type":"Feature","properties":{},"geometry":{"type":"LineString","coordinates":[[12.27097,41.800163],[12.270615,41.800068],[12.270169,41.800985],[12.271547,41.801364],[12.271608,41.801382],[12.271666,41.8014],[12.271715,41.801426],[12.271786,41.801481]]}},{"type":"Feature","properties":{},"geometry":{"type":"LineString","coordinates":[[12.274134,41.800168],[12.273967,41.800145],[12.274108,41.800218]]}},{"type":"Feature","properties":{},"geometry":{"type":"LineString","coordinates":[[12.273997,41.799864],[12.273536,41.799734],[12.273467,41.799715],[12.273357,41.799684],[12.273316,41.799648],[12.27331,41.799597],[12.273319,41.799505]]}},{"type":"Feature","properties":{},"geometry":{"type":"LineString","coordinates":[[12.273291,41.799964],[12.27324,41.799949],[12.27322,41.799927],[12.273206,41.79991],[12.273198,41.79989],[12.273196,41.799871],[12.2732,41.799849],[12.273212,41.799831],[12.273232,41.799813],[12.273258,41.799798],[12.273287,41.799788],[12.273312,41.799785],[12.273353,41.799783],[12.273386,41.799786],[12.273422,41.799797],[12.273493,41.799818],[12.273531,41.799836],[12.273556,41.799854],[12.27357,41.799869],[12.273582,41.799885],[12.273587,41.7999],[12.27359,41.799929],[12.273592,41.799952],[12.273588,41.799979],[12.273577,41.800007],[12.273565,41.800034]]}},{"type":"Feature","properties":{},"geometry":{"type":"LineString","coordinates":[[12.273419,41.799996],[12.273402,41.799992],[12.273361,41.799982],[12.273327,41.799973],[12.273291,41.799964]]}},{"type":"Feature","properties":{},"geometry":{"type":"LineString","coordinates":[[12.273005,41.800466],[12.273048,41.800478]]}},{"type":"Feature","properties":{},"geometry":{"type":"LineString","coordinates":[[12.27358,41.800681],[12.273632,41.800677],[12.273857,41.800731]]}},{"type":"Feature","properties":{},"geometry":{"type":"LineString","coordinates":[[12.255147,41.771538],[12.255076,41.771589],[12.254965,41.77167],[12.254459,41.771487],[12.254438,41.771451],[12.254462,41.771404],[12.25448,41.771384]]}},{"type":"Feature","properties":{},"geometry":{"type":"LineString","coordinates":[[12.297092,41.795509],[12.297237,41.79565],[12.297257,41.795714],[12.297249,41.795766],[12.297218,41.795818],[12.297161,41.795859],[12.297071,41.795878],[12.296969,41.795868],[12.296823,41.79584],[12.296674,41.795827],[12.296503,41.795868]]}},{"type":"Feature","properties":{},"geometry":{"type":"LineString","coordinates":[[12.249042,41.793711],[12.24906,41.793727],[12.249113,41.793782],[12.249185,41.79386],[12.249273,41.793944],[12.249415,41.794048],[12.24963,41.794168],[12.249736,41.794204],[12.249795,41.794215],[12.249911,41.794219],[12.249841,41.794254],[12.24977,41.794261],[12.249728,41.794263],[12.24969,41.794263],[12.249645,41.794262],[12.249593,41.794239],[12.249503,41.794196],[12.249276,41.794095],[12.249174,41.794023],[12.249083,41.793946],[12.249031,41.793892],[12.248999,41.79385],[12.248989,41.793818],[12.249001,41.79378],[12.24902,41.79374],[12.249042,41.793711],[12.249052,41.793676],[12.249065,41.793647],[12.249108,41.793594]]}},{"type":"Feature","properties":{},"geometry":{"type":"LineString","coordinates":[[12.248761,41.792054],[12.248805,41.792029],[12.248864,41.792007],[12.24892,41.791993],[12.248955,41.791987],[12.248995,41.791981],[12.249038,41.791978],[12.249113,41.791973],[12.249147,41.791969],[12.249176,41.791963],[12.249209,41.791955],[12.249238,41.791944],[12.249267,41.791929],[12.249294,41.791917],[12.249326,41.791904],[12.249383,41.791886],[12.249441,41.791883],[12.249496,41.79189],[12.249537,41.791902],[12.249645,41.791938],[12.249736,41.79197],[12.249826,41.792004]]}},{"type":"Feature","properties":{},"geometry":{"type":"LineString","coordinates":[[12.255521,41.794407],[12.255359,41.794623],[12.255299,41.794668],[12.255222,41.794714],[12.254646,41.794981],[12.254159,41.795207],[12.253799,41.795374],[12.253612,41.795463],[12.253472,41.79552],[12.253357,41.795559],[12.253243,41.795592],[12.253117,41.795619],[12.253002,41.795635],[12.252903,41.795646],[12.252762,41.795653],[12.252698,41.795651],[12.252598,41.795649],[12.252446,41.795636],[12.25235,41.79562],[12.25222,41.795594],[12.252066,41.795546],[12.251955,41.795502],[12.251848,41.795452],[12.251742,41.795401],[12.251635,41.795343],[12.251267,41.79514],[12.250868,41.794919],[12.250494,41.794716],[12.250151,41.794534]]}},{"type":"Feature","properties":{},"geometry":{"type":"LineString","coordinates":[[12.250494,41.794716],[12.250609,41.794601]]}},{"type":"Feature","properties":{},"geometry":{"type":"LineString","coordinates":[[12.252891,41.795498],[12.252813,41.795515],[12.252773,41.795526],[12.252589,41.795607],[12.252526,41.795626],[12.252446,41.795636]]}},{"type":"Feature","properties":{},"geometry":{"type":"LineString","coordinates":[[12.251635,41.795343],[12.251601,41.795311],[12.251583,41.795291],[12.251567,41.795259],[12.251542,41.795105]]}},{"type":"Feature","properties":{},"geometry":{"type":"LineString","coordinates":[[12.245173,41.790775],[12.245268,41.790584],[12.245307,41.790494],[12.245349,41.790377],[12.245391,41.790231],[12.245399,41.790199],[12.245414,41.790173],[12.245439,41.790145],[12.245473,41.790128],[12.245512,41.790122],[12.245997,41.790117],[12.246197,41.79013],[12.246301,41.790141],[12.246401,41.79016],[12.246791,41.790257],[12.246914,41.790287],[12.247055,41.790307],[12.248283,41.790419]]}},{"type":"Feature","properties":{},"geometry":{"type":"LineString","coordinates":[[12.244228,41.794074],[12.244199,41.794049],[12.244185,41.794027],[12.244174,41.794],[12.244057,41.793658],[12.244052,41.793641],[12.244047,41.793611],[12.244045,41.793577],[12.244046,41.793551],[12.24405,41.793518],[12.244064,41.793429],[12.244135,41.793118],[12.244162,41.792999],[12.244209,41.792842],[12.244311,41.792573],[12.244379,41.792411],[12.244527,41.792105],[12.244726,41.791703],[12.245173,41.790775],[12.24504,41.790719],[12.244924,41.790681],[12.244779,41.790637],[12.243762,41.79034]]}},{"type":"Feature","properties":{},"geometry":{"type":"LineString","coordinates":[[12.244726,41.791703],[12.246818,41.792015],[12.246891,41.792028],[12.24697,41.792045],[12.247039,41.792062],[12.24711,41.792087],[12.247171,41.79211],[12.247237,41.792141],[12.24765,41.792362],[12.2477,41.792392],[12.247758,41.792431],[12.247808,41.792478],[12.247848,41.792532],[12.247881,41.792594],[12.247933,41.79272],[12.248117,41.793127],[12.248135,41.793181],[12.248143,41.79324],[12.248137,41.793301],[12.248119,41.793362],[12.248012,41.793702],[12.247991,41.793768],[12.247838,41.794243]]}},{"type":"Feature","properties":{},"geometry":{"type":"LineString","coordinates":[[12.247261,41.789404],[12.247598,41.789432],[12.248246,41.789487],[12.248359,41.788815],[12.24847,41.788151],[12.248589,41.787512]]}},{"type":"Feature","properties":{},"geometry":{"type":"LineString","coordinates":[[12.244478,41.788856],[12.243944,41.789917],[12.243793,41.79023],[12.24377,41.790293],[12.243762,41.79034],[12.243763,41.79038],[12.243782,41.790454],[12.243792,41.79051],[12.243789,41.790565],[12.243775,41.79062],[12.243756,41.790667],[12.243228,41.791748],[12.242815,41.792614],[12.242783,41.792675],[12.242745,41.792735],[12.242706,41.792789],[12.242652,41.792849],[12.242605,41.792894],[12.241299,41.794165]]}},{"type":"Feature","properties":{},"geometry":{"type":"LineString","coordinates":[[12.228602,41.800072],[12.228629,41.800081],[12.229248,41.800289],[12.229501,41.800387],[12.2307,41.80084],[12.231695,41.801138],[12.232344,41.801313],[12.232802,41.801461],[12.233181,41.801618],[12.234005,41.802005],[12.234144,41.80207],[12.234538,41.802214],[12.235144,41.802389],[12.235715,41.802553],[12.237129,41.803068],[12.237209,41.80313]]}},{"type":"Feature","properties":{},"geometry":{"type":"LineString","coordinates":[[12.247672,41.790169],[12.24809,41.790204],[12.248143,41.7902],[12.248202,41.790185],[12.248247,41.790155],[12.248311,41.790106]]}},{"type":"Feature","properties":{},"geometry":{"type":"LineString","coordinates":[[12.247991,41.793768],[12.246936,41.793606],[12.246882,41.793605],[12.24679,41.793612],[12.246671,41.793624],[12.246612,41.793625],[12.246531,41.793616],[12.245489,41.793448],[12.245321,41.793464],[12.245257,41.793537],[12.245123,41.793952],[12.246382,41.794171],[12.246507,41.794193],[12.24758,41.794384]]}},{"type":"Feature","properties":{},"geometry":{"type":"LineString","coordinates":[[12.260727,41.810144],[12.260828,41.810188],[12.261013,41.810273],[12.261071,41.810327],[12.261099,41.810394],[12.261097,41.810463],[12.261097,41.81048],[12.261079,41.810562],[12.260831,41.811137],[12.260818,41.811192],[12.260811,41.811255],[12.260827,41.811305],[12.260869,41.811347],[12.260922,41.811375],[12.261042,41.81142],[12.261152,41.811459],[12.261239,41.811481],[12.261315,41.811488],[12.261392,41.811485],[12.261465,41.811456],[12.26152,41.811416],[12.261978,41.810773],[12.26202,41.81073],[12.262089,41.810704],[12.262192,41.810695],[12.262408,41.810735],[12.262504,41.810759],[12.262603,41.810759]]}},{"type":"Feature","properties":{},"geometry":{"type":"LineString","coordinates":[[12.240733,41.797088],[12.239796,41.796827],[12.239761,41.796816],[12.239727,41.796805],[12.239694,41.796792],[12.239661,41.796777],[12.239634,41.796761],[12.239611,41.796743],[12.239594,41.796728],[12.23958,41.796713],[12.239566,41.796689],[12.239555,41.796663],[12.239549,41.79664],[12.239546,41.796623],[12.239546,41.796606],[12.239547,41.796586],[12.239551,41.796568],[12.239555,41.796551],[12.239561,41.796529],[12.239568,41.796509],[12.239575,41.796491],[12.239583,41.796474],[12.240131,41.795365],[12.240674,41.794263],[12.240687,41.794239],[12.2407,41.794219],[12.240716,41.794198],[12.240734,41.794178],[12.240756,41.794158],[12.240781,41.794141],[12.240806,41.794127],[12.240833,41.794116],[12.240862,41.794106],[12.240893,41.794099],[12.240926,41.794095],[12.240962,41.794094],[12.240994,41.794094],[12.241028,41.794097],[12.241056,41.7941],[12.241084,41.794106],[12.241121,41.794115],[12.241299,41.794165],[12.242512,41.794501],[12.242568,41.794516],[12.242587,41.794521],[12.242608,41.794525],[12.242635,41.794529],[12.242659,41.794531],[12.242682,41.79453],[12.242707,41.794528],[12.242728,41.794525],[12.242748,41.79452],[12.243048,41.794443],[12.243173,41.794408],[12.243303,41.794369],[12.243433,41.794329],[12.243537,41.794297],[12.243629,41.794267],[12.243691,41.794247],[12.243715,41.794238],[12.243766,41.794221],[12.243821,41.794203],[12.243991,41.794146],[12.244228,41.794074]]}},{"type":"Feature","properties":{},"geometry":{"type":"LineString","coordinates":[[12.252484,41.807584],[12.253547,41.80564],[12.253739,41.805279]]}},{"type":"Feature","properties":{},"geometry":{"type":"LineString","coordinates":[[12.258302,41.801233],[12.258892,41.801034]]}},{"type":"Feature","properties":{},"geometry":{"type":"LineString","coordinates":[[12.222821,41.81128],[12.222933,41.811311],[12.223028,41.811336],[12.225674,41.812022],[12.226031,41.812114],[12.227615,41.812525]]}},{"type":"Feature","properties":{},"geometry":{"type":"LineString","coordinates":[[12.243228,41.791748],[12.244527,41.792105]]}},{"type":"Feature","properties":{},"geometry":{"type":"LineString","coordinates":[[12.252504,41.797463],[12.252379,41.797458]]}},{"type":"Feature","properties":{},"geometry":{"type":"LineString","coordinates":[[12.253712,41.799611],[12.253402,41.799094]]}},{"type":"Feature","properties":{},"geometry":{"type":"LineString","coordinates":[[12.246884,41.805829],[12.246674,41.805986]]}},{"type":"Feature","properties":{},"geometry":{"type":"LineString","coordinates":[[12.252756,41.799313],[12.253094,41.799824]]}},{"type":"Feature","properties":{},"geometry":{"type":"LineString","coordinates":[[12.246076,41.805174],[12.246971,41.803422]]}},{"type":"Feature","properties":{},"geometry":{"type":"LineString","coordinates":[[12.26157,41.810347],[12.264694,41.803969]]}},{"type":"Feature","properties":{},"geometry":{"type":"LineString","coordinates":[[12.247147,41.79008],[12.247261,41.789404],[12.247305,41.789136],[12.24737,41.788734],[12.247475,41.788063],[12.247577,41.787435]]}},{"type":"Feature","properties":{},"geometry":{"type":"LineString","coordinates":[[12.240733,41.797088],[12.241266,41.797235],[12.242763,41.79765],[12.242838,41.797663],[12.242918,41.797662],[12.242983,41.797651],[12.243036,41.797631],[12.24308,41.797601],[12.243119,41.797563],[12.243154,41.797518],[12.243181,41.797464],[12.244212,41.795378],[12.24423,41.795342],[12.244241,41.795322],[12.244254,41.795304],[12.24427,41.79529],[12.244289,41.79528],[12.244309,41.795271],[12.245182,41.794967],[12.245268,41.794937],[12.245368,41.79491],[12.245552,41.794857],[12.245676,41.794829],[12.245791,41.794814],[12.245879,41.794809],[12.246008,41.794818],[12.246141,41.794842],[12.246229,41.794863],[12.246468,41.794928],[12.246528,41.794945],[12.246626,41.794969],[12.246755,41.795006],[12.24684,41.795042],[12.246913,41.795077],[12.247049,41.795175]]}},{"type":"Feature","properties":{},"geometry":{"type":"LineString","coordinates":[[12.230901,41.812573],[12.232742,41.813015],[12.235416,41.813679]]}},{"type":"Feature","properties":{},"geometry":{"type":"LineString","coordinates":[[12.251677,41.797696],[12.251462,41.797347],[12.251411,41.79727],[12.251325,41.797213],[12.250564,41.796896],[12.25028,41.796775],[12.249838,41.796559],[12.249505,41.796382],[12.249268,41.79623],[12.249148,41.796166],[12.249043,41.796124],[12.248481,41.795945],[12.248446,41.795935]]}},{"type":"Feature","properties":{},"geometry":{"type":"LineString","coordinates":[[12.261042,41.81142],[12.26157,41.810347]]}},{"type":"Feature","properties":{},"geometry":{"type":"LineString","coordinates":[[12.258313,41.800064],[12.258892,41.801034],[12.259114,41.801399]]}},{"type":"Feature","properties":{},"geometry":{"type":"LineString","coordinates":[[12.248295,41.790339],[12.248243,41.790315],[12.248149,41.79027]]}},{"type":"Feature","properties":{},"geometry":{"type":"LineString","coordinates":[[12.248742,41.797932],[12.249505,41.796382]]}},{"type":"Feature","properties":{},"geometry":{"type":"LineString","coordinates":[[12.240733,41.797088],[12.240535,41.797483],[12.240167,41.79822],[12.240092,41.798255],[12.239941,41.798253],[12.239129,41.798031],[12.238739,41.798102],[12.23862,41.798124],[12.238556,41.798129],[12.238498,41.798122],[12.238257,41.798062],[12.238217,41.798144],[12.238027,41.798543]]}},{"type":"Feature","properties":{},"geometry":{"type":"LineString","coordinates":[[12.245705,41.788992],[12.24597,41.787324]]}},{"type":"Feature","properties":{},"geometry":{"type":"LineString","coordinates":[[12.269125,41.802939],[12.269143,41.802977],[12.26917,41.803014],[12.269212,41.803033],[12.269269,41.803054],[12.269336,41.803073],[12.274469,41.804472]]}},{"type":"Feature","properties":{},"geometry":{"type":"LineString","coordinates":[[12.260457,41.797282],[12.260689,41.797644],[12.261058,41.798241],[12.261467,41.798978]]}},{"type":"Feature","properties":{},"geometry":{"type":"LineString","coordinates":[[12.26335,41.798936],[12.263425,41.798994],[12.263526,41.799052],[12.263641,41.7991],[12.263944,41.799183],[12.264949,41.79946],[12.264988,41.799471],[12.265292,41.799555],[12.265609,41.799643],[12.266516,41.799894],[12.266886,41.799991]]}},{"type":"Feature","properties":{},"geometry":{"type":"LineString","coordinates":[[12.251677,41.797696],[12.252693,41.799334],[12.252756,41.799313],[12.253402,41.799094],[12.253489,41.799062],[12.252504,41.797463]]}},{"type":"Feature","properties":{},"geometry":{"type":"LineString","coordinates":[[12.262546,41.796314],[12.262446,41.796444],[12.262397,41.796505],[12.262307,41.796558],[12.261543,41.79683],[12.261475,41.796856],[12.2612,41.796961],[12.261047,41.797045],[12.260924,41.79711],[12.260878,41.797126],[12.26057,41.797235],[12.260457,41.797282],[12.259856,41.797493],[12.258607,41.797932],[12.258309,41.798032],[12.25826,41.798048],[12.257854,41.798174],[12.257489,41.798287],[12.256728,41.798554],[12.255499,41.798995],[12.255205,41.799097],[12.254744,41.799257],[12.254459,41.799354],[12.253712,41.799611],[12.253094,41.799824],[12.25277,41.799936],[12.252107,41.800094],[12.251865,41.800137],[12.251629,41.800165],[12.251581,41.800163],[12.251423,41.800156],[12.251232,41.800103],[12.251094,41.800053],[12.250919,41.799973],[12.250828,41.799888],[12.249879,41.798373],[12.249762,41.798212],[12.249645,41.798159],[12.249392,41.79809],[12.249072,41.798025],[12.248742,41.797932],[12.24809,41.799254],[12.24806,41.799298],[12.248025,41.799343],[12.24796,41.799398],[12.247904,41.799427],[12.247847,41.799436],[12.247783,41.799431],[12.24772,41.799417],[12.245223,41.798728],[12.245151,41.798702],[12.245112,41.798681],[12.245057,41.798644],[12.244996,41.79859],[12.244952,41.798535],[12.244917,41.79847],[12.244894,41.798389],[12.244892,41.798302],[12.244904,41.79824],[12.244927,41.798181],[12.246502,41.794998],[12.246528,41.794945]]}},{"type":"Feature","properties":{},"geometry":{"type":"LineString","coordinates":[[12.254899,41.796248],[12.254631,41.796375],[12.254563,41.796407],[12.254208,41.796613],[12.254035,41.796692],[12.253816,41.796818],[12.253584,41.797016],[12.253452,41.797131],[12.253197,41.797257],[12.252959,41.797332],[12.252504,41.797463]]}},{"type":"Feature","properties":{},"geometry":{"type":"LineString","coordinates":[[12.261341,41.799021],[12.261371,41.799065],[12.261408,41.799123],[12.261644,41.799487],[12.261733,41.799633],[12.262114,41.800233],[12.262122,41.800262],[12.262119,41.8003],[12.2621,41.800341],[12.262069,41.800372],[12.262,41.800408],[12.2617,41.80051],[12.261079,41.800723],[12.260548,41.800908],[12.260345,41.800986],[12.260233,41.801024],[12.259803,41.801165],[12.259748,41.801183],[12.259114,41.801399],[12.258529,41.801595]]}},{"type":"Feature","properties":{},"geometry":{"type":"LineString","coordinates":[[12.24597,41.787324],[12.246007,41.787065],[12.246014,41.787003],[12.245997,41.786951],[12.245961,41.786921],[12.245914,41.786902],[12.244877,41.786666],[12.244804,41.786648],[12.244741,41.786627],[12.244692,41.786599],[12.244656,41.78656],[12.244542,41.786336],[12.244505,41.786286],[12.244461,41.786254],[12.244397,41.786231],[12.243117,41.785931],[12.243044,41.785913],[12.242975,41.785902],[12.242922,41.785904],[12.242873,41.785923],[12.242836,41.785954],[12.242806,41.785998],[12.242379,41.787016],[12.241991,41.787953],[12.24197,41.788007],[12.241961,41.788052],[12.24197,41.78809],[12.241993,41.78813],[12.242035,41.788161],[12.242089,41.788182],[12.244363,41.788827],[12.244478,41.788856],[12.244585,41.788879],[12.244699,41.788898],[12.244831,41.788914],[12.245705,41.788992],[12.246091,41.789023],[12.246228,41.78904],[12.24639,41.789062],[12.247305,41.789136]]}},{"type":"Feature","properties":{},"geometry":{"type":"LineString","coordinates":[[12.244781,41.805467],[12.245623,41.805144],[12.245818,41.805115],[12.246076,41.805174],[12.246246,41.805212],[12.246486,41.80527],[12.246884,41.805829],[12.247073,41.806037],[12.247228,41.806138]]}},{"type":"Feature","properties":{},"geometry":{"type":"LineString","coordinates":[[12.265407,41.7902],[12.263444,41.790894],[12.262664,41.791171],[12.262173,41.790382],[12.262192,41.790287],[12.262251,41.790225],[12.262709,41.790067],[12.262858,41.790077],[12.262961,41.790144],[12.263444,41.790894]]}},{"type":"Feature","properties":{},"geometry":{"type":"LineString","coordinates":[[12.264523,41.792323],[12.265307,41.793538],[12.265513,41.793891],[12.265536,41.793937],[12.265538,41.793998]]}},{"type":"Feature","properties":{},"geometry":{"type":"LineString","coordinates":[[12.244983,41.794291],[12.245026,41.794357],[12.245145,41.79464]]}},{"type":"Feature","properties":{},"geometry":{"type":"LineString","coordinates":[[12.262664,41.791171],[12.263236,41.792067],[12.264012,41.791793]]}},{"type":"Feature","properties":{},"geometry":{"type":"LineString","coordinates":[[12.265726,41.789537],[12.265572,41.789343],[12.26534,41.788967]]}},{"type":"Feature","properties":{},"geometry":{"type":"LineString","coordinates":[[12.263444,41.790894],[12.264012,41.791793],[12.264391,41.792368]]}},{"type":"Feature","properties":{},"geometry":{"type":"LineString","coordinates":[[12.257996,41.791821],[12.258892,41.791512],[12.259294,41.792169],[12.260267,41.793732],[12.26032,41.793775],[12.260402,41.793784],[12.260853,41.793628],[12.264391,41.792368],[12.264523,41.792323],[12.265522,41.791964],[12.266727,41.791534],[12.266941,41.791577],[12.267838,41.792072],[12.267964,41.792064],[12.268136,41.791924],[12.269245,41.790822],[12.269238,41.790744],[12.269132,41.790677],[12.266388,41.789145],[12.266294,41.789121],[12.266177,41.789151],[12.266067,41.789231],[12.265726,41.789537],[12.265721,41.78963],[12.265614,41.789686],[12.265513,41.789725],[12.265275,41.789798],[12.265238,41.789855],[12.265239,41.789914],[12.265407,41.7902],[12.265673,41.790627],[12.265713,41.790657],[12.265766,41.790654],[12.265804,41.790637],[12.266501,41.789938],[12.265726,41.789537]]}},{"type":"Feature","properties":{},"geometry":{"type":"LineString","coordinates":[[12.260029,41.794529],[12.26025,41.794536],[12.26036,41.794515],[12.260517,41.79446],[12.261215,41.794213],[12.261874,41.793974],[12.262132,41.793881],[12.262188,41.793879],[12.262215,41.793904],[12.263078,41.795221]]}},{"type":"Feature","properties":{},"geometry":{"type":"LineString","coordinates":[[12.277458,41.795681],[12.277481,41.795647],[12.277515,41.795617],[12.277553,41.795589],[12.2776,41.795571],[12.277643,41.79556],[12.277702,41.795553],[12.277745,41.795553],[12.277786,41.795559],[12.277823,41.795567],[12.27819,41.79567],[12.278377,41.795721],[12.279689,41.796082],[12.280262,41.796239],[12.280329,41.796265],[12.280378,41.796303],[12.28041,41.796343],[12.28043,41.796395],[12.280432,41.796454],[12.280424,41.796489],[12.280202,41.796955],[12.279718,41.797927],[12.279502,41.798362],[12.279481,41.798395],[12.279415,41.798446],[12.279353,41.798479],[12.279269,41.798496],[12.279182,41.79849],[12.278606,41.798332],[12.277276,41.797965],[12.277049,41.797902],[12.276699,41.797804],[12.276641,41.797785],[12.276575,41.79774],[12.276539,41.797696],[12.276513,41.797625],[12.276533,41.797547],[12.276585,41.797367],[12.276629,41.797278],[12.276668,41.7972],[12.276727,41.79708],[12.276747,41.796851],[12.276727,41.796802],[12.276685,41.796756],[12.276607,41.796714],[12.276527,41.796688],[12.275568,41.79644],[12.275265,41.796362]]}},{"type":"Feature","properties":{},"geometry":{"type":"LineString","coordinates":[[12.238307,41.774284],[12.238368,41.774212],[12.238483,41.774074],[12.238582,41.773955],[12.23867,41.773851]]}},{"type":"Feature","properties":{},"geometry":{"type":"LineString","coordinates":[[12.238994,41.774317],[12.238483,41.774074]]}},{"type":"Feature","properties":{},"geometry":{"type":"LineString","coordinates":[[12.239124,41.774217],[12.238582,41.773955]]}},{"type":"Feature","properties":{},"geometry":{"type":"LineString","coordinates":[[12.238817,41.774405],[12.238368,41.774212]]}},{"type":"Feature","properties":{},"geometry":{"type":"LineString","coordinates":[[12.25196,41.774303],[12.251976,41.77424],[12.251986,41.7742],[12.252093,41.773765]]}},{"type":"Feature","properties":{},"geometry":{"type":"LineString","coordinates":[[12.253317,41.774503],[12.253342,41.77444],[12.253356,41.774406],[12.253465,41.774134]]}},{"type":"Feature","properties":{},"geometry":{"type":"LineString","coordinates":[[12.247038,41.77359],[12.24706,41.773501],[12.247094,41.773368]]}},{"type":"Feature","properties":{},"geometry":{"type":"LineString","coordinates":[[12.250392,41.774077],[12.250405,41.774023],[12.250414,41.773987],[12.25048,41.773715]]}},{"type":"Feature","properties":{},"geometry":{"type":"LineString","coordinates":[[12.237905,41.781338],[12.237066,41.781347],[12.237023,41.781402],[12.236871,41.78163]]}},{"type":"Feature","properties":{},"geometry":{"type":"LineString","coordinates":[[12.242086,41.77183],[12.242095,41.771788],[12.242111,41.771716],[12.242418,41.771761]]}},{"type":"Feature","properties":{"name":"Piazzale Caduti Italiani in Bosnia"},"geometry":{"type":"LineString","coordinates":[[12.273713,41.801025],[12.27354,41.801246],[12.273335,41.801636]]}},{"type":"Feature","properties":{"name":"Piazzale Caduti Italiani in Bosnia"},"geometry":{"type":"LineString","coordinates":[[12.273335,41.801636],[12.273281,41.801737]]}},{"type":"Feature","properties":{"name":"Piazzale Caduti Italiani in Bosnia"},"geometry":{"type":"LineString","coordinates":[[12.271853,41.801344],[12.271903,41.801242]]}},{"type":"Feature","properties":{"name":"Piazzale Caduti Italiani in Bosnia"},"geometry":{"type":"LineString","coordinates":[[12.271903,41.801242],[12.27215,41.800709],[12.272202,41.800597]]}},{"type":"Feature","properties":{"name":"Piazzale Caduti Italiani in Bosnia"},"geometry":{"type":"LineString","coordinates":[[12.273281,41.801737],[12.272995,41.802266],[12.271591,41.801885],[12.271786,41.801481],[12.271853,41.801344]]}},{"type":"Feature","properties":{},"geometry":{"type":"LineString","coordinates":[[12.298073,41.796436],[12.298177,41.796311]]}},{"type":"Feature","properties":{},"geometry":{"type":"LineString","coordinates":[[12.299776,41.797015],[12.299671,41.797132]]}},{"type":"Feature","properties":{},"geometry":{"type":"LineString","coordinates":[[12.298724,41.796719],[12.298658,41.796741],[12.298609,41.796782],[12.298132,41.796572],[12.298093,41.796519],[12.298087,41.796482],[12.298073,41.796436]]}},{"type":"Feature","properties":{},"geometry":{"type":"LineString","coordinates":[[12.297801,41.796146],[12.297451,41.795997]]}},{"type":"Feature","properties":{},"geometry":{"type":"LineString","coordinates":[[12.295445,41.795408],[12.295324,41.795441]]}},{"type":"Feature","properties":{},"geometry":{"type":"LineString","coordinates":[[12.295399,41.795265],[12.295415,41.79533],[12.295445,41.795408],[12.295799,41.795567]]}},{"type":"Feature","properties":{},"geometry":{"type":"LineString","coordinates":[[12.298632,41.800314],[12.29865,41.800312],[12.298669,41.800314],[12.298685,41.800321],[12.298698,41.800331],[12.298706,41.800344],[12.298708,41.800358],[12.298705,41.800371],[12.298695,41.800384],[12.29868,41.800394],[12.298661,41.800399],[12.298641,41.8004],[12.298622,41.800395],[12.298605,41.800386],[12.298595,41.800373],[12.29859,41.800358],[12.298592,41.800343],[12.298601,41.80033],[12.298615,41.80032],[12.298632,41.800314]]}},{"type":"Feature","properties":{},"geometry":{"type":"LineString","coordinates":[[12.299332,41.800804],[12.299424,41.800693],[12.298695,41.800384]]}},{"type":"Feature","properties":{},"geometry":{"type":"LineString","coordinates":[[12.300354,41.801112],[12.299569,41.800772]]}},{"type":"Feature","properties":{},"geometry":{"type":"LineString","coordinates":[[12.297633,41.795144],[12.297612,41.795223],[12.297625,41.795325],[12.297659,41.795491],[12.297685,41.795635],[12.297744,41.795714]]}},{"type":"Feature","properties":{},"geometry":{"type":"LineString","coordinates":[[12.296846,41.795273],[12.296927,41.795271],[12.29701,41.795225],[12.297085,41.795148],[12.297142,41.79509],[12.297204,41.795044],[12.297297,41.795024],[12.297367,41.795012],[12.297473,41.795007],[12.297571,41.795036],[12.297641,41.795094],[12.297633,41.795144]]}},{"type":"Feature","properties":{},"geometry":{"type":"LineString","coordinates":[[12.299277,41.796567],[12.299168,41.796542],[12.298846,41.796458],[12.298641,41.796386],[12.298241,41.796225],[12.298049,41.796141]]}},{"type":"Feature","properties":{},"geometry":{"type":"LineString","coordinates":[[12.298049,41.796141],[12.298022,41.79613],[12.29799,41.79612],[12.29797,41.796114],[12.297943,41.796112],[12.297925,41.796113]]}},{"type":"Feature","properties":{},"geometry":{"type":"LineString","coordinates":[[12.288323,41.792085],[12.287903,41.792639],[12.287731,41.79256],[12.288158,41.792013],[12.288323,41.792085],[12.288497,41.792161],[12.288679,41.792241],[12.288788,41.792283],[12.288815,41.792325],[12.288792,41.792388],[12.28845,41.792824],[12.288416,41.792852],[12.288364,41.792848],[12.288231,41.792794],[12.288679,41.792241]]}},{"type":"Feature","properties":{},"geometry":{"type":"LineString","coordinates":[[12.289174,41.792332],[12.289038,41.792273],[12.288961,41.792243],[12.28875,41.792149],[12.288224,41.791922],[12.288013,41.791831],[12.28797,41.791792],[12.287963,41.791739],[12.288028,41.791655],[12.288127,41.791528],[12.28823,41.791395],[12.289307,41.791866],[12.289326,41.791905],[12.289329,41.791962],[12.289305,41.792032]]}},{"type":"Feature","properties":{},"geometry":{"type":"LineString","coordinates":[[12.28875,41.792149],[12.288679,41.792241]]}},{"type":"Feature","properties":{},"geometry":{"type":"LineString","coordinates":[[12.288224,41.791922],[12.288158,41.792013]]}},{"type":"Feature","properties":{},"geometry":{"type":"LineString","coordinates":[[12.288127,41.791528],[12.289305,41.792032]]}},{"type":"Feature","properties":{},"geometry":{"type":"LineString","coordinates":[[12.288378,41.791193],[12.288314,41.791282],[12.28823,41.791395]]}},{"type":"Feature","properties":{},"geometry":{"type":"LineString","coordinates":[[12.288028,41.791655],[12.289117,41.792131]]}},{"type":"Feature","properties":{},"geometry":{"type":"LineString","coordinates":[[12.287479,41.793479],[12.287375,41.793438],[12.287347,41.793405],[12.287354,41.793351],[12.287903,41.792639],[12.288073,41.79272],[12.288497,41.792161]]}},{"type":"Feature","properties":{},"geometry":{"type":"LineString","coordinates":[[12.288159,41.793359],[12.288075,41.793315],[12.287906,41.79323],[12.28771,41.793486],[12.287653,41.793529],[12.287586,41.793524],[12.287479,41.793479],[12.288073,41.79272],[12.288231,41.792794],[12.287906,41.79323]]}},{"type":"Feature","properties":{},"geometry":{"type":"LineString","coordinates":[[12.292813,41.839996],[12.293535,41.840431],[12.293637,41.840341],[12.293734,41.840254],[12.293838,41.840162],[12.293568,41.839999],[12.293549,41.839993],[12.293537,41.839993],[12.293521,41.839997],[12.293506,41.840005],[12.293415,41.840059],[12.293007,41.839806]]}},{"type":"Feature","properties":{},"geometry":{"type":"LineString","coordinates":[[12.289771,41.83859],[12.289874,41.838496],[12.289887,41.838482],[12.289898,41.83847],[12.289909,41.838452],[12.289919,41.838436],[12.289936,41.838402],[12.289954,41.838373],[12.289979,41.838342],[12.290171,41.838147],[12.290182,41.838137],[12.290196,41.83813],[12.290211,41.838124],[12.290225,41.838121],[12.29024,41.838121],[12.290255,41.838124],[12.290271,41.838129],[12.290284,41.838135],[12.290561,41.838295],[12.290572,41.838303],[12.29058,41.838311],[12.290581,41.838322],[12.290578,41.838333],[12.29057,41.838346],[12.290567,41.838358],[12.290569,41.838369],[12.290575,41.838378],[12.290586,41.838387],[12.290815,41.838523],[12.290833,41.838532],[12.290854,41.838542],[12.290871,41.838548],[12.290889,41.838553],[12.291025,41.838584],[12.291073,41.838597],[12.291129,41.838614],[12.29119,41.838635],[12.291203,41.83864],[12.291214,41.838646],[12.291225,41.838652],[12.291233,41.838659],[12.291241,41.838673],[12.291244,41.838688],[12.291241,41.838707],[12.291235,41.838717],[12.291229,41.838726],[12.29122,41.838735],[12.290892,41.839043]]}},{"type":"Feature","properties":{},"geometry":{"type":"LineString","coordinates":[[12.292504,41.840011],[12.292567,41.840023],[12.292588,41.840026],[12.292611,41.840028],[12.29263,41.840027],[12.292651,41.840026],[12.292813,41.839996],[12.292911,41.8399],[12.293007,41.839806],[12.293053,41.839762],[12.292792,41.839602],[12.292377,41.83933],[12.292483,41.83924],[12.292525,41.839187],[12.292553,41.839141],[12.292582,41.839092],[12.292631,41.839031],[12.292926,41.83923],[12.293031,41.839205]]}},{"type":"Feature","properties":{},"geometry":{"type":"LineString","coordinates":[[12.293415,41.840059],[12.293734,41.840254]]}},{"type":"Feature","properties":{},"geometry":{"type":"LineString","coordinates":[[12.293637,41.840341],[12.292911,41.8399]]}},{"type":"Feature","properties":{},"geometry":{"type":"LineString","coordinates":[[12.292553,41.839141],[12.292859,41.839338],[12.292926,41.83923]]}},{"type":"Feature","properties":{},"geometry":{"type":"LineString","coordinates":[[12.292859,41.839338],[12.292798,41.839441],[12.292483,41.83924]]}},{"type":"Feature","properties":{},"geometry":{"type":"LineString","coordinates":[[12.297774,41.807649],[12.297854,41.807744],[12.297867,41.807764],[12.297877,41.807785],[12.297883,41.807806],[12.297887,41.807828],[12.297881,41.807985]]}},{"type":"Feature","properties":{},"geometry":{"type":"LineString","coordinates":[[12.29861,41.807613],[12.298473,41.807601],[12.298419,41.807599],[12.298347,41.807603],[12.298305,41.80761],[12.298265,41.807618],[12.298229,41.807629],[12.298196,41.807641],[12.298163,41.80766],[12.29813,41.807683],[12.298098,41.807715],[12.298023,41.807799],[12.297881,41.807985],[12.297839,41.808052],[12.297807,41.808092],[12.297771,41.808117],[12.297732,41.808137],[12.297682,41.808153],[12.297625,41.80816],[12.297535,41.808164]]}},{"type":"Feature","properties":{},"geometry":{"type":"LineString","coordinates":[[12.220563,41.771657],[12.220012,41.771663],[12.219426,41.771669],[12.21929,41.771674],[12.218519,41.771699],[12.218338,41.771704]]}},{"type":"Feature","properties":{},"geometry":{"type":"LineString","coordinates":[[12.24543,41.779007],[12.244963,41.778792],[12.244492,41.778598]]}},{"type":"Feature","properties":{},"geometry":{"type":"LineString","coordinates":[[12.244699,41.779864],[12.24478,41.779825],[12.24543,41.779007],[12.246038,41.778248]]}},{"type":"Feature","properties":{},"geometry":{"type":"LineString","coordinates":[[12.231283,41.796331],[12.232488,41.796621],[12.232564,41.796639],[12.233593,41.796886]]}},{"type":"Feature","properties":{},"geometry":{"type":"LineString","coordinates":[[12.235292,41.787231],[12.236382,41.787479]]}},{"type":"Feature","properties":{},"geometry":{"type":"LineString","coordinates":[[12.217623,41.81185],[12.217161,41.812959]]}},{"type":"Feature","properties":{},"geometry":{"type":"LineString","coordinates":[[12.21176,41.81421],[12.211904,41.813847],[12.212077,41.813412]]}},{"type":"Feature","properties":{},"geometry":{"type":"LineString","coordinates":[[12.211988,41.816166],[12.211472,41.816044]]}},{"type":"Feature","properties":{},"geometry":{"type":"LineString","coordinates":[[12.285074,41.832572],[12.284959,41.832492],[12.284804,41.832518]]}},{"type":"Feature","properties":{},"geometry":{"type":"LineString","coordinates":[[12.21965,41.798237],[12.221225,41.798613],[12.221702,41.798705],[12.22179,41.798729],[12.227615,41.800443],[12.227856,41.800514]]}},{"type":"Feature","properties":{"name":"Via Sandro Pertini"},"geometry":{"type":"LineString","coordinates":[[12.236204,41.773719],[12.236334,41.773758],[12.236196,41.774019],[12.236121,41.773997],[12.236064,41.77398],[12.235916,41.773937],[12.236054,41.773675],[12.236141,41.773701],[12.236204,41.773719]]}},{"type":"Feature","properties":{},"geometry":{"type":"LineString","coordinates":[[12.215098,41.807704],[12.215203,41.807706],[12.215233,41.807603],[12.215141,41.807572]]}},{"type":"Feature","properties":{},"geometry":{"type":"LineString","coordinates":[[12.233361,41.772643],[12.233673,41.772632],[12.234593,41.772647],[12.234557,41.772534],[12.234183,41.772265],[12.233662,41.77201],[12.233475,41.77199]]}},{"type":"Feature","properties":{},"geometry":{"type":"LineString","coordinates":[[12.226577,41.785707],[12.226442,41.785789],[12.226224,41.785922],[12.225767,41.786201]]}},{"type":"Feature","properties":{},"geometry":{"type":"LineString","coordinates":[[12.226442,41.785789],[12.226725,41.786046],[12.226776,41.786026],[12.227014,41.786255],[12.226695,41.786434],[12.226466,41.78622],[12.226401,41.786088],[12.226224,41.785922]]}},{"type":"Feature","properties":{},"geometry":{"type":"LineString","coordinates":[[12.25916,41.775207],[12.259191,41.775348]]}},{"type":"Feature","properties":{},"geometry":{"type":"LineString","coordinates":[[12.258437,41.77512],[12.258442,41.775048],[12.259145,41.775053],[12.259161,41.775053],[12.25916,41.775207]]}},{"type":"Feature","properties":{},"geometry":{"type":"LineString","coordinates":[[12.252399,41.783445],[12.25242,41.783509],[12.252452,41.78356],[12.252498,41.783603],[12.252515,41.783626],[12.252531,41.783658],[12.252537,41.783775],[12.252531,41.783796],[12.252514,41.783817],[12.25247,41.783842],[12.252448,41.783865],[12.25242,41.783931]]}},{"type":"Feature","properties":{},"geometry":{"type":"LineString","coordinates":[[12.252432,41.784198],[12.252561,41.784274],[12.252564,41.78446],[12.252537,41.784484],[12.252387,41.784617]]}},{"type":"Feature","properties":{},"geometry":{"type":"LineString","coordinates":[[12.251776,41.784255],[12.251675,41.784163],[12.251577,41.784074],[12.251603,41.783931],[12.251801,41.783859]]}},{"type":"Feature","properties":{},"geometry":{"type":"LineString","coordinates":[[12.251572,41.794658],[12.251272,41.79447],[12.25035,41.793958],[12.249952,41.793744],[12.249728,41.79366],[12.249592,41.793594],[12.249469,41.793513]]}},{"type":"Feature","properties":{},"geometry":{"type":"LineString","coordinates":[[12.250564,41.791869],[12.250644,41.791853],[12.25068,41.791851],[12.250729,41.791847],[12.25082,41.791847],[12.250908,41.791857],[12.251009,41.791876],[12.251877,41.792115],[12.252071,41.79215],[12.252251,41.792175],[12.252428,41.792184],[12.252542,41.792189],[12.252604,41.792198],[12.252643,41.79221],[12.252676,41.792226]]}},{"type":"Feature","properties":{},"geometry":{"type":"LineString","coordinates":[[12.252949,41.79267],[12.253029,41.792587],[12.253404,41.792198],[12.25355,41.792276],[12.253749,41.792382],[12.253907,41.792442],[12.254083,41.792492],[12.254273,41.792527],[12.254461,41.792557],[12.253908,41.793129],[12.253768,41.793049],[12.253625,41.792967],[12.253462,41.792903],[12.253296,41.79285],[12.253096,41.792746],[12.252949,41.79267]]}},{"type":"Feature","properties":{},"geometry":{"type":"LineString","coordinates":[[12.25039,41.79206],[12.250331,41.792052],[12.250279,41.79203],[12.250239,41.791996],[12.250216,41.791955],[12.250211,41.791911],[12.250226,41.791867],[12.250259,41.79183],[12.250306,41.791803],[12.250363,41.791788],[12.250423,41.791787],[12.250481,41.791802],[12.25053,41.79183],[12.250564,41.791869],[12.250577,41.791906],[12.250576,41.791944],[12.250563,41.791978],[12.250538,41.792009],[12.250503,41.792034],[12.25045,41.792054],[12.25039,41.79206]]}},{"type":"Feature","properties":{},"geometry":{"type":"LineString","coordinates":[[12.252952,41.792545],[12.253029,41.792587]]}},{"type":"Feature","properties":{},"geometry":{"type":"LineString","coordinates":[[12.250056,41.793215],[12.250842,41.792392]]}},{"type":"Feature","properties":{},"geometry":{"type":"LineString","coordinates":[[12.253625,41.792967],[12.254083,41.792492]]}},{"type":"Feature","properties":{},"geometry":{"type":"LineString","coordinates":[[12.249563,41.792971],[12.250269,41.792248]]}},{"type":"Feature","properties":{},"geometry":{"type":"LineString","coordinates":[[12.24957,41.793204],[12.249728,41.793041],[12.250411,41.792343]]}},{"type":"Feature","properties":{},"geometry":{"type":"LineString","coordinates":[[12.253462,41.792903],[12.25303,41.792904]]}},{"type":"Feature","properties":{},"geometry":{"type":"LineString","coordinates":[[12.249699,41.793335],[12.249896,41.79313],[12.250632,41.792368]]}},{"type":"Feature","properties":{},"geometry":{"type":"LineString","coordinates":[[12.253096,41.792746],[12.25355,41.792276]]}},{"type":"Feature","properties":{},"geometry":{"type":"LineString","coordinates":[[12.253296,41.79285],[12.253749,41.792382]]}},{"type":"Feature","properties":{},"geometry":{"type":"LineString","coordinates":[[12.252696,41.792405],[12.252952,41.792545]]}},{"type":"Feature","properties":{},"geometry":{"type":"LineString","coordinates":[[12.253907,41.792442],[12.253462,41.792903]]}},{"type":"Feature","properties":{},"geometry":{"type":"LineString","coordinates":[[12.252565,41.792333],[12.252696,41.792405]]}},{"type":"Feature","properties":{},"geometry":{"type":"LineString","coordinates":[[12.253768,41.793049],[12.254273,41.792527]]}},{"type":"Feature","properties":{},"geometry":{"type":"LineString","coordinates":[[12.250366,41.79338],[12.251282,41.792443]]}},{"type":"Feature","properties":{},"geometry":{"type":"LineString","coordinates":[[12.250212,41.793298],[12.251057,41.792417]]}},{"type":"Feature","properties":{},"geometry":{"type":"LineString","coordinates":[[12.256119,41.792598],[12.256254,41.792653],[12.256358,41.792706],[12.256478,41.792782],[12.256538,41.792831],[12.256591,41.792896],[12.256618,41.792944],[12.25663,41.793005],[12.25663,41.793137],[12.256611,41.793279],[12.256574,41.793419],[12.256521,41.79354],[12.256478,41.793622],[12.256421,41.793705],[12.256346,41.793809],[12.256257,41.793902],[12.256081,41.794032],[12.256024,41.794072],[12.25599,41.794085],[12.255938,41.794103]]}},{"type":"Feature","properties":{},"geometry":{"type":"LineString","coordinates":[[12.250576,41.791944],[12.250734,41.791968],[12.250996,41.792007],[12.251877,41.792115]]}},{"type":"Feature","properties":{"name":"Via Giuseppe Gabrielli"},"geometry":{"type":"LineString","coordinates":[[12.257069,41.793321],[12.256806,41.793677],[12.256585,41.793964],[12.256508,41.794062]]}},{"type":"Feature","properties":{},"geometry":{"type":"LineString","coordinates":[[12.250423,41.791787],[12.250446,41.791758],[12.250485,41.791732],[12.250535,41.791716],[12.25061,41.791704],[12.25065,41.791701],[12.250707,41.791697],[12.250831,41.791699],[12.25095,41.791714],[12.252031,41.791992],[12.252184,41.792021],[12.252336,41.792037],[12.252494,41.792043],[12.252633,41.79204],[12.252664,41.792044],[12.2527,41.792056],[12.252721,41.792069],[12.252742,41.792097],[12.252743,41.792122],[12.252736,41.792156],[12.25271,41.792193],[12.252676,41.792226],[12.252565,41.792333],[12.252514,41.792361],[12.252466,41.792376],[12.252421,41.792384],[12.252367,41.792386],[12.252314,41.792382],[12.252268,41.792369],[12.252154,41.792333],[12.25201,41.792294],[12.251871,41.792271],[12.250724,41.792109],[12.250661,41.7921],[12.25059,41.792086],[12.250536,41.792061],[12.250503,41.792034]]}},{"type":"Feature","properties":{"name":"Via Francesco Baracca"},"geometry":{"type":"LineString","coordinates":[[12.256798,41.791796],[12.256459,41.793309]]}},{"type":"Feature","properties":{"name":"Via dei Polpi"},"geometry":{"type":"LineString","coordinates":[[12.220531,41.80134],[12.220497,41.801427],[12.220347,41.801808]]}},{"type":"Feature","properties":{"name":"Via dei Polpi"},"geometry":{"type":"LineString","coordinates":[[12.221408,41.801522],[12.221316,41.801744]]}},{"type":"Feature","properties":{"name":"Via dei Polpi"},"geometry":{"type":"LineString","coordinates":[[12.219449,41.801116],[12.219272,41.801584]]}},{"type":"Feature","properties":{"name":"Via dei Polpi"},"geometry":{"type":"LineString","coordinates":[[12.222019,41.801654],[12.221921,41.8019]]}},{"type":"Feature","properties":{"name":"Via dei Polpi"},"geometry":{"type":"LineString","coordinates":[[12.225244,41.802602],[12.225353,41.802352]]}},{"type":"Feature","properties":{"name":"Via dei Polpi"},"geometry":{"type":"LineString","coordinates":[[12.224654,41.802452],[12.224743,41.802225]]}},{"type":"Feature","properties":{"name":"Via dei Polpi"},"geometry":{"type":"LineString","coordinates":[[12.22405,41.802334],[12.224155,41.802101]]}},{"type":"Feature","properties":{"name":"Via delle Pinne"},"geometry":{"type":"LineString","coordinates":[[12.22334,41.804845],[12.223453,41.804549]]}},{"type":"Feature","properties":{"name":"Via delle Pinne"},"geometry":{"type":"LineString","coordinates":[[12.222621,41.804692],[12.222736,41.804408]]}},{"type":"Feature","properties":{"name":"Via delle Pinne"},"geometry":{"type":"LineString","coordinates":[[12.221108,41.80437],[12.221213,41.804102]]}},{"type":"Feature","properties":{"name":"Via delle Pinne"},"geometry":{"type":"LineString","coordinates":[[12.223793,41.804941],[12.2234,41.805949],[12.224779,41.806261]]}},{"type":"Feature","properties":{"name":"Via delle Pinne"},"geometry":{"type":"LineString","coordinates":[[12.223393,41.804856],[12.22289,41.806169]]}},{"type":"Feature","properties":{"name":"Via delle Pinne"},"geometry":{"type":"LineString","coordinates":[[12.222858,41.804743],[12.222672,41.805205],[12.222626,41.805321]]}},{"type":"Feature","properties":{"name":"Via delle Pinne"},"geometry":{"type":"LineString","coordinates":[[12.222651,41.804699],[12.222477,41.805165],[12.222275,41.805705]]}},{"type":"Feature","properties":{"name":"Via delle Pinne"},"geometry":{"type":"LineString","coordinates":[[12.222477,41.805165],[12.222672,41.805205]]}},{"type":"Feature","properties":{"name":"Via del Consorzio Focense"},"geometry":{"type":"LineString","coordinates":[[12.222167,41.807463],[12.222567,41.806171]]}},{"type":"Feature","properties":{"name":"Piazzale Bettino Craxi"},"geometry":{"type":"LineString","coordinates":[[12.237934,41.775114],[12.238167,41.775114],[12.238268,41.775114],[12.23832,41.7751],[12.238354,41.775072],[12.238374,41.775032],[12.238365,41.774978],[12.238365,41.774902],[12.238381,41.774832],[12.238407,41.774766],[12.23844,41.774692],[12.238485,41.774632],[12.238509,41.774588],[12.238509,41.774542],[12.238484,41.774504],[12.23839,41.774462],[12.238201,41.774378]]}},{"type":"Feature","properties":{"name":"Piazzale Bettino Craxi"},"geometry":{"type":"LineString","coordinates":[[12.238167,41.775114],[12.23815,41.775002],[12.23815,41.774898],[12.238164,41.77481],[12.238198,41.774718],[12.238253,41.774628],[12.238328,41.774528],[12.23839,41.774462]]}},{"type":"Feature","properties":{"name":"Largo dello Spinarello"},"geometry":{"type":"LineString","coordinates":[[12.234399,41.77404],[12.234412,41.774114],[12.234602,41.774168]]}},{"type":"Feature","properties":{"name":"Piazzale Romeo Pozzoli"},"geometry":{"type":"LineString","coordinates":[[12.22317,41.770125],[12.223136,41.770193],[12.223036,41.770307],[12.222906,41.770454],[12.22281,41.770514],[12.222726,41.770541],[12.222555,41.77057]]}},{"type":"Feature","properties":{"name":"Piazzale Enrico Molinari"},"geometry":{"type":"LineString","coordinates":[[12.222591,41.770231],[12.222475,41.770145],[12.222395,41.770114],[12.2218,41.77013],[12.221774,41.769645],[12.222214,41.769619],[12.222331,41.769614]]}},{"type":"Feature","properties":{},"geometry":{"type":"LineString","coordinates":[[12.226764,41.776475],[12.226717,41.77652],[12.226864,41.776627],[12.22692,41.776585]]}},{"type":"Feature","properties":{},"geometry":{"type":"LineString","coordinates":[[12.224626,41.779035],[12.224279,41.779037]]}},{"type":"Feature","properties":{},"geometry":{"type":"LineString","coordinates":[[12.259456,41.788534],[12.259366,41.788482],[12.258258,41.787852]]}},{"type":"Feature","properties":{},"geometry":{"type":"LineString","coordinates":[[12.258258,41.787852],[12.258127,41.787777],[12.258103,41.787727],[12.258111,41.787689],[12.258886,41.786931],[12.258923,41.786921],[12.258969,41.786923],[12.259015,41.786951],[12.259024,41.786991],[12.259007,41.787029],[12.258242,41.787769],[12.258192,41.787787],[12.258127,41.787777]]}},{"type":"Feature","properties":{"name":"Via Carlo Negri"},"geometry":{"type":"LineString","coordinates":[[12.259248,41.789223],[12.25944,41.789153],[12.25948,41.789095],[12.260663,41.788662]]}},{"type":"Feature","properties":{"name":"Piazzale Almerico da Schio"},"geometry":{"type":"LineString","coordinates":[[12.260257,41.790764],[12.26017,41.790841],[12.258859,41.791305]]}},{"type":"Feature","properties":{},"geometry":{"type":"LineString","coordinates":[[12.238035,41.820951],[12.237929,41.820877],[12.237842,41.820798],[12.237756,41.820684],[12.2377,41.82057],[12.237684,41.820444],[12.237686,41.820306],[12.237718,41.820206],[12.237788,41.82009],[12.237877,41.819983],[12.237976,41.819897],[12.238124,41.819826],[12.238276,41.819779],[12.238437,41.819745],[12.238622,41.819731],[12.238909,41.819759],[12.239003,41.819787],[12.239126,41.819832]]}},{"type":"Feature","properties":{},"geometry":{"type":"LineString","coordinates":[[12.225845,41.825896],[12.225405,41.825646],[12.225343,41.825584],[12.225279,41.825544],[12.225225,41.825527],[12.22508,41.825503],[12.224952,41.825409],[12.224349,41.825059],[12.224191,41.824977],[12.22375,41.824748],[12.223572,41.824635],[12.223437,41.824527],[12.223363,41.824499],[12.223256,41.824461],[12.223141,41.824389],[12.223109,41.824372],[12.223001,41.824289],[12.222827,41.824203],[12.222742,41.824135]]}},{"type":"Feature","properties":{},"geometry":{"type":"LineString","coordinates":[[12.256536,41.843072],[12.258607,41.844209]]}},{"type":"Feature","properties":{},"geometry":{"type":"LineString","coordinates":[[12.204214,41.859636],[12.204486,41.85928]]}},{"type":"Feature","properties":{},"geometry":{"type":"LineString","coordinates":[[12.207381,41.840154],[12.207383,41.840265],[12.207735,41.840399]]}},{"type":"Feature","properties":{"name":"Piazza Pedaso"},"geometry":{"type":"LineString","coordinates":[[12.204104,41.834048],[12.204534,41.833377]]}},{"type":"Feature","properties":{"name":"Largo Arbatax"},"geometry":{"type":"LineString","coordinates":[[12.210647,41.845501],[12.210947,41.845634],[12.210743,41.845863],[12.210729,41.845753],[12.210657,41.845671],[12.210547,41.845624]]}},{"type":"Feature","properties":{"name":"Via Quinto sul Mare"},"geometry":{"type":"LineString","coordinates":[[12.205714,41.851025],[12.20583,41.851277]]}},{"type":"Feature","properties":{},"geometry":{"type":"LineString","coordinates":[[12.279361,41.819301],[12.279234,41.819226]]}},{"type":"Feature","properties":{},"geometry":{"type":"LineString","coordinates":[[12.279784,41.818681],[12.279912,41.818751],[12.279361,41.819301],[12.278818,41.819842],[12.278273,41.820386],[12.278127,41.820319]]}},{"type":"Feature","properties":{},"geometry":{"type":"LineString","coordinates":[[12.278818,41.819842],[12.278688,41.819765]]}},{"type":"Feature","properties":{},"geometry":{"type":"LineString","coordinates":[[12.279583,41.817436],[12.279519,41.8175],[12.279391,41.817626]]}},{"type":"Feature","properties":{},"geometry":{"type":"LineString","coordinates":[[12.278909,41.817048],[12.278839,41.817123],[12.279519,41.8175],[12.280067,41.817804],[12.280132,41.817745]]}},{"type":"Feature","properties":{},"geometry":{"type":"LineString","coordinates":[[12.283857,41.820371],[12.283938,41.820105],[12.284059,41.819983]]}},{"type":"Feature","properties":{},"geometry":{"type":"LineString","coordinates":[[12.283857,41.820371],[12.282356,41.819506],[12.280778,41.818597],[12.280954,41.818419],[12.281085,41.818285]]}},{"type":"Feature","properties":{},"geometry":{"type":"LineString","coordinates":[[12.282356,41.819506],[12.282557,41.819324]]}},{"type":"Feature","properties":{},"geometry":{"type":"LineString","coordinates":[[12.283938,41.820105],[12.282557,41.819324],[12.280954,41.818419]]}},{"type":"Feature","properties":{},"geometry":{"type":"LineString","coordinates":[[12.287977,41.822697],[12.286387,41.821785],[12.28456,41.820736],[12.284667,41.820516],[12.284739,41.82037]]}},{"type":"Feature","properties":{},"geometry":{"type":"LineString","coordinates":[[12.287977,41.822697],[12.288175,41.822513],[12.288304,41.822393]]}},{"type":"Feature","properties":{},"geometry":{"type":"LineString","coordinates":[[12.286387,41.821785],[12.286577,41.821603]]}},{"type":"Feature","properties":{},"geometry":{"type":"LineString","coordinates":[[12.288175,41.822513],[12.286577,41.821603],[12.284667,41.820516]]}},{"type":"Feature","properties":{},"geometry":{"type":"LineString","coordinates":[[12.2869,41.8246],[12.287392,41.824868],[12.287516,41.824945],[12.287682,41.82505],[12.286818,41.825919],[12.286633,41.825819],[12.287516,41.824945]]}},{"type":"Feature","properties":{},"geometry":{"type":"LineString","coordinates":[[12.287286,41.824216],[12.287159,41.824142],[12.288063,41.823233],[12.288135,41.823247],[12.288183,41.823333],[12.288662,41.823605]]}},{"type":"Feature","properties":{},"geometry":{"type":"LineString","coordinates":[[12.287868,41.823643],[12.288343,41.823922]]}},{"type":"Feature","properties":{},"geometry":{"type":"LineString","coordinates":[[12.287198,41.824304],[12.28769,41.824571]]}},{"type":"Feature","properties":{},"geometry":{"type":"LineString","coordinates":[[12.291056,41.824108],[12.291818,41.824526],[12.292043,41.824618],[12.292215,41.824652],[12.292268,41.824646],[12.292317,41.82461],[12.291185,41.823982],[12.291056,41.824108]]}},{"type":"Feature","properties":{},"geometry":{"type":"LineString","coordinates":[[12.289276,41.823166],[12.289248,41.823168],[12.289223,41.823177],[12.289203,41.823191],[12.289193,41.823207],[12.289188,41.823228],[12.289194,41.823248],[12.289216,41.823271],[12.28924,41.823282],[12.289267,41.823286],[12.289304,41.82328],[12.289327,41.823268],[12.289346,41.823242],[12.289349,41.823222],[12.289342,41.823201],[12.289327,41.823184],[12.289304,41.823172],[12.289276,41.823166]]}},{"type":"Feature","properties":{},"geometry":{"type":"LineString","coordinates":[[12.289327,41.823268],[12.289807,41.823541],[12.290297,41.823821]]}},{"type":"Feature","properties":{},"geometry":{"type":"LineString","coordinates":[[12.290314,41.823807],[12.290297,41.823821],[12.290288,41.823838],[12.290287,41.823857],[12.290291,41.823868],[12.290304,41.823884],[12.290324,41.823896],[12.290344,41.823901],[12.290368,41.823902],[12.290392,41.823896],[12.290412,41.823884],[12.290424,41.82387],[12.29043,41.823852],[12.290427,41.823833],[12.290422,41.823824],[12.290407,41.823809],[12.290386,41.823799],[12.290361,41.823795],[12.290337,41.823798],[12.290314,41.823807]]}},{"type":"Feature","properties":{},"geometry":{"type":"LineString","coordinates":[[12.289807,41.823541],[12.2897,41.823651]]}},{"type":"Feature","properties":{},"geometry":{"type":"LineString","coordinates":[[12.258357,41.775228],[12.258437,41.77512]]}},{"type":"Feature","properties":{"name":"Largo Alessandro Nardi"},"geometry":{"type":"LineString","coordinates":[[12.235394,41.770557],[12.23546,41.770564],[12.235482,41.770568],[12.235507,41.770578],[12.235524,41.770592],[12.235539,41.770613],[12.235546,41.770638],[12.235547,41.770661],[12.235508,41.771051],[12.235504,41.771093]]}},{"type":"Feature","properties":{},"geometry":{"type":"LineString","coordinates":[[12.270359,41.770732],[12.269756,41.770394]]}},{"type":"Feature","properties":{},"geometry":{"type":"LineString","coordinates":[[12.264831,41.773754],[12.264712,41.774048]]}},{"type":"Feature","properties":{"name":"Via della Basilica di Sant' Ippolito"},"geometry":{"type":"LineString","coordinates":[[12.265324,41.773872],[12.265925,41.773292]]}},{"type":"Feature","properties":{},"geometry":{"type":"LineString","coordinates":[[12.272823,41.773751],[12.274389,41.774637]]}},{"type":"Feature","properties":{},"geometry":{"type":"LineString","coordinates":[[12.226979,41.778682],[12.226817,41.778833]]}},{"type":"Feature","properties":{},"geometry":{"type":"LineString","coordinates":[[12.228005,41.778047],[12.227783,41.778296]]}},{"type":"Feature","properties":{},"geometry":{"type":"LineString","coordinates":[[12.227887,41.781273],[12.228003,41.781307],[12.228483,41.781449]]}},{"type":"Feature","properties":{},"geometry":{"type":"LineString","coordinates":[[12.228738,41.781601],[12.227966,41.781371],[12.228003,41.781307]]}},{"type":"Feature","properties":{},"geometry":{"type":"LineString","coordinates":[[12.255984,41.797193],[12.255441,41.797385]]}},{"type":"Feature","properties":{},"geometry":{"type":"LineString","coordinates":[[12.247664,41.790237],[12.247345,41.790205],[12.247289,41.790197],[12.247244,41.790187],[12.247203,41.790172],[12.247179,41.790151],[12.247162,41.790122],[12.247147,41.79008],[12.247222,41.790108],[12.247278,41.790122],[12.247338,41.790133],[12.247672,41.790169]]}},{"type":"Feature","properties":{},"geometry":{"type":"LineString","coordinates":[[12.251776,41.797665],[12.251677,41.797696]]}},{"type":"Feature","properties":{},"geometry":{"type":"LineString","coordinates":[[12.252379,41.797458],[12.251776,41.797665]]}},{"type":"Feature","properties":{},"geometry":{"type":"LineString","coordinates":[[12.261079,41.800723],[12.261622,41.801589],[12.26215,41.802431]]}},{"type":"Feature","properties":{},"geometry":{"type":"LineString","coordinates":[[12.226426,41.783738],[12.225245,41.783007]]}},{"type":"Feature","properties":{},"geometry":{"type":"LineString","coordinates":[[12.220505,41.807146],[12.220925,41.805807]]}},{"type":"Feature","properties":{},"geometry":{"type":"LineString","coordinates":[[12.22141,41.805879],[12.221942,41.804548]]}},{"type":"Feature","properties":{},"geometry":{"type":"LineString","coordinates":[[12.220688,41.805715],[12.221209,41.804392]]}},{"type":"Feature","properties":{},"geometry":{"type":"LineString","coordinates":[[12.218626,41.804998],[12.219044,41.803932]]}},{"type":"Feature","properties":{},"geometry":{"type":"LineString","coordinates":[[12.21824,41.805006],[12.216761,41.804707]]}},{"type":"Feature","properties":{},"geometry":{"type":"LineString","coordinates":[[12.21789,41.804481],[12.216894,41.804285]]}},{"type":"Feature","properties":{},"geometry":{"type":"LineString","coordinates":[[12.216213,41.813412],[12.216501,41.813057]]}},{"type":"Feature","properties":{},"geometry":{"type":"LineString","coordinates":[[12.214884,41.816115],[12.215288,41.816299],[12.21521,41.816391],[12.214807,41.816206]]}},{"type":"Feature","properties":{},"geometry":{"type":"LineString","coordinates":[[12.21574,41.816333],[12.215114,41.816047],[12.214986,41.815988]]}},{"type":"Feature","properties":{},"geometry":{"type":"LineString","coordinates":[[12.226073,41.802996],[12.226024,41.803112],[12.225764,41.803058]]}},{"type":"Feature","properties":{},"geometry":{"type":"LineString","coordinates":[[12.270603,41.782494],[12.270555,41.78253],[12.270528,41.78255],[12.270479,41.782534],[12.270416,41.782519],[12.270304,41.782517],[12.270009,41.78248],[12.269958,41.782473],[12.269898,41.782471],[12.269842,41.782465],[12.269757,41.782452],[12.269394,41.782441],[12.269312,41.782444],[12.269255,41.782452],[12.269194,41.782469],[12.269107,41.782498],[12.268758,41.782623],[12.268493,41.78272],[12.26825,41.782809],[12.268078,41.782861],[12.26792,41.782889],[12.267788,41.782897],[12.267636,41.782893],[12.26747,41.782874],[12.267338,41.782841],[12.267231,41.782792],[12.267156,41.782745]]}},{"type":"Feature","properties":{},"geometry":{"type":"LineString","coordinates":[[12.269403,41.782564],[12.269466,41.782551],[12.269581,41.782548],[12.269727,41.782553],[12.269965,41.782577],[12.270197,41.78261],[12.270394,41.782648],[12.270536,41.782715]]}},{"type":"Feature","properties":{},"geometry":{"type":"LineString","coordinates":[[12.269727,41.782553],[12.269602,41.782716]]}},{"type":"Feature","properties":{},"geometry":{"type":"LineString","coordinates":[[12.269965,41.782577],[12.269787,41.7828]]}},{"type":"Feature","properties":{},"geometry":{"type":"LineString","coordinates":[[12.270197,41.78261],[12.269978,41.782882]]}},{"type":"Feature","properties":{},"geometry":{"type":"LineString","coordinates":[[12.270528,41.78255],[12.270479,41.782567],[12.270443,41.782592],[12.270394,41.782648],[12.270143,41.782961]]}},{"type":"Feature","properties":{},"geometry":{"type":"LineString","coordinates":[[12.270528,41.78255],[12.270575,41.782611],[12.270587,41.782657],[12.270536,41.782715],[12.270287,41.783026]]}},{"type":"Feature","properties":{},"geometry":{"type":"LineString","coordinates":[[12.267919,41.781633],[12.269371,41.782154],[12.269434,41.782182],[12.269487,41.78221],[12.26953,41.782232],[12.269581,41.782264],[12.269727,41.782395],[12.269739,41.78241],[12.269746,41.782424],[12.269757,41.782452]]}},{"type":"Feature","properties":{},"geometry":{"type":"LineString","coordinates":[[12.264908,41.785413],[12.265188,41.785003],[12.266404,41.783223],[12.266791,41.782647],[12.267351,41.781817],[12.267827,41.781205],[12.268311,41.780565],[12.268314,41.780392],[12.267528,41.780052],[12.267524,41.78001],[12.267517,41.779971],[12.26736,41.779918],[12.267344,41.779896],[12.267313,41.779836]]}},{"type":"Feature","properties":{},"geometry":{"type":"LineString","coordinates":[[12.269102,41.784238],[12.269608,41.784467],[12.269706,41.784512]]}},{"type":"Feature","properties":{},"geometry":{"type":"LineString","coordinates":[[12.270324,41.783247],[12.269569,41.784279]]}},{"type":"Feature","properties":{},"geometry":{"type":"LineString","coordinates":[[12.268057,41.786296],[12.269362,41.78457],[12.269386,41.78455],[12.269414,41.784541],[12.269457,41.784551],[12.269526,41.784585],[12.269618,41.784631]]}},{"type":"Feature","properties":{},"geometry":{"type":"LineString","coordinates":[[12.267562,41.786067],[12.269102,41.784238],[12.269255,41.784056]]}},{"type":"Feature","properties":{},"geometry":{"type":"LineString","coordinates":[[12.266404,41.783223],[12.267378,41.783607],[12.268514,41.784078],[12.268597,41.784109],[12.268659,41.784123],[12.268714,41.784126],[12.268789,41.784126],[12.26885,41.784115],[12.269096,41.784046],[12.269158,41.784034],[12.269195,41.784034],[12.269234,41.784043],[12.269255,41.784056],[12.269331,41.784105],[12.269504,41.784233],[12.269569,41.784279],[12.269588,41.784292],[12.269656,41.784331],[12.269702,41.784352],[12.269793,41.784393]]}},{"type":"Feature","properties":{},"geometry":{"type":"LineString","coordinates":[[12.269706,41.784512],[12.270725,41.784977],[12.270854,41.785023],[12.270986,41.785045],[12.271128,41.785045],[12.271243,41.785023],[12.271348,41.784977],[12.271479,41.784893],[12.271627,41.784731],[12.272522,41.783611]]}},{"type":"Feature","properties":{},"geometry":{"type":"LineString","coordinates":[[12.299007,41.799757],[12.298926,41.79971],[12.298822,41.799651],[12.298189,41.800267],[12.29807,41.800214],[12.297636,41.800015],[12.29894,41.798711],[12.299368,41.798949],[12.299487,41.799015],[12.298822,41.799651]]}},{"type":"Feature","properties":{},"geometry":{"type":"LineString","coordinates":[[12.29807,41.800214],[12.299368,41.798949]]}},{"type":"Feature","properties":{},"geometry":{"type":"LineString","coordinates":[[12.297209,41.799813],[12.297151,41.799881]]}},{"type":"Feature","properties":{},"geometry":{"type":"LineString","coordinates":[[12.296973,41.799707],[12.296917,41.799777]]}},{"type":"Feature","properties":{},"geometry":{"type":"LineString","coordinates":[[12.297735,41.799731],[12.297678,41.799701]]}},{"type":"Feature","properties":{},"geometry":{"type":"LineString","coordinates":[[12.210395,41.817637],[12.210351,41.817559],[12.21078,41.816484]]}},{"type":"Feature","properties":{},"geometry":{"type":"LineString","coordinates":[[12.201674,41.840459],[12.201697,41.840454],[12.201721,41.840453],[12.201744,41.840459],[12.201763,41.84047],[12.201777,41.840485],[12.201783,41.840502],[12.201782,41.84052],[12.201773,41.840536],[12.201757,41.84055],[12.201735,41.840559],[12.201711,41.840562],[12.201687,41.84056],[12.201665,41.840551],[12.201648,41.840538],[12.201638,41.840521],[12.201636,41.840503],[12.201642,41.840485],[12.201655,41.840471],[12.201674,41.840459]]}},{"type":"Feature","properties":{},"geometry":{"type":"LineString","coordinates":[[12.201773,41.840536],[12.202118,41.840655]]}},{"type":"Feature","properties":{},"geometry":{"type":"LineString","coordinates":[[12.202063,41.84075],[12.202118,41.840655],[12.202306,41.840335]]}},{"type":"Feature","properties":{},"geometry":{"type":"LineString","coordinates":[[12.200987,41.840249],[12.200356,41.840056]]}},{"type":"Feature","properties":{},"geometry":{"type":"LineString","coordinates":[[12.21254,41.848585],[12.21263,41.848617],[12.212998,41.848746]]}},{"type":"Feature","properties":{},"geometry":{"type":"LineString","coordinates":[[12.212998,41.848746],[12.213127,41.848795]]}},{"type":"Feature","properties":{},"geometry":{"type":"LineString","coordinates":[[12.213127,41.848795],[12.213182,41.848816]]}},{"type":"Feature","properties":{},"geometry":{"type":"LineString","coordinates":[[12.267551,41.798633],[12.268465,41.798893]]}},{"type":"Feature","properties":{},"geometry":{"type":"LineString","coordinates":[[12.264487,41.802497],[12.264742,41.802256],[12.264794,41.802204],[12.26486,41.802138]]}},{"type":"Feature","properties":{},"geometry":{"type":"LineString","coordinates":[[12.264969,41.804038],[12.261832,41.810417]]}},{"type":"Feature","properties":{},"geometry":{"type":"LineString","coordinates":[[12.265049,41.801797],[12.26513,41.801627]]}},{"type":"Feature","properties":{},"geometry":{"type":"LineString","coordinates":[[12.256728,41.798554],[12.256951,41.798959],[12.256963,41.798981],[12.257121,41.799319],[12.257274,41.799568],[12.257489,41.799915],[12.257714,41.800255],[12.258302,41.801233],[12.258529,41.801595],[12.258621,41.801763],[12.258635,41.801802],[12.258654,41.801852],[12.258628,41.801945],[12.258594,41.801987],[12.258521,41.802037],[12.258487,41.802045],[12.258419,41.802063],[12.258304,41.802056],[12.258031,41.801993],[12.256306,41.801531],[12.254795,41.801092],[12.254703,41.801048],[12.25464,41.801004],[12.254594,41.800949],[12.25455,41.800869],[12.254364,41.80059],[12.253973,41.800003],[12.253712,41.799611]]}},{"type":"Feature","properties":{},"geometry":{"type":"LineString","coordinates":[[12.26526,41.80237],[12.265154,41.80232],[12.265006,41.802294]]}},{"type":"Feature","properties":{},"geometry":{"type":"LineString","coordinates":[[12.265049,41.801797],[12.265065,41.801955],[12.265118,41.802048],[12.265147,41.802104],[12.265169,41.802168],[12.26526,41.80237]]}},{"type":"Feature","properties":{},"geometry":{"type":"LineString","coordinates":[[12.26526,41.80237],[12.265331,41.802492],[12.265354,41.80269],[12.265386,41.802725],[12.265417,41.802742],[12.265491,41.802761],[12.265636,41.802775],[12.266523,41.802855],[12.266694,41.802842],[12.266777,41.802785],[12.266851,41.802722],[12.268428,41.801161]]}},{"type":"Feature","properties":{},"geometry":{"type":"LineString","coordinates":[[12.265636,41.802775],[12.265597,41.802829],[12.265545,41.8029],[12.265455,41.803095],[12.264969,41.804038]]}},{"type":"Feature","properties":{},"geometry":{"type":"LineString","coordinates":[[12.264906,41.802232],[12.26486,41.802138],[12.264967,41.801976],[12.265049,41.801797]]}},{"type":"Feature","properties":{},"geometry":{"type":"LineString","coordinates":[[12.264906,41.802232],[12.264896,41.802204],[12.264899,41.802168],[12.26491,41.802146],[12.264939,41.802117],[12.265001,41.802092],[12.265049,41.802089],[12.265075,41.802093],[12.265118,41.80211],[12.26515,41.802135],[12.265169,41.802168],[12.265169,41.802217],[12.265156,41.802242],[12.265126,41.80227],[12.265088,41.802288],[12.265041,41.802296],[12.265006,41.802294],[12.264962,41.802281],[12.264932,41.802263],[12.264906,41.802232]]}},{"type":"Feature","properties":{},"geometry":{"type":"LineString","coordinates":[[12.264962,41.802281],[12.264845,41.802255],[12.264742,41.802256]]}},{"type":"Feature","properties":{},"geometry":{"type":"LineString","coordinates":[[12.26486,41.802138],[12.264939,41.802117]]}},{"type":"Feature","properties":{},"geometry":{"type":"LineString","coordinates":[[12.261832,41.810417],[12.261348,41.811419],[12.261315,41.811488]]}},{"type":"Feature","properties":{},"geometry":{"type":"LineString","coordinates":[[12.265049,41.801797],[12.264593,41.801663]]}},{"type":"Feature","properties":{},"geometry":{"type":"LineString","coordinates":[[12.264694,41.803969],[12.264994,41.803386],[12.265216,41.802931],[12.265266,41.802864],[12.265322,41.802832],[12.265491,41.802761]]}},{"type":"Feature","properties":{},"geometry":{"type":"LineString","coordinates":[[12.232309,41.792776],[12.232322,41.792782],[12.232388,41.792812],[12.232496,41.792845],[12.232939,41.792978],[12.233212,41.79305],[12.233912,41.793202],[12.234922,41.793433],[12.23503,41.793451]]}},{"type":"Feature","properties":{},"geometry":{"type":"LineString","coordinates":[[12.246038,41.778248],[12.246092,41.778228],[12.246146,41.77815],[12.246228,41.778105]]}},{"type":"Feature","properties":{},"geometry":{"type":"LineString","coordinates":[[12.245688,41.778096],[12.245741,41.778032],[12.245766,41.777943],[12.245736,41.777837]]}},{"type":"Feature","properties":{},"geometry":{"type":"LineString","coordinates":[[12.248545,41.795826],[12.248511,41.795893],[12.248481,41.795945]]}},{"type":"Feature","properties":{},"geometry":{"type":"LineString","coordinates":[[12.248535,41.795705],[12.248545,41.795744],[12.248548,41.795785],[12.248545,41.795826]]}},{"type":"Feature","properties":{},"geometry":{"type":"LineString","coordinates":[[12.262743,41.795853],[12.263089,41.79596],[12.263207,41.796003],[12.264312,41.796483],[12.264495,41.796544]]}},{"type":"Feature","properties":{},"geometry":{"type":"LineString","coordinates":[[12.257996,41.791821],[12.257954,41.791848],[12.257933,41.791866],[12.257902,41.791896],[12.257871,41.791935],[12.257847,41.791978],[12.25783,41.792026],[12.257824,41.792069],[12.257837,41.79212],[12.258127,41.792579],[12.258297,41.792515],[12.2585,41.792817],[12.258902,41.793428],[12.258988,41.793401],[12.259145,41.793657],[12.259499,41.793535],[12.259613,41.793721],[12.259666,41.793813],[12.259729,41.793923],[12.259758,41.794035],[12.259771,41.794108],[12.259802,41.794181],[12.260029,41.794529]]}},{"type":"Feature","properties":{},"geometry":{"type":"LineString","coordinates":[[12.255499,41.798995],[12.254035,41.796692]]}},{"type":"Feature","properties":{},"geometry":{"type":"LineString","coordinates":[[12.253197,41.797257],[12.254459,41.799354]]}},{"type":"Feature","properties":{},"geometry":{"type":"LineString","coordinates":[[12.252107,41.800094],[12.250338,41.797268],[12.250314,41.797208],[12.250335,41.797116],[12.250426,41.797012],[12.250564,41.796896]]}},{"type":"Feature","properties":{},"geometry":{"type":"LineString","coordinates":[[12.241266,41.797235],[12.241649,41.796446]]}},{"type":"Feature","properties":{},"geometry":{"type":"LineString","coordinates":[[12.242608,41.794525],[12.242271,41.795203],[12.24226,41.79522],[12.242244,41.795236],[12.242226,41.795246],[12.242203,41.795252],[12.242178,41.795257],[12.24215,41.795257],[12.242124,41.795254]]}},{"type":"Feature","properties":{},"geometry":{"type":"LineString","coordinates":[[12.240131,41.795365],[12.241162,41.795651]]}},{"type":"Feature","properties":{},"geometry":{"type":"LineString","coordinates":[[12.247476,41.794891],[12.247393,41.794857],[12.247352,41.794829],[12.247315,41.794795],[12.247276,41.794765]]}},{"type":"Feature","properties":{},"geometry":{"type":"LineString","coordinates":[[12.248446,41.795935],[12.248339,41.795902]]}},{"type":"Feature","properties":{},"geometry":{"type":"LineString","coordinates":[[12.247222,41.794956],[12.247236,41.795019],[12.247252,41.795046],[12.247283,41.795073],[12.247524,41.795171],[12.247575,41.795251]]}},{"type":"Feature","properties":{},"geometry":{"type":"LineString","coordinates":[[12.247808,41.794504],[12.247786,41.794607]]}},{"type":"Feature","properties":{},"geometry":{"type":"LineString","coordinates":[[12.24758,41.794384],[12.247682,41.794399],[12.247721,41.794412],[12.247746,41.79443],[12.247764,41.794451],[12.247808,41.794504]]}},{"type":"Feature","properties":{},"geometry":{"type":"LineString","coordinates":[[12.247838,41.794243],[12.247839,41.794366],[12.247808,41.794504]]}},{"type":"Feature","properties":{},"geometry":{"type":"LineString","coordinates":[[12.247786,41.794607],[12.24774,41.794753],[12.24772,41.794807],[12.247703,41.794837],[12.247673,41.794863],[12.247633,41.794882],[12.247597,41.794892],[12.247539,41.794894],[12.247476,41.794891],[12.24739,41.7949],[12.247314,41.794923],[12.247222,41.794956],[12.247145,41.794974],[12.246985,41.795044],[12.246913,41.795077]]}},{"type":"Feature","properties":{},"geometry":{"type":"LineString","coordinates":[[12.246626,41.794969],[12.2467,41.794929],[12.246824,41.794941],[12.246944,41.794951],[12.247021,41.794957],[12.247075,41.794951],[12.247133,41.794934],[12.247186,41.794905],[12.247244,41.794862],[12.247266,41.794832],[12.247274,41.794803],[12.247276,41.794765]]}},{"type":"Feature","properties":{},"geometry":{"type":"LineString","coordinates":[[12.246539,41.794288],[12.246528,41.794413]]}},{"type":"Feature","properties":{},"geometry":{"type":"LineString","coordinates":[[12.246507,41.794193],[12.246531,41.794227],[12.246541,41.79426],[12.246539,41.794288]]}},{"type":"Feature","properties":{},"geometry":{"type":"LineString","coordinates":[[12.246528,41.794413],[12.246529,41.794455],[12.246544,41.794498],[12.246556,41.794558],[12.24656,41.794607],[12.246556,41.794667],[12.246539,41.794749],[12.246495,41.794878],[12.246468,41.794928]]}},{"type":"Feature","properties":{},"geometry":{"type":"LineString","coordinates":[[12.248446,41.795935],[12.248422,41.795983],[12.247371,41.798106],[12.247353,41.798126],[12.247324,41.798145]]}},{"type":"Feature","properties":{},"geometry":{"type":"LineString","coordinates":[[12.249148,41.799914],[12.248892,41.800469],[12.248712,41.800435],[12.248965,41.799897]]}},{"type":"Feature","properties":{},"geometry":{"type":"LineString","coordinates":[[12.249531,41.799929],[12.249405,41.799937],[12.249148,41.799914],[12.248965,41.799897],[12.249029,41.799739],[12.249516,41.799793]]}},{"type":"Feature","properties":{},"geometry":{"type":"LineString","coordinates":[[12.251094,41.800053],[12.250805,41.800109],[12.24992,41.800093],[12.249209,41.800007]]}},{"type":"Feature","properties":{},"geometry":{"type":"LineString","coordinates":[[12.249879,41.798373],[12.24975,41.798405],[12.249709,41.798474],[12.249714,41.798553],[12.249773,41.798653],[12.249821,41.798708],[12.249866,41.798763],[12.2504,41.799641],[12.250405,41.799775],[12.250319,41.799889],[12.250182,41.799959],[12.249957,41.799977],[12.249638,41.799951],[12.249531,41.799929],[12.24949,41.799875],[12.249516,41.799793],[12.249667,41.799301],[12.249683,41.799153],[12.249662,41.79896],[12.249714,41.798553]]}},{"type":"Feature","properties":{},"geometry":{"type":"LineString","coordinates":[[12.249127,41.799211],[12.249093,41.79932],[12.249057,41.799419],[12.248955,41.799608],[12.24891,41.799661],[12.248863,41.799681],[12.248802,41.799683],[12.248736,41.799662],[12.248694,41.799628],[12.248675,41.799585],[12.248679,41.799543],[12.248698,41.799496],[12.24887,41.79914]]}},{"type":"Feature","properties":{},"geometry":{"type":"LineString","coordinates":[[12.249645,41.798159],[12.249127,41.799211]]}},{"type":"Feature","properties":{},"geometry":{"type":"LineString","coordinates":[[12.248339,41.795902],[12.247564,41.795679]]}},{"type":"Feature","properties":{},"geometry":{"type":"LineString","coordinates":[[12.247049,41.795175],[12.247126,41.795257],[12.247152,41.795284]]}},{"type":"Feature","properties":{},"geometry":{"type":"LineString","coordinates":[[12.247049,41.795175],[12.247142,41.79515],[12.247216,41.795138],[12.247276,41.795139],[12.247329,41.795146],[12.247505,41.795205],[12.247575,41.795251]]}},{"type":"Feature","properties":{},"geometry":{"type":"LineString","coordinates":[[12.208276,41.850646],[12.208893,41.850915]]}},{"type":"Feature","properties":{},"geometry":{"type":"LineString","coordinates":[[12.207515,41.853787],[12.207927,41.853255],[12.207935,41.853247],[12.207945,41.85324],[12.207956,41.853235],[12.207967,41.853231],[12.207979,41.853229],[12.207991,41.853229],[12.208007,41.853231],[12.208018,41.853234],[12.208771,41.853524],[12.208854,41.853557],[12.208987,41.853608]]}},{"type":"Feature","properties":{},"geometry":{"type":"LineString","coordinates":[[12.208854,41.853557],[12.20879,41.853568],[12.208782,41.853568],[12.208772,41.853569],[12.208761,41.853568],[12.208751,41.853567],[12.20874,41.853565],[12.208731,41.853562],[12.208606,41.853514]]}},{"type":"Feature","properties":{},"geometry":{"type":"LineString","coordinates":[[12.217093,41.851997],[12.218244,41.852236]]}},{"type":"Feature","properties":{},"geometry":{"type":"LineString","coordinates":[[12.217649,41.851164],[12.218081,41.85112]]}},{"type":"Feature","properties":{},"geometry":{"type":"LineString","coordinates":[[12.222297,41.844717],[12.222704,41.844879]]}},{"type":"Feature","properties":{},"geometry":{"type":"LineString","coordinates":[[12.201387,41.859621],[12.202319,41.860016]]}},{"type":"Feature","properties":{},"geometry":{"type":"LineString","coordinates":[[12.223607,41.846773],[12.222862,41.847717]]}},{"type":"Feature","properties":{},"geometry":{"type":"LineString","coordinates":[[12.222947,41.846393],[12.222148,41.847405]]}},{"type":"Feature","properties":{},"geometry":{"type":"LineString","coordinates":[[12.222407,41.844242],[12.223007,41.844499],[12.223558,41.844721]]}},{"type":"Feature","properties":{"name":"Via dei Polpi"},"geometry":{"type":"LineString","coordinates":[[12.218596,41.80095],[12.218711,41.800643]]}},{"type":"Feature","properties":{},"geometry":{"type":"LineString","coordinates":[[12.277732,41.821464],[12.277614,41.821577],[12.278449,41.822062],[12.279103,41.822441],[12.279233,41.822316]]}},{"type":"Feature","properties":{},"geometry":{"type":"LineString","coordinates":[[12.280269,41.822908],[12.280067,41.823106]]}},{"type":"Feature","properties":{},"geometry":{"type":"LineString","coordinates":[[12.278449,41.822062],[12.278572,41.821945]]}},{"type":"Feature","properties":{},"geometry":{"type":"LineString","coordinates":[[12.281776,41.82379],[12.281585,41.82398]]}},{"type":"Feature","properties":{},"geometry":{"type":"LineString","coordinates":[[12.281846,41.824965],[12.281234,41.826369],[12.281186,41.82651],[12.280632,41.827737],[12.280609,41.827759],[12.280572,41.827776],[12.280507,41.827792],[12.280416,41.827791],[12.280332,41.827772],[12.280253,41.827737],[12.274982,41.824765],[12.274937,41.824733],[12.274905,41.824693],[12.274894,41.824644],[12.274897,41.82458],[12.275431,41.823282],[12.275509,41.823226],[12.275616,41.823197],[12.27574,41.823204],[12.281184,41.826288],[12.281208,41.826311],[12.28122,41.82633],[12.281234,41.826369]]}},{"type":"Feature","properties":{},"geometry":{"type":"LineString","coordinates":[[12.276603,41.821982],[12.281846,41.824965],[12.282235,41.824058],[12.281776,41.82379],[12.280269,41.822908],[12.279233,41.822316],[12.278572,41.821945],[12.277869,41.821542],[12.277732,41.821464],[12.27754,41.821355],[12.277463,41.821336],[12.277381,41.821332],[12.277298,41.821344],[12.277222,41.821376],[12.276603,41.821982],[12.27577,41.822796]]}},{"type":"Feature","properties":{},"geometry":{"type":"LineString","coordinates":[[12.205873,41.86012],[12.205654,41.859986],[12.20539,41.859844],[12.205162,41.859766]]}},{"type":"Feature","properties":{},"geometry":{"type":"LineString","coordinates":[[12.205162,41.859766],[12.204761,41.860191],[12.204626,41.860363],[12.204494,41.860528],[12.204613,41.860577],[12.204877,41.86024],[12.204761,41.860191]]}},{"type":"Feature","properties":{},"geometry":{"type":"LineString","coordinates":[[12.205082,41.859607],[12.204693,41.860028],[12.204483,41.860294],[12.204277,41.860554]]}},{"type":"Feature","properties":{},"geometry":{"type":"LineString","coordinates":[[12.219422,41.816375],[12.219452,41.816439],[12.219468,41.816478],[12.219453,41.816554],[12.219437,41.816604],[12.219452,41.816651],[12.219503,41.816704],[12.219682,41.81677],[12.219905,41.816841],[12.219958,41.816867],[12.219968,41.816913],[12.219921,41.817016],[12.219878,41.817095]]}},{"type":"Feature","properties":{},"geometry":{"type":"LineString","coordinates":[[12.220282,41.818156],[12.220374,41.818182],[12.220781,41.818282],[12.220928,41.818292],[12.221002,41.818267]]}},{"type":"Feature","properties":{},"geometry":{"type":"LineString","coordinates":[[12.219438,41.817807],[12.219387,41.817744],[12.219361,41.817611],[12.219337,41.817405],[12.219363,41.817353],[12.219438,41.817315],[12.219534,41.817283],[12.219661,41.817253],[12.21979,41.817256]]}},{"type":"Feature","properties":{},"geometry":{"type":"LineString","coordinates":[[12.218963,41.817295],[12.218871,41.817268],[12.218723,41.817274],[12.218583,41.817305],[12.218407,41.817381],[12.218235,41.817502],[12.218159,41.817625],[12.218173,41.817695],[12.218245,41.817775],[12.218329,41.817844]]}},{"type":"Feature","properties":{},"geometry":{"type":"LineString","coordinates":[[12.291436,41.80719],[12.291348,41.80714],[12.291304,41.807115],[12.291175,41.807041],[12.291026,41.806956],[12.290608,41.807362]]}},{"type":"Feature","properties":{},"geometry":{"type":"LineString","coordinates":[[12.291304,41.807115],[12.291691,41.806731],[12.291561,41.806658],[12.291411,41.806574],[12.291026,41.806956]]}},{"type":"Feature","properties":{},"geometry":{"type":"LineString","coordinates":[[12.291175,41.807041],[12.291561,41.806658]]}},{"type":"Feature","properties":{},"geometry":{"type":"LineString","coordinates":[[12.291026,41.806956],[12.290867,41.806864],[12.291248,41.806499]]}},{"type":"Feature","properties":{},"geometry":{"type":"LineString","coordinates":[[12.291907,41.806724],[12.291121,41.806293],[12.290647,41.806031],[12.290388,41.806215],[12.290289,41.806234],[12.290117,41.806412],[12.290117,41.806463],[12.289637,41.80666],[12.28953,41.806759]]}},{"type":"Feature","properties":{},"geometry":{"type":"LineString","coordinates":[[12.290117,41.806463],[12.290394,41.806596],[12.290545,41.806677],[12.290232,41.806986]]}},{"type":"Feature","properties":{},"geometry":{"type":"LineString","coordinates":[[12.290394,41.806596],[12.290581,41.806426],[12.290388,41.806215]]}},{"type":"Feature","properties":{},"geometry":{"type":"LineString","coordinates":[[12.290716,41.806752],[12.290282,41.807177],[12.290608,41.807362]]}},{"type":"Feature","properties":{},"geometry":{"type":"LineString","coordinates":[[12.290581,41.806426],[12.29079,41.806497],[12.290835,41.806494],[12.290873,41.806481],[12.291024,41.806337],[12.291056,41.806316],[12.291121,41.806293]]}},{"type":"Feature","properties":{},"geometry":{"type":"LineString","coordinates":[[12.238265,41.772318],[12.238251,41.772376],[12.238182,41.772653]]}},{"type":"Feature","properties":{},"geometry":{"type":"LineString","coordinates":[[12.238064,41.773092],[12.237938,41.773036],[12.237828,41.772981],[12.237896,41.772727],[12.237923,41.772618],[12.238182,41.772653]]}},{"type":"Feature","properties":{},"geometry":{"type":"LineString","coordinates":[[12.238182,41.772653],[12.238099,41.772992],[12.238064,41.773092]]}},{"type":"Feature","properties":{},"geometry":{"type":"LineString","coordinates":[[12.238064,41.773092],[12.238148,41.773137],[12.238177,41.77316],[12.238175,41.773213],[12.23817,41.773276],[12.238166,41.773351],[12.238159,41.77341],[12.23815,41.773478],[12.238129,41.773592]]}},{"type":"Feature","properties":{},"geometry":{"type":"LineString","coordinates":[[12.26124,41.775656],[12.261254,41.775539],[12.26129,41.775243],[12.261232,41.775195],[12.261203,41.775187],[12.261149,41.77519],[12.261108,41.775206],[12.261086,41.775454],[12.261254,41.775539]]}},{"type":"Feature","properties":{},"geometry":{"type":"LineString","coordinates":[[12.211592,41.859514],[12.211011,41.860133]]}},{"type":"Feature","properties":{},"geometry":{"type":"LineString","coordinates":[[12.259761,41.856316],[12.259495,41.856169],[12.259301,41.85607],[12.259233,41.85602],[12.259193,41.855949],[12.259279,41.855834]]}},{"type":"Feature","properties":{},"geometry":{"type":"LineString","coordinates":[[12.225145,41.841788],[12.225312,41.841864],[12.225929,41.842122],[12.226085,41.841938],[12.226098,41.8419],[12.226089,41.841867],[12.225946,41.841726],[12.225478,41.841502],[12.2254,41.841465]]}},{"type":"Feature","properties":{},"geometry":{"type":"LineString","coordinates":[[12.263207,41.796003],[12.26296,41.79558],[12.262903,41.795525],[12.261874,41.793974]]}},{"type":"Feature","properties":{},"geometry":{"type":"LineString","coordinates":[[12.263089,41.79596],[12.262785,41.796095],[12.262572,41.796191],[12.262485,41.796226]]}},{"type":"Feature","properties":{},"geometry":{"type":"LineString","coordinates":[[12.266629,41.794305],[12.265985,41.793398],[12.265973,41.793379],[12.265952,41.793357],[12.265925,41.793346],[12.265887,41.793344],[12.265842,41.793352],[12.265809,41.793363],[12.265307,41.793538]]}},{"type":"Feature","properties":{},"geometry":{"type":"LineString","coordinates":[[12.265241,41.796117],[12.266629,41.794305],[12.267853,41.792615],[12.26856,41.791766],[12.269245,41.790822]]}},{"type":"Feature","properties":{"name":"Piazza dei Bonificatori di Isola Sacra"},"geometry":{"type":"LineString","coordinates":[[12.261412,41.772452],[12.261536,41.772434],[12.261726,41.77192],[12.261615,41.771888]]}},{"type":"Feature","properties":{},"geometry":{"type":"LineString","coordinates":[[12.226892,41.779341],[12.226413,41.779369]]}},{"type":"Feature","properties":{},"geometry":{"type":"LineString","coordinates":[[12.216582,41.815798],[12.215536,41.81531]]}},{"type":"Feature","properties":{},"geometry":{"type":"LineString","coordinates":[[12.247159,41.785874],[12.247464,41.785987],[12.247565,41.786029],[12.247776,41.786127],[12.248351,41.786402],[12.248414,41.786437],[12.248476,41.786477],[12.248638,41.786605],[12.248666,41.786636],[12.248686,41.786675],[12.248696,41.786718],[12.248697,41.786768],[12.248692,41.786824],[12.248589,41.787512]]}},{"type":"Feature","properties":{},"geometry":{"type":"LineString","coordinates":[[12.247475,41.788063],[12.24847,41.788151]]}},{"type":"Feature","properties":{},"geometry":{"type":"LineString","coordinates":[[12.24737,41.788734],[12.248359,41.788815]]}},{"type":"Feature","properties":{},"geometry":{"type":"LineString","coordinates":[[12.248246,41.789487],[12.248176,41.789932]]}},{"type":"Feature","properties":{},"geometry":{"type":"LineString","coordinates":[[12.248589,41.787512],[12.247577,41.787435]]}},{"type":"Feature","properties":{"name":"Strada Perimetrale Aeroporto di Fiumicino"},"geometry":{"type":"LineString","coordinates":[[12.247577,41.787435],[12.247627,41.787112],[12.247635,41.787008],[12.24764,41.786862],[12.247637,41.786718],[12.24762,41.786545],[12.247595,41.786403],[12.247564,41.786304],[12.24753,41.786225],[12.247479,41.786137],[12.247433,41.786072],[12.247358,41.786002],[12.247276,41.785944],[12.247159,41.785874],[12.245889,41.78527],[12.244839,41.784796],[12.244372,41.784562],[12.244297,41.784525],[12.243963,41.784349],[12.243768,41.784146],[12.243673,41.783929],[12.243665,41.783826],[12.243667,41.783741],[12.243682,41.783625],[12.243716,41.783524],[12.243797,41.783336],[12.244037,41.782739],[12.244054,41.782512],[12.243894,41.782018],[12.243754,41.781512],[12.243755,41.781411],[12.243771,41.781273],[12.243819,41.781092],[12.243878,41.780946],[12.243921,41.780876],[12.244031,41.780721],[12.244303,41.780382],[12.244337,41.78034],[12.244671,41.779919],[12.244699,41.779864],[12.244734,41.779765],[12.244722,41.779671],[12.244492,41.778598],[12.244478,41.778528],[12.244388,41.778083],[12.244351,41.777911],[12.244285,41.777738],[12.24422,41.777663],[12.244136,41.777584],[12.241388,41.776362],[12.241143,41.776263],[12.24103,41.776268],[12.240957,41.776298],[12.240796,41.776645],[12.240619,41.776991],[12.239925,41.778323],[12.238228,41.781578],[12.238153,41.781721],[12.236657,41.7846],[12.235292,41.787231],[12.234069,41.78957],[12.232388,41.792812],[12.231905,41.793737],[12.230454,41.796524],[12.228602,41.800072],[12.228306,41.800637],[12.227233,41.802707],[12.226017,41.805036],[12.224397,41.808153],[12.224098,41.808736],[12.22306,41.810811],[12.222821,41.81128],[12.221905,41.813022],[12.221046,41.814658],[12.220998,41.81476],[12.220945,41.814904],[12.220963,41.815067],[12.221132,41.815481],[12.221513,41.816375],[12.221605,41.816596],[12.221707,41.816837],[12.221742,41.81692],[12.221908,41.817313],[12.222122,41.817787],[12.222271,41.817977],[12.222381,41.818051],[12.222589,41.818144],[12.225805,41.819087],[12.226016,41.819131],[12.226093,41.819135],[12.226278,41.819139],[12.226404,41.819116],[12.226651,41.819023],[12.226906,41.818882],[12.227728,41.818388],[12.229107,41.817376],[12.229509,41.817081],[12.230786,41.816155],[12.23135,41.815738],[12.23158,41.815556],[12.231657,41.815482],[12.231757,41.815329],[12.232131,41.814475],[12.232742,41.813015],[12.232923,41.812582],[12.234904,41.807838],[12.236685,41.803574],[12.236764,41.803398],[12.2369,41.803248],[12.237075,41.80315],[12.237209,41.80313],[12.237268,41.803121],[12.237355,41.803154],[12.23757,41.803276],[12.23787,41.803514],[12.238051,41.803611],[12.238358,41.803703],[12.244165,41.805298],[12.244781,41.805467],[12.246674,41.805986],[12.247228,41.806138],[12.247887,41.806325],[12.24808,41.806379]]}},{"type":"Feature","properties":{},"geometry":{"type":"LineString","coordinates":[[12.247577,41.787435],[12.246192,41.78734],[12.24597,41.787324]]}},{"type":"Feature","properties":{},"geometry":{"type":"LineString","coordinates":[[12.26057,41.797235],[12.260346,41.796849],[12.259067,41.794815],[12.259009,41.794715]]}},{"type":"Feature","properties":{},"geometry":{"type":"LineString","coordinates":[[12.26312,41.797282],[12.262811,41.796761],[12.262625,41.796446],[12.262546,41.796314],[12.262485,41.796226],[12.261215,41.794213],[12.260853,41.793628]]}},{"type":"Feature","properties":{},"geometry":{"type":"LineString","coordinates":[[12.269684,41.801395],[12.269487,41.801507]]}},{"type":"Feature","properties":{},"geometry":{"type":"LineString","coordinates":[[12.279265,41.804826],[12.279316,41.80484],[12.279347,41.804855],[12.279374,41.804874],[12.279393,41.804897],[12.279403,41.804931],[12.27941,41.804966],[12.279577,41.805712],[12.279586,41.805741],[12.279604,41.805769],[12.279634,41.805797],[12.279679,41.805825],[12.28059,41.806381],[12.281156,41.806719],[12.281229,41.806775],[12.281247,41.8068],[12.281261,41.80684],[12.281266,41.806882],[12.281268,41.806921],[12.281287,41.807399],[12.281289,41.807444],[12.281286,41.80748],[12.281274,41.807509],[12.281259,41.807543],[12.281159,41.807789],[12.280877,41.808459],[12.280661,41.808984],[12.280629,41.809024],[12.280581,41.809065],[12.280531,41.809106],[12.280496,41.809133],[12.280279,41.809282]]}},{"type":"Feature","properties":{},"geometry":{"type":"LineString","coordinates":[[12.271591,41.801885],[12.270197,41.801507]]}},{"type":"Feature","properties":{},"geometry":{"type":"LineString","coordinates":[[12.272995,41.802266],[12.273971,41.802532]]}},{"type":"Feature","properties":{},"geometry":{"type":"LineString","coordinates":[[12.272004,41.800544],[12.271941,41.800665],[12.271908,41.800732],[12.271846,41.800863],[12.271781,41.801],[12.271723,41.801123],[12.271653,41.801271],[12.270319,41.800899],[12.270384,41.800762],[12.270449,41.800628],[12.270514,41.800494],[12.270576,41.800363]]}},{"type":"Feature","properties":{},"geometry":{"type":"LineString","coordinates":[[12.270576,41.800363],[12.27085,41.800437],[12.27093,41.800458],[12.271908,41.800732]]}},{"type":"Feature","properties":{},"geometry":{"type":"LineString","coordinates":[[12.270514,41.800494],[12.271846,41.800863]]}},{"type":"Feature","properties":{},"geometry":{"type":"LineString","coordinates":[[12.271781,41.801],[12.270449,41.800628]]}},{"type":"Feature","properties":{},"geometry":{"type":"LineString","coordinates":[[12.270384,41.800762],[12.271723,41.801123]]}},{"type":"Feature","properties":{},"geometry":{"type":"LineString","coordinates":[[12.274927,41.797089],[12.275779,41.797336],[12.275823,41.797354],[12.275868,41.797375],[12.275892,41.797408],[12.275899,41.797447],[12.275894,41.797496],[12.275873,41.797548],[12.275838,41.797585],[12.275789,41.79761],[12.275746,41.79762],[12.275692,41.797619],[12.275636,41.797611],[12.275577,41.797597],[12.274833,41.797388],[12.274787,41.797374]]}},{"type":"Feature","properties":{},"geometry":{"type":"LineString","coordinates":[[12.277793,41.795695],[12.277718,41.795673],[12.277685,41.795665],[12.277644,41.795666],[12.27761,41.795678],[12.277583,41.7957],[12.277565,41.795733],[12.27723,41.796407],[12.277202,41.796461],[12.277189,41.796506],[12.27719,41.796555],[12.277199,41.796591],[12.277197,41.796622],[12.277173,41.796678],[12.277139,41.796725],[12.277094,41.796759],[12.277057,41.79679],[12.277031,41.796824],[12.277011,41.796866],[12.276708,41.797575],[12.276704,41.797616],[12.276732,41.797649],[12.276796,41.797674],[12.276852,41.79769],[12.277029,41.797739],[12.277205,41.797787],[12.277382,41.797836],[12.277558,41.797885],[12.277682,41.79792],[12.277728,41.797894],[12.277757,41.797839]]}},{"type":"Feature","properties":{},"geometry":{"type":"LineString","coordinates":[[12.277628,41.796862],[12.277835,41.796916],[12.278011,41.796965],[12.278186,41.797013],[12.278362,41.797062],[12.278483,41.797096],[12.278687,41.79715],[12.278889,41.797207],[12.279064,41.797256],[12.279239,41.797304],[12.279415,41.797353],[12.279591,41.797401],[12.279651,41.797418],[12.27968,41.797419],[12.279708,41.797413],[12.279727,41.797399],[12.279736,41.797384],[12.279784,41.797275]]}},{"type":"Feature","properties":{},"geometry":{"type":"LineString","coordinates":[[12.277793,41.795695],[12.277973,41.795746],[12.278146,41.795796],[12.278339,41.795848],[12.278499,41.795894],[12.278626,41.795927]]}},{"type":"Feature","properties":{},"geometry":{"type":"LineString","coordinates":[[12.278146,41.795796],[12.277711,41.796707],[12.277628,41.796862]]}},{"type":"Feature","properties":{},"geometry":{"type":"LineString","coordinates":[[12.27955,41.797484],[12.279649,41.797511],[12.279671,41.797522],[12.279684,41.797538],[12.279675,41.797564],[12.279365,41.798285],[12.279336,41.798325],[12.279295,41.798349],[12.279227,41.798347],[12.279145,41.798324],[12.278969,41.798275],[12.278793,41.798226],[12.278616,41.798178],[12.27844,41.798129],[12.278289,41.798072],[12.278272,41.797985]]}},{"type":"Feature","properties":{},"geometry":{"type":"LineString","coordinates":[[12.278443,41.797184],[12.278641,41.797238],[12.278847,41.797293],[12.279022,41.797341],[12.279198,41.797389],[12.279374,41.797437],[12.27955,41.797484]]}},{"type":"Feature","properties":{},"geometry":{"type":"LineString","coordinates":[[12.277757,41.797839],[12.277925,41.797888]]}},{"type":"Feature","properties":{},"geometry":{"type":"LineString","coordinates":[[12.277711,41.796707],[12.277888,41.796756],[12.278064,41.796805],[12.278241,41.796853],[12.278417,41.796902],[12.27858,41.796947]]}},{"type":"Feature","properties":{},"geometry":{"type":"LineString","coordinates":[[12.278272,41.797985],[12.278097,41.797936],[12.277925,41.797888]]}},{"type":"Feature","properties":{},"geometry":{"type":"LineString","coordinates":[[12.258175,41.770378],[12.258265,41.770332],[12.258461,41.770182],[12.258473,41.77013],[12.258457,41.770086],[12.25841,41.770065],[12.258337,41.770065],[12.258105,41.770215],[12.258061,41.770296]]}},{"type":"Feature","properties":{},"geometry":{"type":"LineString","coordinates":[[12.257911,41.770177],[12.257968,41.77023],[12.258061,41.770296],[12.258175,41.770378],[12.258183,41.770455],[12.258091,41.770517],[12.258002,41.770531],[12.257735,41.770285]]}},{"type":"Feature","properties":{},"geometry":{"type":"LineString","coordinates":[[12.264934,41.788779],[12.263042,41.789403]]}},{"type":"Feature","properties":{},"geometry":{"type":"LineString","coordinates":[[12.264857,41.788656],[12.262974,41.789287]]}},{"type":"Feature","properties":{},"geometry":{"type":"LineString","coordinates":[[12.26312,41.789534],[12.263042,41.789403],[12.262974,41.789287],[12.262906,41.789171],[12.262821,41.789035],[12.26469,41.788377],[12.264771,41.788519]]}},{"type":"Feature","properties":{},"geometry":{"type":"LineString","coordinates":[[12.262706,41.789241],[12.262906,41.789171],[12.264771,41.788519],[12.264857,41.788656],[12.264934,41.788779],[12.26501,41.788901],[12.26312,41.789534],[12.262935,41.789596]]}},{"type":"Feature","properties":{},"geometry":{"type":"LineString","coordinates":[[12.265994,41.788324],[12.266018,41.788487]]}},{"type":"Feature","properties":{},"geometry":{"type":"LineString","coordinates":[[12.265481,41.788725],[12.265417,41.788615],[12.265913,41.788427],[12.266018,41.788487],[12.266026,41.788535],[12.265481,41.788725]]}},{"type":"Feature","properties":{},"geometry":{"type":"LineString","coordinates":[[12.257616,41.772075],[12.257534,41.772319]]}},{"type":"Feature","properties":{},"geometry":{"type":"LineString","coordinates":[[12.249932,41.794414],[12.24991,41.794399],[12.249889,41.794381],[12.249875,41.794364],[12.249869,41.794344],[12.249867,41.794327],[12.24987,41.794291],[12.249924,41.794226]]}},{"type":"Feature","properties":{"name":"PR 4"},"geometry":{"type":"LineString","coordinates":[[12.251482,41.792465],[12.251282,41.792443],[12.251131,41.792425],[12.251057,41.792417],[12.250842,41.792392],[12.250659,41.792371],[12.250632,41.792368],[12.250411,41.792343],[12.250396,41.792324],[12.250371,41.792291],[12.250326,41.792263],[12.250269,41.792248],[12.250226,41.792243],[12.250163,41.792245],[12.250101,41.792252],[12.250031,41.792271],[12.249978,41.792296],[12.249935,41.79233],[12.249896,41.792376],[12.249614,41.792873],[12.249563,41.792971],[12.249547,41.793032],[12.249542,41.793079],[12.249552,41.793156],[12.24957,41.793204],[12.249598,41.793257],[12.249644,41.793301],[12.249699,41.793335],[12.249883,41.793433]]}},{"type":"Feature","properties":{},"geometry":{"type":"LineString","coordinates":[[12.251253,41.792729],[12.251262,41.792705],[12.251283,41.792676],[12.251327,41.79263],[12.251482,41.792465]]}},{"type":"Feature","properties":{},"geometry":{"type":"LineString","coordinates":[[12.251057,41.792417],[12.250829,41.792252]]}},{"type":"Feature","properties":{},"geometry":{"type":"LineString","coordinates":[[12.251131,41.792425],[12.250926,41.792265]]}},{"type":"Feature","properties":{"name":"PR 4"},"geometry":{"type":"LineString","coordinates":[[12.250366,41.79338],[12.250779,41.793175]]}},{"type":"Feature","properties":{},"geometry":{"type":"LineString","coordinates":[[12.22596,41.776971],[12.225481,41.776666],[12.225423,41.77663]]}},{"type":"Feature","properties":{},"geometry":{"type":"LineString","coordinates":[[12.246376,41.786718],[12.246366,41.7868],[12.246361,41.786825],[12.246351,41.786851],[12.246335,41.786884],[12.246268,41.786992],[12.246249,41.787032],[12.246235,41.787073],[12.246227,41.787106],[12.246222,41.787135],[12.246192,41.78734]]}},{"type":"Feature","properties":{},"geometry":{"type":"LineString","coordinates":[[12.24887,41.79914],[12.249392,41.79809]]}},{"type":"Feature","properties":{},"geometry":{"type":"LineString","coordinates":[[12.225798,41.80272],[12.225907,41.802469]]}},{"type":"Feature","properties":{},"geometry":{"type":"LineString","coordinates":[[12.223071,41.802287],[12.223223,41.801906]]}},{"type":"Feature","properties":{},"geometry":{"type":"LineString","coordinates":[[12.222522,41.802043],[12.222622,41.80178]]}},{"type":"Feature","properties":{},"geometry":{"type":"LineString","coordinates":[[12.25503,41.771893],[12.255323,41.771741],[12.255388,41.77158]]}},{"type":"Feature","properties":{},"geometry":{"type":"LineString","coordinates":[[12.272185,41.804973],[12.272056,41.804981],[12.271968,41.804973],[12.271852,41.80495],[12.269035,41.804176],[12.268944,41.804143],[12.268877,41.80411],[12.268826,41.804075],[12.268784,41.804033],[12.268751,41.803985],[12.268723,41.803927],[12.268712,41.803869],[12.268711,41.803805],[12.268742,41.803731],[12.269125,41.802939],[12.2696,41.801948],[12.269623,41.801871],[12.269625,41.801793],[12.269617,41.801716],[12.269577,41.801631],[12.26952,41.801558],[12.269487,41.801507],[12.269419,41.801454],[12.269327,41.801412],[12.269235,41.801379],[12.268428,41.801161],[12.266991,41.800766],[12.26693,41.800733],[12.26689,41.800706],[12.266859,41.800657],[12.266842,41.800606],[12.266835,41.800537],[12.266837,41.800465],[12.266852,41.800401],[12.266878,41.800348],[12.266972,41.800161],[12.266997,41.800107],[12.266998,41.800075],[12.266978,41.800043],[12.266935,41.800014],[12.266886,41.799991],[12.267551,41.798633],[12.268248,41.79722],[12.268274,41.797151],[12.268269,41.797086],[12.26824,41.797025],[12.268169,41.796965],[12.268091,41.796929],[12.26802,41.796909],[12.267078,41.796633],[12.266493,41.796461],[12.266472,41.796456],[12.265241,41.796117],[12.26502,41.796059],[12.264926,41.79605],[12.264844,41.796068],[12.264762,41.796125],[12.264495,41.796544],[12.264148,41.797121],[12.263996,41.797378],[12.263944,41.797489],[12.263927,41.797561],[12.263898,41.79784],[12.263871,41.798119],[12.263854,41.798216],[12.263818,41.798304],[12.26343,41.798853],[12.26335,41.798936],[12.26325,41.798966],[12.263145,41.798964],[12.263045,41.798939],[12.262934,41.798888],[12.262827,41.798834],[12.262728,41.798767],[12.262631,41.7987],[12.262536,41.798667],[12.262413,41.798663],[12.262247,41.798708],[12.262051,41.798773],[12.261467,41.798978],[12.261418,41.798995],[12.261341,41.799021],[12.25953,41.799651],[12.258988,41.799835],[12.258313,41.800064],[12.257714,41.800255]]}},{"type":"Feature","properties":{"name":"Via Col Moschin n. 12"},"geometry":{"type":"LineString","coordinates":[[12.26159,41.77381],[12.262121,41.773754],[12.262427,41.77375],[12.262652,41.773878],[12.262641,41.774086],[12.26255,41.77423],[12.261949,41.774214],[12.261928,41.77413],[12.261761,41.77409]]}},{"type":"Feature","properties":{},"geometry":{"type":"LineString","coordinates":[[12.225023,41.805203],[12.225211,41.804742],[12.225523,41.804827]]}},{"type":"Feature","properties":{},"geometry":{"type":"LineString","coordinates":[[12.274705,41.797545],[12.275583,41.797783],[12.275751,41.797857],[12.276296,41.797997],[12.276383,41.79801],[12.276917,41.798051],[12.276964,41.798061],[12.27715,41.79811],[12.277337,41.798161],[12.277526,41.798215],[12.277694,41.798261]]}},{"type":"Feature","properties":{},"geometry":{"type":"LineString","coordinates":[[12.278326,41.799597],[12.278089,41.799476],[12.277696,41.799342],[12.277642,41.799277],[12.277085,41.79912]]}},{"type":"Feature","properties":{},"geometry":{"type":"LineString","coordinates":[[12.277012,41.798816],[12.277337,41.798161]]}},{"type":"Feature","properties":{},"geometry":{"type":"LineString","coordinates":[[12.276889,41.799065],[12.276695,41.799011],[12.276521,41.798963],[12.276335,41.798912],[12.276163,41.798864],[12.275986,41.798815],[12.27579,41.79876],[12.275614,41.798711],[12.275439,41.798662],[12.275267,41.798614],[12.275101,41.798568],[12.274919,41.798517],[12.274747,41.798469],[12.274576,41.798421]]}},{"type":"Feature","properties":{},"geometry":{"type":"LineString","coordinates":[[12.275267,41.798614],[12.275453,41.798229]]}},{"type":"Feature","properties":{},"geometry":{"type":"LineString","coordinates":[[12.275986,41.798815],[12.276181,41.798424]]}},{"type":"Feature","properties":{},"geometry":{"type":"LineString","coordinates":[[12.276163,41.798864],[12.276355,41.798474]]}},{"type":"Feature","properties":{},"geometry":{"type":"LineString","coordinates":[[12.276335,41.798912],[12.276698,41.798181]]}},{"type":"Feature","properties":{},"geometry":{"type":"LineString","coordinates":[[12.276641,41.798712],[12.276964,41.798061]]}},{"type":"Feature","properties":{},"geometry":{"type":"LineString","coordinates":[[12.276816,41.798761],[12.27715,41.79811]]}},{"type":"Feature","properties":{},"geometry":{"type":"LineString","coordinates":[[12.277199,41.798869],[12.277526,41.798215]]}},{"type":"Feature","properties":{},"geometry":{"type":"LineString","coordinates":[[12.277085,41.79912],[12.276889,41.799065]]}},{"type":"Feature","properties":{},"geometry":{"type":"LineString","coordinates":[[12.280202,41.796955],[12.280207,41.797048],[12.280198,41.797105],[12.280125,41.797278],[12.280125,41.797322],[12.280147,41.797373],[12.280196,41.797419],[12.28025,41.797449],[12.2803,41.797463]]}},{"type":"Feature","properties":{},"geometry":{"type":"LineString","coordinates":[[12.279718,41.797927],[12.279809,41.797861],[12.279851,41.797812],[12.279943,41.797644],[12.279981,41.79761],[12.280041,41.797582],[12.280118,41.79757],[12.280179,41.797575],[12.280238,41.797587]]}},{"type":"Feature","properties":{},"geometry":{"type":"LineString","coordinates":[[12.280153,41.797755],[12.280238,41.797587],[12.2803,41.797463],[12.280384,41.797296],[12.280272,41.797265],[12.280259,41.797259],[12.280252,41.797249],[12.280254,41.797236],[12.280313,41.797117],[12.280379,41.796983],[12.280443,41.796854],[12.280497,41.796744],[12.280507,41.796732],[12.280517,41.796728],[12.280531,41.796727],[12.281692,41.797065],[12.281634,41.797183],[12.281568,41.797321],[12.281503,41.797453],[12.281439,41.797586],[12.281358,41.797752],[12.281296,41.79788],[12.281214,41.798049],[12.281097,41.79829],[12.281026,41.798436],[12.280965,41.798563],[12.2809,41.798696],[12.280834,41.798831],[12.28079,41.798923],[12.280774,41.798941],[12.280743,41.798952],[12.280702,41.79895],[12.279608,41.798659],[12.279593,41.798651],[12.279581,41.798636],[12.279579,41.798616],[12.279614,41.798542],[12.279629,41.798512],[12.27969,41.798382],[12.279758,41.798242],[12.279818,41.798115],[12.279884,41.797976],[12.28001,41.797715],[12.280153,41.797755]]}},{"type":"Feature","properties":{},"geometry":{"type":"LineString","coordinates":[[12.279629,41.798512],[12.280834,41.798831]]}},{"type":"Feature","properties":{},"geometry":{"type":"LineString","coordinates":[[12.27969,41.798382],[12.2809,41.798696]]}},{"type":"Feature","properties":{},"geometry":{"type":"LineString","coordinates":[[12.279758,41.798242],[12.280965,41.798563]]}},{"type":"Feature","properties":{},"geometry":{"type":"LineString","coordinates":[[12.279818,41.798115],[12.281026,41.798436]]}},{"type":"Feature","properties":{},"geometry":{"type":"LineString","coordinates":[[12.279884,41.797976],[12.281097,41.79829]]}},{"type":"Feature","properties":{},"geometry":{"type":"LineString","coordinates":[[12.280153,41.797755],[12.281214,41.798049]]}},{"type":"Feature","properties":{},"geometry":{"type":"LineString","coordinates":[[12.280238,41.797587],[12.281296,41.79788]]}},{"type":"Feature","properties":{},"geometry":{"type":"LineString","coordinates":[[12.2803,41.797463],[12.281358,41.797752]]}},{"type":"Feature","properties":{},"geometry":{"type":"LineString","coordinates":[[12.280384,41.797296],[12.281439,41.797586]]}},{"type":"Feature","properties":{},"geometry":{"type":"LineString","coordinates":[[12.280313,41.797117],[12.281503,41.797453]]}},{"type":"Feature","properties":{},"geometry":{"type":"LineString","coordinates":[[12.280379,41.796983],[12.281568,41.797321]]}},{"type":"Feature","properties":{},"geometry":{"type":"LineString","coordinates":[[12.280443,41.796854],[12.281634,41.797183]]}},{"type":"Feature","properties":{},"geometry":{"type":"LineString","coordinates":[[12.275964,41.797806],[12.276028,41.797671],[12.276105,41.797509]]}},{"type":"Feature","properties":{},"geometry":{"type":"LineString","coordinates":[[12.277049,41.797902],[12.276911,41.79792],[12.27684,41.797918],[12.27674,41.797902],[12.276537,41.797852],[12.276455,41.79785],[12.276355,41.797854],[12.27627,41.79786],[12.276188,41.797853],[12.276111,41.79784],[12.275964,41.797806]]}},{"type":"Feature","properties":{},"geometry":{"type":"LineString","coordinates":[[12.276028,41.797671],[12.276163,41.797703],[12.276207,41.797705],[12.276276,41.797697],[12.27633,41.797679],[12.276366,41.79765],[12.276414,41.797564],[12.276476,41.797466],[12.276539,41.797398],[12.276629,41.797278]]}},{"type":"Feature","properties":{},"geometry":{"type":"LineString","coordinates":[[12.299742,41.807993],[12.299899,41.808075],[12.300046,41.808152],[12.300136,41.808199],[12.300219,41.808225],[12.300326,41.808249],[12.300457,41.808248],[12.300708,41.808155],[12.30086,41.808108],[12.301069,41.808067],[12.301147,41.807935],[12.301227,41.807789],[12.301307,41.807643],[12.301388,41.807497]]}},{"type":"Feature","properties":{},"geometry":{"type":"LineString","coordinates":[[12.299899,41.808075],[12.300075,41.807953],[12.300312,41.807831],[12.300478,41.807775],[12.300606,41.807732],[12.300944,41.807659],[12.30116,41.807644],[12.301307,41.807643]]}},{"type":"Feature","properties":{},"geometry":{"type":"LineString","coordinates":[[12.299924,41.808794],[12.299995,41.808827],[12.300061,41.808859],[12.300197,41.808726]]}},{"type":"Feature","properties":{},"geometry":{"type":"LineString","coordinates":[[12.299578,41.809135],[12.299961,41.809348],[12.300039,41.809391],[12.300261,41.809487],[12.300421,41.80923]]}},{"type":"Feature","properties":{},"geometry":{"type":"LineString","coordinates":[[12.303156,41.811628],[12.302867,41.811466],[12.302728,41.811388],[12.30201,41.812099],[12.30189,41.812032],[12.300078,41.811015],[12.299869,41.811222]]}},{"type":"Feature","properties":{},"geometry":{"type":"LineString","coordinates":[[12.29859,41.810506],[12.298276,41.810814],[12.297905,41.810604]]}},{"type":"Feature","properties":{},"geometry":{"type":"LineString","coordinates":[[12.297983,41.809556],[12.297919,41.809288],[12.297827,41.808905]]}},{"type":"Feature","properties":{},"geometry":{"type":"LineString","coordinates":[[12.297717,41.809315],[12.297919,41.809288]]}},{"type":"Feature","properties":{},"geometry":{"type":"LineString","coordinates":[[12.299333,41.809169],[12.299468,41.809038],[12.29957,41.808938],[12.299694,41.808819],[12.299807,41.808709],[12.299871,41.808646],[12.299914,41.808605],[12.299918,41.808592],[12.299914,41.80858],[12.299406,41.808284]]}},{"type":"Feature","properties":{},"geometry":{"type":"LineString","coordinates":[[12.299285,41.808407],[12.299807,41.808709]]}},{"type":"Feature","properties":{},"geometry":{"type":"LineString","coordinates":[[12.299165,41.808529],[12.299694,41.808819]]}},{"type":"Feature","properties":{},"geometry":{"type":"LineString","coordinates":[[12.299046,41.80865],[12.29957,41.808938]]}},{"type":"Feature","properties":{},"geometry":{"type":"LineString","coordinates":[[12.298945,41.808752],[12.299468,41.809038]]}},{"type":"Feature","properties":{},"geometry":{"type":"LineString","coordinates":[[12.299658,41.809523],[12.299388,41.809377],[12.299083,41.809209],[12.29901,41.809183]]}},{"type":"Feature","properties":{},"geometry":{"type":"LineString","coordinates":[[12.299047,41.809379],[12.299142,41.809422],[12.299269,41.809491],[12.299541,41.809647]]}},{"type":"Feature","properties":{},"geometry":{"type":"LineString","coordinates":[[12.299807,41.808709],[12.299863,41.808741],[12.299935,41.808783]]}},{"type":"Feature","properties":{},"geometry":{"type":"LineString","coordinates":[[12.299694,41.808819],[12.29975,41.80885],[12.299824,41.808893]]}},{"type":"Feature","properties":{},"geometry":{"type":"LineString","coordinates":[[12.298805,41.810626],[12.299012,41.810418],[12.298147,41.809941]]}},{"type":"Feature","properties":{},"geometry":{"type":"LineString","coordinates":[[12.297491,41.808264],[12.29765,41.808272],[12.297707,41.808281],[12.297757,41.808297],[12.298043,41.80845]]}},{"type":"Feature","properties":{},"geometry":{"type":"LineString","coordinates":[[12.297736,41.808759],[12.298043,41.80845],[12.298279,41.808212],[12.298142,41.808136],[12.298306,41.80797]]}},{"type":"Feature","properties":{},"geometry":{"type":"LineString","coordinates":[[12.294773,41.807071],[12.294893,41.806951],[12.295006,41.806838],[12.295117,41.806726],[12.295239,41.806603],[12.295356,41.806485],[12.295462,41.806378]]}},{"type":"Feature","properties":{},"geometry":{"type":"LineString","coordinates":[[12.294345,41.806847],[12.294474,41.806713],[12.294584,41.806598],[12.294692,41.806486],[12.294814,41.806359],[12.294923,41.806245],[12.295027,41.806137],[12.295208,41.805948]]}},{"type":"Feature","properties":{},"geometry":{"type":"LineString","coordinates":[[12.294462,41.805352],[12.294346,41.805469],[12.295208,41.805948],[12.295368,41.806037],[12.295606,41.80617]]}},{"type":"Feature","properties":{},"geometry":{"type":"LineString","coordinates":[[12.295368,41.806037],[12.295447,41.805958],[12.295239,41.805837],[12.295197,41.805799],[12.295149,41.805732]]}},{"type":"Feature","properties":{},"geometry":{"type":"LineString","coordinates":[[12.294474,41.806713],[12.294893,41.806951],[12.295331,41.807201],[12.295404,41.807065],[12.295476,41.806929],[12.295554,41.806784],[12.295632,41.806638],[12.2957,41.80651],[12.295462,41.806378],[12.295027,41.806137]]}},{"type":"Feature","properties":{},"geometry":{"type":"LineString","coordinates":[[12.294584,41.806598],[12.295006,41.806838],[12.295404,41.807065]]}},{"type":"Feature","properties":{},"geometry":{"type":"LineString","coordinates":[[12.294692,41.806486],[12.295117,41.806726],[12.295476,41.806929]]}},{"type":"Feature","properties":{},"geometry":{"type":"LineString","coordinates":[[12.294814,41.806359],[12.295239,41.806603],[12.295554,41.806784]]}},{"type":"Feature","properties":{},"geometry":{"type":"LineString","coordinates":[[12.294923,41.806245],[12.295356,41.806485],[12.295632,41.806638]]}},{"type":"Feature","properties":{},"geometry":{"type":"LineString","coordinates":[[12.295476,41.806929],[12.295582,41.806959],[12.295666,41.806983],[12.295696,41.806985],[12.296144,41.80702],[12.296997,41.807085]]}},{"type":"Feature","properties":{},"geometry":{"type":"LineString","coordinates":[[12.296086,41.807449],[12.296101,41.807339],[12.296122,41.80718],[12.296144,41.80702],[12.296164,41.806867],[12.296186,41.806706],[12.296206,41.806555]]}},{"type":"Feature","properties":{},"geometry":{"type":"LineString","coordinates":[[12.295613,41.807142],[12.296122,41.80718],[12.296915,41.807241]]}},{"type":"Feature","properties":{},"geometry":{"type":"LineString","coordinates":[[12.295775,41.806837],[12.296164,41.806867],[12.297069,41.806937]]}},{"type":"Feature","properties":{},"geometry":{"type":"LineString","coordinates":[[12.295857,41.806684],[12.296186,41.806706],[12.296717,41.806742]]}},{"type":"Feature","properties":{},"geometry":{"type":"LineString","coordinates":[[12.295936,41.806536],[12.296206,41.806555],[12.296402,41.806568]]}},{"type":"Feature","properties":{},"geometry":{"type":"LineString","coordinates":[[12.296101,41.807339],[12.295561,41.807297],[12.295545,41.807289],[12.295543,41.807273],[12.295613,41.807142],[12.295696,41.806985],[12.295775,41.806837],[12.295857,41.806684],[12.295936,41.806536]]}},{"type":"Feature","properties":{},"geometry":{"type":"LineString","coordinates":[[12.296402,41.806568],[12.296717,41.806742],[12.297069,41.806937]]}},{"type":"Feature","properties":{},"geometry":{"type":"LineString","coordinates":[[12.297069,41.806937],[12.296997,41.807085],[12.296915,41.807241],[12.296836,41.807395],[12.296766,41.807532],[12.296721,41.807564],[12.296681,41.807587],[12.296633,41.807601],[12.296586,41.807611]]}},{"type":"Feature","properties":{},"geometry":{"type":"LineString","coordinates":[[12.296101,41.807339],[12.296836,41.807395]]}},{"type":"Feature","properties":{},"geometry":{"type":"LineString","coordinates":[[12.294961,41.807179],[12.294841,41.807304],[12.29473,41.807418],[12.295076,41.807605],[12.29524,41.80766],[12.295406,41.807695],[12.295839,41.807727],[12.295862,41.807588],[12.295888,41.807435]]}},{"type":"Feature","properties":{},"geometry":{"type":"LineString","coordinates":[[12.29473,41.807418],[12.294226,41.807145],[12.294115,41.807085]]}},{"type":"Feature","properties":{},"geometry":{"type":"LineString","coordinates":[[12.295839,41.807727],[12.296452,41.807773],[12.296563,41.807781]]}},{"type":"Feature","properties":{},"geometry":{"type":"LineString","coordinates":[[12.29662,41.806466],[12.296743,41.806341],[12.296874,41.806206],[12.297008,41.806069],[12.297138,41.805935]]}},{"type":"Feature","properties":{},"geometry":{"type":"LineString","coordinates":[[12.297138,41.805935],[12.296549,41.805609],[12.296023,41.805318],[12.295031,41.804768],[12.294902,41.804898],[12.294769,41.805031],[12.294636,41.805164],[12.294526,41.805275]]}},{"type":"Feature","properties":{},"geometry":{"type":"LineString","coordinates":[[12.296424,41.806164],[12.296743,41.806341],[12.29775,41.806922],[12.297789,41.806932],[12.297823,41.806932],[12.297859,41.806922],[12.297894,41.806894],[12.297929,41.806806],[12.297999,41.806626],[12.29804,41.806519],[12.298047,41.806481],[12.298029,41.806441],[12.298002,41.806415],[12.297138,41.805935]]}},{"type":"Feature","properties":{},"geometry":{"type":"LineString","coordinates":[[12.294636,41.805164],[12.295627,41.805719],[12.295891,41.805867]]}},{"type":"Feature","properties":{},"geometry":{"type":"LineString","coordinates":[[12.295516,41.805832],[12.295627,41.805719],[12.295763,41.805582],[12.295896,41.805446],[12.296023,41.805318]]}},{"type":"Feature","properties":{},"geometry":{"type":"LineString","coordinates":[[12.295763,41.805582],[12.296874,41.806206]]}},{"type":"Feature","properties":{},"geometry":{"type":"LineString","coordinates":[[12.295896,41.805446],[12.297008,41.806069]]}},{"type":"Feature","properties":{},"geometry":{"type":"LineString","coordinates":[[12.296874,41.806206],[12.297929,41.806806]]}},{"type":"Feature","properties":{},"geometry":{"type":"LineString","coordinates":[[12.297008,41.806069],[12.297999,41.806626],[12.298177,41.80668]]}},{"type":"Feature","properties":{},"geometry":{"type":"LineString","coordinates":[[12.295896,41.805446],[12.294902,41.804898]]}},{"type":"Feature","properties":{},"geometry":{"type":"LineString","coordinates":[[12.295763,41.805582],[12.294769,41.805031]]}},{"type":"Feature","properties":{},"geometry":{"type":"LineString","coordinates":[[12.294044,41.808027],[12.294143,41.807943],[12.29417,41.807932],[12.294201,41.80793],[12.29424,41.807939],[12.294278,41.807963],[12.29509,41.80842],[12.295134,41.808432],[12.295189,41.808434],[12.295402,41.808393],[12.29556,41.808362],[12.295601,41.808365],[12.29564,41.808379],[12.295655,41.808404],[12.295663,41.808497]]}},{"type":"Feature","properties":{},"geometry":{"type":"LineString","coordinates":[[12.29753,41.807906],[12.297368,41.807861]]}},{"type":"Feature","properties":{},"geometry":{"type":"LineString","coordinates":[[12.296814,41.808297],[12.297139,41.808377],[12.297368,41.807861],[12.297575,41.807394],[12.297574,41.80734],[12.297558,41.807283],[12.297532,41.807211],[12.2975,41.807166],[12.297222,41.806994],[12.297189,41.806966],[12.297151,41.80692],[12.297101,41.80686],[12.297063,41.806811]]}},{"type":"Feature","properties":{},"geometry":{"type":"LineString","coordinates":[[12.296997,41.807085],[12.297428,41.807205]]}},{"type":"Feature","properties":{},"geometry":{"type":"LineString","coordinates":[[12.290608,41.807362],[12.290496,41.807473],[12.289379,41.80858],[12.289049,41.808395],[12.290168,41.807289],[12.290282,41.807177]]}},{"type":"Feature","properties":{},"geometry":{"type":"LineString","coordinates":[[12.292775,41.807314],[12.292477,41.807609]]}},{"type":"Feature","properties":{},"geometry":{"type":"LineString","coordinates":[[12.249042,41.793711],[12.24897,41.793612],[12.248919,41.793493],[12.248878,41.793358],[12.24886,41.793221],[12.24885,41.793138],[12.248882,41.792988],[12.248911,41.792891],[12.248964,41.79282],[12.249092,41.792689]]}},{"type":"Feature","properties":{"name":"Taxi"},"geometry":{"type":"LineString","coordinates":[[12.255301,41.794381],[12.255239,41.794441],[12.254976,41.794582],[12.254861,41.794647],[12.254764,41.794687],[12.25387,41.79511],[12.253864,41.795113],[12.253541,41.795259],[12.25325,41.79536],[12.253068,41.795406],[12.252973,41.795424],[12.252874,41.795436],[12.252791,41.79544],[12.252685,41.795439],[12.2526,41.795434],[12.252545,41.795429],[12.252517,41.795426],[12.252439,41.795417],[12.252379,41.795408],[12.252325,41.795398],[12.252253,41.79538],[12.252196,41.795363],[12.25212,41.795335],[12.251957,41.79526],[12.251287,41.794896],[12.251065,41.794776],[12.250955,41.794713],[12.250886,41.794658],[12.250832,41.794592]]}},{"type":"Feature","properties":{},"geometry":{"type":"LineString","coordinates":[[12.255825,41.794142],[12.255755,41.794168],[12.255681,41.794199],[12.255632,41.794222],[12.255555,41.794263],[12.255301,41.794381],[12.255055,41.794495],[12.254731,41.794648],[12.254182,41.794902],[12.253946,41.795014],[12.253833,41.795067],[12.253452,41.795243],[12.253304,41.795303],[12.253141,41.795357],[12.252995,41.795384],[12.252919,41.795396],[12.252834,41.795403],[12.25276,41.795405],[12.252685,41.795403],[12.252681,41.795403],[12.252614,41.795399],[12.252548,41.795392],[12.252474,41.795381],[12.252405,41.795368],[12.252317,41.795347],[12.252236,41.795322],[12.251992,41.795222],[12.251322,41.794855],[12.251149,41.794764],[12.250832,41.794592],[12.250736,41.794539],[12.250641,41.794485],[12.250432,41.794353]]}},{"type":"Feature","properties":{"name":"Via Francesco Baracca"},"geometry":{"type":"LineString","coordinates":[[12.250432,41.794353],[12.250345,41.794303],[12.250331,41.794296],[12.250023,41.794122],[12.249936,41.79408],[12.249737,41.793996],[12.249674,41.793964],[12.249546,41.793879],[12.249441,41.793772],[12.24937,41.793681],[12.249305,41.793587],[12.24925,41.793464],[12.249223,41.793272]]}},{"type":"Feature","properties":{},"geometry":{"type":"LineString","coordinates":[[12.251629,41.792775],[12.25184,41.792553]]}},{"type":"Feature","properties":{},"geometry":{"type":"LineString","coordinates":[[12.251914,41.793121],[12.25184,41.793086],[12.25181,41.793057],[12.251793,41.793033]]}},{"type":"Feature","properties":{},"geometry":{"type":"LineString","coordinates":[[12.252019,41.792591],[12.252013,41.792614],[12.251959,41.792681],[12.25181,41.792836],[12.251789,41.792847],[12.251762,41.792844],[12.251629,41.792775],[12.251542,41.792731],[12.251475,41.792696]]}},{"type":"Feature","properties":{},"geometry":{"type":"LineString","coordinates":[[12.251793,41.793033],[12.251783,41.793019],[12.251717,41.792977],[12.251528,41.792884],[12.251468,41.792849],[12.251428,41.792808],[12.251415,41.792791],[12.251421,41.792768],[12.251475,41.792696],[12.251481,41.792688],[12.25165,41.792506],[12.25184,41.792553],[12.252019,41.792591],[12.252095,41.792624],[12.25213,41.79266],[12.252124,41.792692],[12.252068,41.792745],[12.251898,41.792927],[12.251819,41.793007],[12.25181,41.793016],[12.251793,41.793033]]}},{"type":"Feature","properties":{},"geometry":{"type":"LineString","coordinates":[[12.251416,41.793343],[12.251433,41.793371],[12.251433,41.793403],[12.25143,41.793426]]}},{"type":"Feature","properties":{},"geometry":{"type":"LineString","coordinates":[[12.251107,41.793188],[12.251274,41.793262],[12.251416,41.793343],[12.25146,41.793349],[12.251499,41.793328],[12.251565,41.793287]]}},{"type":"Feature","properties":{},"geometry":{"type":"LineString","coordinates":[[12.251565,41.793287],[12.251454,41.793402],[12.25143,41.793426],[12.251313,41.793544],[12.251249,41.793652],[12.251149,41.793775],[12.251087,41.793835],[12.250936,41.793988],[12.250899,41.793995],[12.250813,41.793958],[12.250646,41.793874],[12.25049,41.793792],[12.250376,41.793696],[12.250371,41.793674],[12.250386,41.793644],[12.250498,41.793532],[12.250554,41.793475],[12.250609,41.793418],[12.250656,41.793377],[12.250789,41.793323],[12.250858,41.793294],[12.250924,41.793267],[12.251107,41.793188]]}},{"type":"Feature","properties":{},"geometry":{"type":"LineString","coordinates":[[12.251401,41.792929],[12.251374,41.79294],[12.250779,41.793175]]}},{"type":"Feature","properties":{},"geometry":{"type":"LineString","coordinates":[[12.251482,41.792465],[12.251501,41.79244],[12.251517,41.792406],[12.251521,41.792385],[12.25153,41.792349]]}},{"type":"Feature","properties":{},"geometry":{"type":"LineString","coordinates":[[12.252345,41.792539],[12.252283,41.792578],[12.252205,41.792656],[12.252127,41.792741],[12.252093,41.792825],[12.252084,41.79288],[12.252072,41.792923],[12.252023,41.792975],[12.251963,41.793035],[12.251914,41.793121],[12.251837,41.793217],[12.251809,41.793248],[12.251758,41.793301],[12.25165,41.793417],[12.251637,41.793449],[12.251644,41.793465],[12.251666,41.793483]]}},{"type":"Feature","properties":{},"geometry":{"type":"LineString","coordinates":[[12.251787,41.793835],[12.25193,41.79369],[12.25193,41.793671],[12.251929,41.793637],[12.252012,41.793553],[12.252296,41.793259],[12.252443,41.793105],[12.252479,41.793085],[12.252589,41.793065],[12.252652,41.79305],[12.252693,41.793019],[12.252849,41.792849],[12.252875,41.792821]]}},{"type":"Feature","properties":{},"geometry":{"type":"LineString","coordinates":[[12.252431,41.793339],[12.252535,41.793274],[12.252544,41.793265],[12.25256,41.793248],[12.252591,41.793233],[12.252624,41.793233],[12.253028,41.79345],[12.253059,41.793467]]}},{"type":"Feature","properties":{},"geometry":{"type":"LineString","coordinates":[[12.249959,41.793475],[12.24994,41.793517],[12.249911,41.793557],[12.249868,41.793597],[12.24983,41.793608],[12.249711,41.793571],[12.249629,41.793554],[12.249582,41.79354],[12.24954,41.793522],[12.249439,41.79347]]}},{"type":"Feature","properties":{},"geometry":{"type":"LineString","coordinates":[[12.250086,41.793537],[12.250143,41.79356],[12.250173,41.793562],[12.250205,41.793542],[12.250254,41.793487],[12.250257,41.793464],[12.250215,41.793427],[12.250105,41.793371],[12.250015,41.793323],[12.24998,41.793312],[12.249956,41.793325],[12.249885,41.793416],[12.249883,41.793433],[12.249911,41.793448],[12.249959,41.793475],[12.250086,41.793537]]}},{"type":"Feature","properties":{},"geometry":{"type":"LineString","coordinates":[[12.254105,41.781697],[12.253921,41.781695],[12.253546,41.781551],[12.253203,41.781495],[12.253047,41.781499]]}},{"type":"Feature","properties":{},"geometry":{"type":"LineString","coordinates":[[12.249786,41.774139],[12.24992,41.774172],[12.249994,41.774201],[12.250056,41.774258],[12.250072,41.774316],[12.250041,41.774438]]}},{"type":"Feature","properties":{},"geometry":{"type":"LineString","coordinates":[[12.258607,41.797932],[12.257114,41.795617],[12.256989,41.795423]]}},{"type":"Feature","properties":{},"geometry":{"type":"LineString","coordinates":[[12.251557,41.790057],[12.251554,41.79002],[12.251557,41.789981],[12.25162,41.789591],[12.251629,41.789545],[12.251561,41.789524],[12.251457,41.789519],[12.251425,41.789507],[12.251412,41.789469],[12.251441,41.789287],[12.251592,41.788315],[12.251635,41.78803],[12.251642,41.787988],[12.251705,41.787625],[12.251716,41.787547],[12.25176,41.787512],[12.251858,41.787481],[12.251933,41.787471],[12.252014,41.787482],[12.252107,41.787529],[12.252134,41.787594],[12.252132,41.787715],[12.252092,41.787991],[12.252031,41.788089],[12.251997,41.788308],[12.251908,41.788345]]}},{"type":"Feature","properties":{},"geometry":{"type":"LineString","coordinates":[[12.251592,41.788315],[12.251197,41.788286]]}},{"type":"Feature","properties":{},"geometry":{"type":"LineString","coordinates":[[12.251635,41.78803],[12.251247,41.787994]]}},{"type":"Feature","properties":{},"geometry":{"type":"LineString","coordinates":[[12.29306,41.80663],[12.292722,41.806974],[12.292524,41.807175]]}},{"type":"Feature","properties":{},"geometry":{"type":"LineString","coordinates":[[12.292722,41.806974],[12.292784,41.807009],[12.293253,41.807275],[12.293573,41.80745],[12.293589,41.807484],[12.293573,41.807522],[12.293538,41.807548],[12.2935,41.807564],[12.293441,41.80756],[12.292704,41.807152],[12.292685,41.807118],[12.292709,41.807076],[12.292784,41.807009]]}},{"type":"Feature","properties":{},"geometry":{"type":"LineString","coordinates":[[12.293253,41.807275],[12.293404,41.807127],[12.293838,41.807371]]}},{"type":"Feature","properties":{},"geometry":{"type":"LineString","coordinates":[[12.293404,41.807127],[12.293618,41.806916]]}},{"type":"Feature","properties":{},"geometry":{"type":"LineString","coordinates":[[12.29524,41.80766],[12.295286,41.807548],[12.295327,41.807469]]}},{"type":"Feature","properties":{},"geometry":{"type":"LineString","coordinates":[[12.294226,41.807145],[12.294345,41.807022],[12.294841,41.807304],[12.295286,41.807548],[12.295862,41.807588],[12.29647,41.807632],[12.296452,41.807773]]}},{"type":"Feature","properties":{},"geometry":{"type":"LineString","coordinates":[[12.296549,41.805609],[12.296659,41.805491]]}},{"type":"Feature","properties":{"name":"Via Alessandro Volta"},"geometry":{"type":"LineString","coordinates":[[12.300179,41.809644],[12.300151,41.809702],[12.300077,41.809847],[12.299974,41.810045],[12.299978,41.810066],[12.299996,41.810083],[12.300114,41.81015],[12.300252,41.810224]]}},{"type":"Feature","properties":{"name":"Via Alessandro Volta"},"geometry":{"type":"LineString","coordinates":[[12.299102,41.808593],[12.299046,41.80865],[12.298945,41.808752],[12.298819,41.80888]]}},{"type":"Feature","properties":{},"geometry":{"type":"LineString","coordinates":[[12.29901,41.809183],[12.298989,41.809112],[12.298968,41.809003],[12.298977,41.808968]]}},{"type":"Feature","properties":{"name":"Via Alessandro Volta"},"geometry":{"type":"LineString","coordinates":[[12.29901,41.809183],[12.299024,41.809251],[12.299047,41.809379]]}},{"type":"Feature","properties":{"name":"Via Alessandro Volta"},"geometry":{"type":"LineString","coordinates":[[12.299047,41.809379],[12.299065,41.809553],[12.29915,41.809604]]}},{"type":"Feature","properties":{},"geometry":{"type":"LineString","coordinates":[[12.29915,41.809604],[12.299351,41.809713],[12.299407,41.809732],[12.299444,41.809726],[12.299493,41.809702],[12.299541,41.809647]]}},{"type":"Feature","properties":{},"geometry":{"type":"LineString","coordinates":[[12.299541,41.809647],[12.299658,41.809523]]}},{"type":"Feature","properties":{},"geometry":{"type":"LineString","coordinates":[[12.299658,41.809523],[12.299697,41.80949],[12.299733,41.809461],[12.299748,41.809449],[12.299768,41.809445],[12.299792,41.809444],[12.299824,41.809445]]}},{"type":"Feature","properties":{},"geometry":{"type":"LineString","coordinates":[[12.290757,41.824009],[12.290859,41.824019],[12.291056,41.824108]]}},{"type":"Feature","properties":{"name":"Largo Aldo Abbrugiati"},"geometry":{"type":"LineString","coordinates":[[12.234012,41.771605],[12.234238,41.771688]]}},{"type":"Feature","properties":{},"geometry":{"type":"LineString","coordinates":[[12.259281,41.788596],[12.259231,41.788531],[12.259186,41.788533],[12.259066,41.788476],[12.259006,41.788478],[12.258764,41.788364],[12.258632,41.788279],[12.258626,41.788258],[12.258626,41.788239],[12.258648,41.788203],[12.258667,41.788193],[12.258701,41.788195],[12.258773,41.788221],[12.259049,41.788381],[12.25909,41.788413],[12.259119,41.788446],[12.259232,41.788512],[12.259231,41.788531]]}},{"type":"Feature","properties":{},"geometry":{"type":"LineString","coordinates":[[12.222742,41.824135],[12.222733,41.824073],[12.222745,41.824025],[12.22279,41.823916],[12.222984,41.823462],[12.22305,41.823313],[12.223376,41.822533],[12.223665,41.821834],[12.224004,41.821039],[12.224262,41.820398]]}},{"type":"Feature","properties":{},"geometry":{"type":"LineString","coordinates":[[12.297386,41.804397],[12.297342,41.80444],[12.297306,41.804486],[12.297279,41.804536],[12.297263,41.804581],[12.297255,41.804628],[12.297255,41.804675],[12.297262,41.804722]]}},{"type":"Feature","properties":{},"geometry":{"type":"LineString","coordinates":[[12.300829,41.805873],[12.300545,41.805705],[12.298711,41.804711]]}},{"type":"Feature","properties":{},"geometry":{"type":"LineString","coordinates":[[12.251812,41.784466],[12.251793,41.784508],[12.251764,41.784546],[12.251727,41.78458],[12.251682,41.784609],[12.251632,41.784631],[12.251566,41.784647],[12.25149,41.784653],[12.251314,41.784649],[12.251224,41.784681]]}},{"type":"Feature","properties":{},"geometry":{"type":"LineString","coordinates":[[12.253964,41.794891],[12.253946,41.795014]]}},{"type":"Feature","properties":{},"geometry":{"type":"LineString","coordinates":[[12.251518,41.795092],[12.251267,41.79514]]}},{"type":"Feature","properties":{},"geometry":{"type":"LineString","coordinates":[[12.251313,41.793544],[12.251265,41.793553],[12.251227,41.793549],[12.250883,41.793365],[12.250866,41.793336],[12.250858,41.793294]]}},{"type":"Feature","properties":{},"geometry":{"type":"LineString","coordinates":[[12.251087,41.793835],[12.251052,41.793814]]}},{"type":"Feature","properties":{},"geometry":{"type":"LineString","coordinates":[[12.251107,41.793188],[12.251179,41.793165],[12.251295,41.793112],[12.251332,41.793117],[12.251511,41.79322]]}},{"type":"Feature","properties":{},"geometry":{"type":"LineString","coordinates":[[12.251401,41.792929],[12.251444,41.79296],[12.251551,41.793022],[12.251633,41.793068],[12.251686,41.793097],[12.251705,41.793118],[12.251702,41.793146],[12.251651,41.793199],[12.251585,41.793266],[12.251565,41.793287]]}},{"type":"Feature","properties":{},"geometry":{"type":"LineString","coordinates":[[12.250621,41.789557],[12.250749,41.789487],[12.250806,41.789455]]}},{"type":"Feature","properties":{},"geometry":{"type":"LineString","coordinates":[[12.249646,41.7896],[12.249858,41.789621]]}},{"type":"Feature","properties":{},"geometry":{"type":"LineString","coordinates":[[12.249657,41.789535],[12.249868,41.789554]]}},{"type":"Feature","properties":{},"geometry":{"type":"LineString","coordinates":[[12.254445,41.793552],[12.254435,41.793563],[12.254375,41.793627]]}},{"type":"Feature","properties":{},"geometry":{"type":"LineString","coordinates":[[12.254584,41.793744],[12.254546,41.793669],[12.254442,41.793591],[12.254466,41.793564]]}},{"type":"Feature","properties":{},"geometry":{"type":"LineString","coordinates":[[12.255391,41.79224],[12.255391,41.792265],[12.255379,41.792288],[12.255358,41.792307],[12.255329,41.79232],[12.255297,41.792326],[12.255263,41.792323],[12.255232,41.792313],[12.255208,41.792295],[12.255193,41.792273],[12.255188,41.792247],[12.255195,41.792223],[12.255201,41.792215],[12.255212,41.792201],[12.255238,41.792185],[12.25527,41.792175],[12.255303,41.792175],[12.255335,41.792182],[12.255362,41.792196],[12.255382,41.792216],[12.255391,41.79224]]}},{"type":"Feature","properties":{},"geometry":{"type":"LineString","coordinates":[[12.255067,41.792432],[12.255193,41.792273]]}},{"type":"Feature","properties":{},"geometry":{"type":"LineString","coordinates":[[12.255329,41.79232],[12.255425,41.792355],[12.255784,41.792408],[12.255891,41.792394],[12.256025,41.792397],[12.256143,41.792418],[12.256249,41.792449],[12.256347,41.79249],[12.256424,41.79253],[12.256508,41.792604]]}},{"type":"Feature","properties":{},"geometry":{"type":"LineString","coordinates":[[12.255825,41.792288],[12.255945,41.792162],[12.256062,41.792039],[12.256179,41.791917],[12.256294,41.791796],[12.256412,41.791672],[12.256529,41.791549],[12.256658,41.791414]]}},{"type":"Feature","properties":{},"geometry":{"type":"LineString","coordinates":[[12.255303,41.792175],[12.255338,41.7921],[12.255425,41.792003],[12.255446,41.791938],[12.255623,41.791756],[12.255688,41.791728],[12.255748,41.791731],[12.255883,41.791804],[12.255907,41.791844],[12.255903,41.791902],[12.255721,41.792099],[12.255643,41.792109],[12.255425,41.792003]]}},{"type":"Feature","properties":{},"geometry":{"type":"LineString","coordinates":[[12.255201,41.792215],[12.255021,41.792105],[12.254995,41.792073],[12.254971,41.792043],[12.254226,41.791644],[12.254109,41.791761],[12.254075,41.791844],[12.25408,41.791941],[12.254123,41.792022],[12.254191,41.792095],[12.25427,41.792142],[12.254373,41.79217],[12.25489,41.792234],[12.254971,41.792244]]}},{"type":"Feature","properties":{},"geometry":{"type":"LineString","coordinates":[[12.25489,41.792234],[12.254918,41.792122],[12.254995,41.792073]]}},{"type":"Feature","properties":{},"geometry":{"type":"LineString","coordinates":[[12.254109,41.791761],[12.254725,41.792077],[12.254918,41.792122]]}},{"type":"Feature","properties":{},"geometry":{"type":"LineString","coordinates":[[12.256658,41.791414],[12.256624,41.791561],[12.256592,41.791698],[12.256561,41.791831],[12.256531,41.791963],[12.2565,41.792096],[12.256469,41.792229],[12.256439,41.792358],[12.255825,41.792288]]}},{"type":"Feature","properties":{},"geometry":{"type":"LineString","coordinates":[[12.256708,41.791201],[12.256066,41.790854],[12.255907,41.790768],[12.255316,41.790448]]}},{"type":"Feature","properties":{},"geometry":{"type":"LineString","coordinates":[[12.255422,41.790332],[12.255394,41.790362],[12.255316,41.790448],[12.254806,41.791007]]}},{"type":"Feature","properties":{},"geometry":{"type":"LineString","coordinates":[[12.255569,41.791226],[12.255552,41.791245],[12.255528,41.791258],[12.2555,41.791265],[12.255472,41.791264],[12.255446,41.791257],[12.255424,41.791244],[12.255409,41.791227],[12.255401,41.791207],[12.255403,41.791186],[12.255413,41.791167],[12.255431,41.791151],[12.255454,41.79114],[12.255481,41.791135],[12.255511,41.791137],[12.255538,41.791146],[12.25556,41.791162],[12.255573,41.791182],[12.255576,41.791204],[12.255569,41.791226]]}},{"type":"Feature","properties":{},"geometry":{"type":"LineString","coordinates":[[12.255538,41.791146],[12.255907,41.790768]]}},{"type":"Feature","properties":{},"geometry":{"type":"LineString","coordinates":[[12.256469,41.792229],[12.255945,41.792162]]}},{"type":"Feature","properties":{},"geometry":{"type":"LineString","coordinates":[[12.255382,41.792216],[12.255489,41.792246],[12.255635,41.792324],[12.255699,41.792338],[12.255752,41.792331],[12.255804,41.792309],[12.255825,41.792288]]}},{"type":"Feature","properties":{},"geometry":{"type":"LineString","coordinates":[[12.2565,41.792096],[12.256062,41.792039]]}},{"type":"Feature","properties":{},"geometry":{"type":"LineString","coordinates":[[12.256658,41.791414],[12.256708,41.791201],[12.256765,41.790954],[12.256743,41.790923],[12.256066,41.790854]]}},{"type":"Feature","properties":{},"geometry":{"type":"LineString","coordinates":[[12.256531,41.791963],[12.256179,41.791917]]}},{"type":"Feature","properties":{},"geometry":{"type":"LineString","coordinates":[[12.256561,41.791831],[12.256294,41.791796]]}},{"type":"Feature","properties":{},"geometry":{"type":"LineString","coordinates":[[12.256592,41.791698],[12.256412,41.791672]]}},{"type":"Feature","properties":{},"geometry":{"type":"LineString","coordinates":[[12.256624,41.791561],[12.256529,41.791549]]}},{"type":"Feature","properties":{},"geometry":{"type":"LineString","coordinates":[[12.254623,41.793924],[12.254648,41.793895],[12.254672,41.793866],[12.254688,41.793796]]}},{"type":"Feature","properties":{},"geometry":{"type":"LineString","coordinates":[[12.25528,41.79416],[12.255218,41.794166],[12.255079,41.794224],[12.255028,41.79423],[12.254982,41.794226],[12.254946,41.794216],[12.25492,41.7942],[12.254909,41.794193]]}},{"type":"Feature","properties":{},"geometry":{"type":"LineString","coordinates":[[12.254335,41.793994],[12.254311,41.794074],[12.254164,41.794229],[12.254272,41.794288],[12.254582,41.79395],[12.254737,41.794031],[12.254411,41.794366]]}},{"type":"Feature","properties":{},"geometry":{"type":"LineString","coordinates":[[12.254411,41.794366],[12.254272,41.794288]]}},{"type":"Feature","properties":{},"geometry":{"type":"LineString","coordinates":[[12.254411,41.794366],[12.254354,41.794421],[12.254056,41.794266]]}},{"type":"Feature","properties":{},"geometry":{"type":"LineString","coordinates":[[12.260492,41.788165],[12.260464,41.788048],[12.260385,41.787935],[12.260582,41.788036],[12.260645,41.78811]]}},{"type":"Feature","properties":{},"geometry":{"type":"LineString","coordinates":[[12.260385,41.787935],[12.260095,41.787771],[12.260041,41.787734],[12.259984,41.787674],[12.259759,41.787386],[12.25971,41.787342],[12.259568,41.787257],[12.259267,41.78709]]}},{"type":"Feature","properties":{},"geometry":{"type":"LineString","coordinates":[[12.257467,41.791768],[12.257356,41.791754],[12.25732,41.791749]]}},{"type":"Feature","properties":{},"geometry":{"type":"LineString","coordinates":[[12.257327,41.791714],[12.257365,41.791718],[12.257475,41.791732]]}},{"type":"Feature","properties":{},"geometry":{"type":"LineString","coordinates":[[12.257762,41.790233],[12.258102,41.790241],[12.258174,41.790252],[12.258252,41.790287],[12.258281,41.79033],[12.258282,41.790388],[12.258241,41.790439],[12.258196,41.790463],[12.257969,41.790532]]}},{"type":"Feature","properties":{},"geometry":{"type":"LineString","coordinates":[[12.257969,41.790532],[12.257961,41.79049],[12.257982,41.790331]]}},{"type":"Feature","properties":{},"geometry":{"type":"LineString","coordinates":[[12.257769,41.790105],[12.258098,41.790115],[12.258316,41.790022]]}},{"type":"Feature","properties":{},"geometry":{"type":"LineString","coordinates":[[12.249811,41.789924],[12.249858,41.789621],[12.249868,41.789554],[12.249919,41.789228],[12.249927,41.789213],[12.249948,41.789208],[12.25012,41.789223],[12.250309,41.789239],[12.250493,41.789255],[12.250631,41.789267],[12.250653,41.789275],[12.250667,41.789291],[12.250621,41.789557],[12.250549,41.789966],[12.250539,41.789983],[12.250524,41.789992],[12.250504,41.789999],[12.250485,41.790002],[12.250374,41.789992],[12.250191,41.789977],[12.250003,41.789961],[12.249838,41.789946],[12.249816,41.789938],[12.249811,41.789924]]}},{"type":"Feature","properties":{},"geometry":{"type":"LineString","coordinates":[[12.250003,41.789961],[12.25012,41.789223]]}},{"type":"Feature","properties":{},"geometry":{"type":"LineString","coordinates":[[12.250191,41.789977],[12.250309,41.789239]]}},{"type":"Feature","properties":{},"geometry":{"type":"LineString","coordinates":[[12.250374,41.789992],[12.250493,41.789255]]}},{"type":"Feature","properties":{"name":"Via Francesco Baracca"},"geometry":{"type":"LineString","coordinates":[[12.25066,41.794384],[12.25058,41.794374],[12.250432,41.794353]]}},{"type":"Feature","properties":{},"geometry":{"type":"LineString","coordinates":[[12.233906,41.83179],[12.233737,41.8317],[12.233595,41.831637],[12.233201,41.831439],[12.232284,41.832301]]}},{"type":"Feature","properties":{},"geometry":{"type":"LineString","coordinates":[[12.233737,41.8317],[12.233192,41.832242]]}},{"type":"Feature","properties":{},"geometry":{"type":"LineString","coordinates":[[12.240862,41.772693],[12.240918,41.771865],[12.240985,41.77177],[12.241024,41.771715],[12.241426,41.771575]]}},{"type":"Feature","properties":{},"geometry":{"type":"LineString","coordinates":[[12.241418,41.772771],[12.241389,41.772862],[12.241273,41.773227]]}},{"type":"Feature","properties":{},"geometry":{"type":"LineString","coordinates":[[12.24094,41.772704],[12.240993,41.772572],[12.241064,41.772531],[12.241352,41.772564],[12.241418,41.772771]]}},{"type":"Feature","properties":{},"geometry":{"type":"LineString","coordinates":[[12.239778,41.77254],[12.239839,41.772323],[12.240255,41.772376],[12.240275,41.772459],[12.240233,41.772604]]}},{"type":"Feature","properties":{},"geometry":{"type":"LineString","coordinates":[[12.236758,41.77309],[12.236829,41.773138],[12.236853,41.773149],[12.237117,41.773266],[12.23713,41.773293],[12.237082,41.773351],[12.23703,41.773358],[12.236738,41.773231],[12.236693,41.773212],[12.236636,41.773165]]}},{"type":"Feature","properties":{},"geometry":{"type":"LineString","coordinates":[[12.236738,41.773231],[12.236853,41.773149]]}},{"type":"Feature","properties":{},"geometry":{"type":"LineString","coordinates":[[12.249728,41.793041],[12.249896,41.79313],[12.249918,41.793142],[12.250056,41.793215],[12.250212,41.793298],[12.250366,41.79338]]}},{"type":"Feature","properties":{},"geometry":{"type":"LineString","coordinates":[[12.27354,41.801246],[12.273355,41.801347],[12.273301,41.801455],[12.273106,41.801404],[12.273293,41.801025],[12.273345,41.800922]]}},{"type":"Feature","properties":{},"geometry":{"type":"LineString","coordinates":[[12.273293,41.801025],[12.27255,41.800821]]}},{"type":"Feature","properties":{},"geometry":{"type":"LineString","coordinates":[[12.272369,41.800771],[12.272147,41.801228],[12.272321,41.801273],[12.27255,41.800821]]}},{"type":"Feature","properties":{},"geometry":{"type":"LineString","coordinates":[[12.27255,41.800821],[12.272369,41.800771],[12.27215,41.800709]]}},{"type":"Feature","properties":{},"geometry":{"type":"LineString","coordinates":[[12.265537,41.788821],[12.265481,41.788725]]}},{"type":"Feature","properties":{},"geometry":{"type":"LineString","coordinates":[[12.25222,41.789333],[12.252353,41.789342]]}},{"type":"Feature","properties":{},"geometry":{"type":"LineString","coordinates":[[12.252376,41.789382],[12.252306,41.789377],[12.252215,41.78937]]}},{"type":"Feature","properties":{},"geometry":{"type":"LineString","coordinates":[[12.253379,41.789783],[12.253371,41.789753],[12.25336,41.78971],[12.253322,41.789638],[12.253303,41.789604],[12.253322,41.789563],[12.253533,41.789115],[12.253354,41.789066],[12.253275,41.789212],[12.253289,41.789228],[12.253228,41.78936],[12.253274,41.789373],[12.253192,41.789525],[12.253322,41.789563]]}},{"type":"Feature","properties":{},"geometry":{"type":"LineString","coordinates":[[12.252353,41.789342],[12.252376,41.789342],[12.252418,41.789052],[12.252536,41.788948],[12.252573,41.78896],[12.252467,41.789404],[12.252376,41.789382]]}},{"type":"Feature","properties":{},"geometry":{"type":"LineString","coordinates":[[12.252376,41.789382],[12.252329,41.789662],[12.252388,41.789682],[12.252461,41.789624],[12.252495,41.789454],[12.252467,41.789404]]}},{"type":"Feature","properties":{},"geometry":{"type":"LineString","coordinates":[[12.253322,41.789638],[12.253215,41.789699],[12.252761,41.789721]]}},{"type":"Feature","properties":{},"geometry":{"type":"LineString","coordinates":[[12.255027,41.790118],[12.254998,41.79015],[12.254963,41.790189],[12.254911,41.790247]]}},{"type":"Feature","properties":{},"geometry":{"type":"LineString","coordinates":[[12.255157,41.790189],[12.255128,41.790219],[12.255088,41.790261],[12.255012,41.79034]]}},{"type":"Feature","properties":{},"geometry":{"type":"LineString","coordinates":[[12.254166,41.781916],[12.254169,41.781959],[12.254174,41.782019],[12.254156,41.782109],[12.253939,41.782396]]}},{"type":"Feature","properties":{},"geometry":{"type":"LineString","coordinates":[[12.251754,41.78047],[12.251695,41.780547],[12.251582,41.780693],[12.251559,41.781321],[12.25159,41.781363],[12.251632,41.781377],[12.251806,41.781371],[12.251836,41.781352],[12.251857,41.781323],[12.25173,41.780844]]}},{"type":"Feature","properties":{},"geometry":{"type":"LineString","coordinates":[[12.293834,41.807909],[12.294008,41.807722],[12.294949,41.808239],[12.295801,41.808306],[12.295865,41.808324],[12.29591,41.808356],[12.295942,41.808405],[12.295953,41.808469]]}},{"type":"Feature","properties":{},"geometry":{"type":"LineString","coordinates":[[12.259288,41.771025],[12.260072,41.77124],[12.260128,41.771431]]}},{"type":"Feature","properties":{},"geometry":{"type":"LineString","coordinates":[[12.256432,41.7708],[12.25654,41.770734],[12.256824,41.770561],[12.256921,41.770649],[12.25701,41.77073]]}},{"type":"Feature","properties":{},"geometry":{"type":"LineString","coordinates":[[12.25654,41.770734],[12.256628,41.770818],[12.256921,41.770649]]}},{"type":"Feature","properties":{"name":"Strada Perimetrale Aeroporto di Fiumicino"},"geometry":{"type":"LineString","coordinates":[[12.248263,41.80643],[12.248362,41.806457],[12.24848,41.80649],[12.249659,41.806812],[12.252288,41.807531],[12.252484,41.807584],[12.257135,41.808886],[12.257399,41.809004],[12.2576,41.809145],[12.25769,41.809208],[12.257877,41.809317],[12.2605,41.810088],[12.260727,41.810144],[12.261053,41.810153],[12.261361,41.810207],[12.26211,41.81043],[12.262194,41.810475],[12.262423,41.810633],[12.262603,41.810759],[12.262732,41.810821],[12.262932,41.810886],[12.264033,41.811197],[12.265649,41.811638],[12.267281,41.812094],[12.267529,41.812147],[12.267742,41.812184],[12.26796,41.81219],[12.268248,41.812173],[12.268433,41.812166],[12.268595,41.812173],[12.268717,41.812193],[12.268829,41.81223],[12.268907,41.812276],[12.269004,41.812344],[12.269103,41.81244],[12.26916,41.812519],[12.269203,41.812587],[12.269219,41.812683],[12.269209,41.812754],[12.269181,41.812836],[12.268409,41.814785],[12.267572,41.816771],[12.267331,41.817377],[12.266159,41.820166],[12.265745,41.821071],[12.264582,41.823947],[12.264149,41.824965],[12.262956,41.827798],[12.261917,41.830208],[12.260422,41.833775],[12.258377,41.838671],[12.256575,41.84297],[12.256536,41.843072],[12.256461,41.843241],[12.254459,41.848014],[12.254358,41.848279],[12.254347,41.848452],[12.2544,41.848555],[12.254543,41.848677],[12.254707,41.848757],[12.255205,41.848878],[12.258164,41.849544],[12.259348,41.849826],[12.259931,41.849966],[12.260369,41.850074],[12.261582,41.850347],[12.262621,41.850589],[12.262772,41.850612],[12.262941,41.850606],[12.263086,41.850569],[12.263198,41.850516],[12.263307,41.850434],[12.263373,41.850345],[12.264754,41.847048],[12.266216,41.843558],[12.268562,41.837967],[12.268742,41.837534],[12.270895,41.832379],[12.272658,41.828154],[12.273051,41.827213],[12.274851,41.822909],[12.276041,41.820062],[12.277437,41.816721],[12.277618,41.816299],[12.278229,41.814835],[12.279501,41.811801],[12.279721,41.811277],[12.280304,41.809889],[12.280381,41.809693],[12.280401,41.809606],[12.2804,41.809518],[12.280376,41.809434],[12.280337,41.809359],[12.280279,41.809282],[12.28016,41.809197],[12.280011,41.809124],[12.279872,41.809093],[12.278463,41.808856],[12.278251,41.808812],[12.278119,41.808761],[12.277995,41.808688],[12.277903,41.808585],[12.277884,41.808553],[12.277854,41.808498],[12.277825,41.8084],[12.277825,41.808324],[12.277851,41.808209],[12.277916,41.808051],[12.278475,41.806714],[12.279265,41.804826],[12.279352,41.804617],[12.279378,41.804508],[12.279366,41.804397],[12.279322,41.804289],[12.279229,41.804191],[12.279113,41.804114],[12.278996,41.804061],[12.277031,41.803514],[12.275243,41.80304],[12.275163,41.803046],[12.275104,41.803077],[12.275049,41.803133],[12.275019,41.803184],[12.274469,41.804472],[12.274233,41.805057],[12.274179,41.805105],[12.274117,41.805122],[12.274052,41.805134],[12.27397,41.805136],[12.273876,41.805127],[12.273783,41.805107],[12.272783,41.804861],[12.272679,41.804859],[12.272572,41.804874],[12.272479,41.804893],[12.272367,41.804922],[12.272185,41.804973]]}},{"type":"Feature","properties":{"name":"Strada Perimetrale Aeroporto di Fiumicino"},"geometry":{"type":"LineString","coordinates":[[12.24808,41.806379],[12.248263,41.80643]]}},{"type":"Feature","properties":{},"geometry":{"type":"LineString","coordinates":[[12.219176,41.817358],[12.218963,41.817295]]}},{"type":"Feature","properties":{},"geometry":{"type":"LineString","coordinates":[[12.219337,41.817405],[12.219176,41.817358]]}},{"type":"Feature","properties":{"name":"Viale dell'Olivetello"},"geometry":{"type":"LineString","coordinates":[[12.256413,41.843053],[12.256536,41.843072]]}},{"type":"Feature","properties":{},"geometry":{"type":"LineString","coordinates":[[12.219806,41.817226],[12.21979,41.817256],[12.219703,41.817421],[12.219525,41.817758],[12.219438,41.817807],[12.219391,41.817907],[12.219276,41.81801],[12.219184,41.818067],[12.219137,41.818068],[12.218948,41.818019]]}},{"type":"Feature","properties":{},"geometry":{"type":"LineString","coordinates":[[12.219878,41.817095],[12.219806,41.817226]]}},{"type":"Feature","properties":{},"geometry":{"type":"LineString","coordinates":[[12.22005,41.818091],[12.220282,41.818156]]}},{"type":"Feature","properties":{},"geometry":{"type":"LineString","coordinates":[[12.219391,41.817907],[12.22005,41.818091]]}},{"type":"Feature","properties":{"name":"Via Mizar"},"geometry":{"type":"LineString","coordinates":[[12.264018,41.824895],[12.264149,41.824965]]}},{"type":"Feature","properties":{},"geometry":{"type":"LineString","coordinates":[[12.264149,41.824965],[12.264349,41.825075],[12.265182,41.825553]]}},{"type":"Feature","properties":{},"geometry":{"type":"LineString","coordinates":[[12.264033,41.811197],[12.264045,41.811174],[12.26456,41.810122],[12.264815,41.809602],[12.265179,41.808874]]}},{"type":"Feature","properties":{},"geometry":{"type":"LineString","coordinates":[[12.2576,41.809145],[12.25799,41.808413]]}},{"type":"Feature","properties":{},"geometry":{"type":"LineString","coordinates":[[12.24949,41.807162],[12.249954,41.807284],[12.250044,41.807093],[12.249584,41.806972],[12.249135,41.806853],[12.249044,41.807044],[12.24949,41.807162]]}},{"type":"Feature","properties":{},"geometry":{"type":"LineString","coordinates":[[12.249163,41.807606],[12.24944,41.807252],[12.24949,41.807162],[12.24952,41.807109],[12.249584,41.806972],[12.249659,41.806812]]}},{"type":"Feature","properties":{},"geometry":{"type":"LineString","coordinates":[[12.250802,41.80763],[12.250711,41.807753],[12.250511,41.80795],[12.250346,41.808045],[12.250021,41.808195],[12.249826,41.80825],[12.249624,41.808297],[12.249261,41.808321],[12.248985,41.808299],[12.248747,41.808254],[12.247216,41.807812],[12.247153,41.80778],[12.247129,41.807722],[12.247142,41.80767],[12.247264,41.807529],[12.247945,41.806815],[12.248034,41.806739],[12.248074,41.806713],[12.24813,41.806695]]}},{"type":"Feature","properties":{},"geometry":{"type":"LineString","coordinates":[[12.261097,41.810463],[12.261039,41.81045],[12.252211,41.808017],[12.250802,41.80763],[12.24944,41.807252],[12.248061,41.806869],[12.248042,41.806859],[12.248031,41.806835],[12.248042,41.806795],[12.248069,41.806761],[12.248084,41.806742],[12.24813,41.806695],[12.248362,41.806457],[12.24899,41.805948]]}},{"type":"Feature","properties":{},"geometry":{"type":"LineString","coordinates":[[12.252288,41.807531],[12.252321,41.807677],[12.252308,41.807835],[12.252293,41.80787],[12.252267,41.807932],[12.252228,41.808005],[12.252211,41.808017],[12.252186,41.808036]]}},{"type":"Feature","properties":{"name":"Viale dei Collettori"},"geometry":{"type":"LineString","coordinates":[[12.269103,41.81244],[12.269058,41.812474],[12.268931,41.81256],[12.268777,41.81261]]}},{"type":"Feature","properties":{},"geometry":{"type":"LineString","coordinates":[[12.268717,41.812193],[12.268872,41.812156],[12.26908,41.81213],[12.269268,41.812098],[12.269415,41.812052],[12.269479,41.812022],[12.269548,41.811968]]}},{"type":"Feature","properties":{},"geometry":{"type":"LineString","coordinates":[[12.269203,41.812587],[12.269288,41.812502],[12.269398,41.812308],[12.26941,41.81228],[12.26953,41.81201],[12.269548,41.811968],[12.269749,41.811508],[12.270442,41.80988]]}},{"type":"Feature","properties":{},"geometry":{"type":"LineString","coordinates":[[12.269219,41.812683],[12.269295,41.812689],[12.27044,41.812928]]}},{"type":"Feature","properties":{},"geometry":{"type":"LineString","coordinates":[[12.267331,41.817377],[12.268427,41.817635]]}},{"type":"Feature","properties":{},"geometry":{"type":"LineString","coordinates":[[12.264582,41.823947],[12.265209,41.824081]]}},{"type":"Feature","properties":{},"geometry":{"type":"LineString","coordinates":[[12.260422,41.833775],[12.261673,41.834097]]}},{"type":"Feature","properties":{},"geometry":{"type":"LineString","coordinates":[[12.259009,41.794715],[12.258924,41.794745],[12.258268,41.794975],[12.257634,41.795196],[12.256989,41.795423],[12.256593,41.795565],[12.255945,41.795804],[12.255331,41.796044]]}},{"type":"Feature","properties":{},"geometry":{"type":"LineString","coordinates":[[12.255945,41.795804],[12.257489,41.798287]]}},{"type":"Feature","properties":{},"geometry":{"type":"LineString","coordinates":[[12.258297,41.792515],[12.259294,41.792169]]}},{"type":"Feature","properties":{},"geometry":{"type":"LineString","coordinates":[[12.257114,41.795617],[12.256833,41.795659],[12.256792,41.795658],[12.256764,41.795645],[12.25672,41.795575],[12.256695,41.795565],[12.256655,41.795556],[12.256593,41.795565]]}},{"type":"Feature","properties":{},"geometry":{"type":"LineString","coordinates":[[12.258268,41.794975],[12.259547,41.797005]]}},{"type":"Feature","properties":{},"geometry":{"type":"LineString","coordinates":[[12.259547,41.797005],[12.258915,41.797232],[12.257634,41.795196]]}},{"type":"Feature","properties":{},"geometry":{"type":"LineString","coordinates":[[12.259547,41.797005],[12.259856,41.797493]]}},{"type":"Feature","properties":{},"geometry":{"type":"LineString","coordinates":[[12.256455,41.797961],[12.256468,41.797981],[12.256468,41.798002],[12.256456,41.798022],[12.256434,41.798043],[12.256405,41.798067],[12.256366,41.798096],[12.256287,41.798158],[12.256223,41.798196],[12.256145,41.79822],[12.256038,41.79823],[12.255986,41.798232]]}},{"type":"Feature","properties":{},"geometry":{"type":"LineString","coordinates":[[12.25478,41.796609],[12.254681,41.79655],[12.254619,41.796534],[12.254524,41.796528],[12.254444,41.796543],[12.254345,41.796576],[12.254208,41.796613]]}},{"type":"Feature","properties":{},"geometry":{"type":"LineString","coordinates":[[12.235837,41.801654],[12.264815,41.809602]]}},{"type":"Feature","properties":{},"geometry":{"type":"LineString","coordinates":[[12.26456,41.810122],[12.269749,41.811508]]}},{"type":"Feature","properties":{},"geometry":{"type":"LineString","coordinates":[[12.262458,41.806413],[12.263836,41.806784],[12.264998,41.80681],[12.269982,41.80822]]}},{"type":"Feature","properties":{},"geometry":{"type":"LineString","coordinates":[[12.261079,41.805764],[12.254461,41.803928]]}},{"type":"Feature","properties":{},"geometry":{"type":"LineString","coordinates":[[12.25396,41.803967],[12.247858,41.80231]]}},{"type":"Feature","properties":{},"geometry":{"type":"LineString","coordinates":[[12.247273,41.802104],[12.24055,41.800275]]}},{"type":"Feature","properties":{},"geometry":{"type":"LineString","coordinates":[[12.232677,41.804895],[12.234005,41.802005]]}},{"type":"Feature","properties":{},"geometry":{"type":"LineString","coordinates":[[12.23226,41.805998],[12.231502,41.807944]]}},{"type":"Feature","properties":{},"geometry":{"type":"LineString","coordinates":[[12.23113,41.808719],[12.228887,41.814163]]}},{"type":"Feature","properties":{},"geometry":{"type":"LineString","coordinates":[[12.221513,41.816375],[12.222361,41.816154],[12.223779,41.815842],[12.225674,41.812022]]}},{"type":"Feature","properties":{},"geometry":{"type":"LineString","coordinates":[[12.226031,41.812114],[12.2307,41.80084]]}},{"type":"Feature","properties":{},"geometry":{"type":"LineString","coordinates":[[12.232564,41.796639],[12.236382,41.787479]]}},{"type":"Feature","properties":{},"geometry":{"type":"LineString","coordinates":[[12.239256,41.789242],[12.239721,41.788142],[12.240882,41.785398],[12.241706,41.783451]]}},{"type":"Feature","properties":{},"geometry":{"type":"LineString","coordinates":[[12.238779,41.79042],[12.237744,41.793023]]}},{"type":"Feature","properties":{},"geometry":{"type":"LineString","coordinates":[[12.237196,41.794211],[12.235863,41.797514]]}},{"type":"Feature","properties":{},"geometry":{"type":"LineString","coordinates":[[12.260345,41.800986],[12.260319,41.800942],[12.2599,41.800254],[12.259601,41.799767],[12.25958,41.799733],[12.25953,41.799651]]}},{"type":"Feature","properties":{},"geometry":{"type":"LineString","coordinates":[[12.265609,41.799643],[12.267078,41.796633]]}},{"type":"Feature","properties":{},"geometry":{"type":"LineString","coordinates":[[12.265609,41.799643],[12.265155,41.800562],[12.265128,41.80061],[12.265075,41.800608],[12.26481,41.800534],[12.26455,41.800461],[12.264519,41.800427],[12.264829,41.799796],[12.264988,41.799471]]}},{"type":"Feature","properties":{},"geometry":{"type":"LineString","coordinates":[[12.264519,41.800427],[12.264222,41.801042]]}},{"type":"Feature","properties":{},"geometry":{"type":"LineString","coordinates":[[12.264988,41.799471],[12.266472,41.796456]]}},{"type":"Feature","properties":{},"geometry":{"type":"LineString","coordinates":[[12.261588,41.802622],[12.26215,41.802431],[12.263143,41.802093]]}},{"type":"Feature","properties":{},"geometry":{"type":"LineString","coordinates":[[12.256728,41.798554],[12.256405,41.798067]]}},{"type":"Feature","properties":{},"geometry":{"type":"LineString","coordinates":[[12.258635,41.801802],[12.259232,41.801964],[12.259292,41.802],[12.259305,41.802069],[12.259286,41.802133],[12.259257,41.802188],[12.259184,41.802218],[12.259059,41.802198],[12.258487,41.802045]]}},{"type":"Feature","properties":{},"geometry":{"type":"LineString","coordinates":[[12.265344,41.804391],[12.265457,41.804124],[12.265528,41.803967],[12.265743,41.804026],[12.265672,41.804179],[12.265457,41.804124]]}},{"type":"Feature","properties":{},"geometry":{"type":"LineString","coordinates":[[12.265672,41.804179],[12.265999,41.804273],[12.266143,41.803985],[12.265813,41.803894],[12.265743,41.804026]]}},{"type":"Feature","properties":{},"geometry":{"type":"LineString","coordinates":[[12.265813,41.803894],[12.265884,41.803827],[12.265954,41.803784],[12.266064,41.803739],[12.266144,41.803708],[12.266205,41.803678],[12.266243,41.803639],[12.266263,41.803597],[12.266266,41.803554],[12.266244,41.803517],[12.266156,41.803436],[12.266076,41.803368],[12.266031,41.803318],[12.266003,41.80327],[12.266002,41.803227],[12.266023,41.803168],[12.266045,41.803125],[12.266079,41.803067]]}},{"type":"Feature","properties":{},"geometry":{"type":"LineString","coordinates":[[12.265597,41.802829],[12.265725,41.802881],[12.265782,41.802925],[12.26591,41.802993],[12.266031,41.803042],[12.266079,41.803067],[12.266151,41.803087],[12.266474,41.803177]]}},{"type":"Feature","properties":{},"geometry":{"type":"LineString","coordinates":[[12.265725,41.802881],[12.265804,41.802985],[12.265842,41.80305],[12.265901,41.803136],[12.265931,41.8032],[12.266031,41.803318]]}},{"type":"Feature","properties":{},"geometry":{"type":"LineString","coordinates":[[12.265931,41.8032],[12.265954,41.803293],[12.265973,41.803428],[12.266001,41.803558],[12.266008,41.803628],[12.266,41.80368],[12.265978,41.803744],[12.265954,41.803784]]}},{"type":"Feature","properties":{},"geometry":{"type":"LineString","coordinates":[[12.259758,41.845712],[12.259985,41.845154]]}},{"type":"Feature","properties":{},"geometry":{"type":"LineString","coordinates":[[12.26024,41.844561],[12.26253,41.839088]]}},{"type":"Feature","properties":{},"geometry":{"type":"LineString","coordinates":[[12.261582,41.850347],[12.263154,41.846593],[12.263174,41.84656],[12.263197,41.846533],[12.263227,41.846517],[12.263265,41.846511],[12.263315,41.846513],[12.263378,41.846527],[12.263706,41.846603],[12.263749,41.846608],[12.263792,41.846601],[12.263832,41.846585],[12.263864,41.846561],[12.263885,41.846531],[12.263907,41.846501],[12.263998,41.846012],[12.264028,41.84588],[12.264079,41.845721],[12.264128,41.845573],[12.264241,41.845317],[12.26491,41.843719],[12.265086,41.843297]]}},{"type":"Feature","properties":{},"geometry":{"type":"LineString","coordinates":[[12.263523,41.842935],[12.264605,41.843185],[12.265086,41.843297],[12.266216,41.843558]]}},{"type":"Feature","properties":{},"geometry":{"type":"LineString","coordinates":[[12.259229,41.846249],[12.259317,41.846341],[12.25937,41.846416],[12.259399,41.846498],[12.259414,41.84659],[12.258848,41.847943],[12.258439,41.848915],[12.25826,41.849288],[12.258164,41.849544]]}},{"type":"Feature","properties":{},"geometry":{"type":"LineString","coordinates":[[12.264605,41.843185],[12.267126,41.837154],[12.269284,41.831994],[12.271441,41.826837],[12.273239,41.822536],[12.276004,41.815923]]}},{"type":"Feature","properties":{},"geometry":{"type":"LineString","coordinates":[[12.27498,41.815681],[12.276004,41.815923],[12.276324,41.815998],[12.2765,41.816039],[12.277618,41.816299]]}},{"type":"Feature","properties":{},"geometry":{"type":"LineString","coordinates":[[12.274851,41.822909],[12.273239,41.822536],[12.272185,41.822292]]}},{"type":"Feature","properties":{},"geometry":{"type":"LineString","coordinates":[[12.273051,41.827213],[12.271441,41.826837],[12.2704,41.826594]]}},{"type":"Feature","properties":{},"geometry":{"type":"LineString","coordinates":[[12.270895,41.832379],[12.269284,41.831994],[12.268224,41.83174]]}},{"type":"Feature","properties":{},"geometry":{"type":"LineString","coordinates":[[12.268742,41.837534],[12.267126,41.837154],[12.266093,41.836911]]}},{"type":"Feature","properties":{},"geometry":{"type":"LineString","coordinates":[[12.259931,41.849966],[12.259356,41.851344],[12.259199,41.851719],[12.258737,41.852827],[12.258313,41.853842]]}},{"type":"Feature","properties":{},"geometry":{"type":"LineString","coordinates":[[12.259348,41.849826],[12.25885,41.851015],[12.258836,41.851055],[12.258832,41.851091],[12.258839,41.851121],[12.258855,41.851152],[12.25889,41.851179],[12.25897,41.851218],[12.259138,41.851282],[12.259232,41.851314],[12.259356,41.851344]]}},{"type":"Feature","properties":{},"geometry":{"type":"LineString","coordinates":[[12.260369,41.850074],[12.259865,41.851304],[12.259849,41.851326],[12.259825,41.85135],[12.259799,41.851363],[12.259759,41.851374],[12.25972,41.85138],[12.259673,41.851378],[12.259422,41.851357],[12.259356,41.851344]]}},{"type":"Feature","properties":{},"geometry":{"type":"LineString","coordinates":[[12.259199,41.851719],[12.259112,41.851699],[12.258768,41.851576],[12.258729,41.851565],[12.258696,41.851563],[12.258663,41.851565],[12.258631,41.851581],[12.258602,41.851614],[12.258581,41.851658],[12.258127,41.852739],[12.258099,41.852803],[12.257656,41.853863],[12.257646,41.853897],[12.257648,41.853927],[12.257664,41.85395],[12.257696,41.853969],[12.257746,41.853983],[12.258567,41.854171],[12.258612,41.854177],[12.25864,41.854172],[12.258675,41.854155],[12.258702,41.854124],[12.259068,41.853245],[12.259444,41.852344],[12.259455,41.852289],[12.259454,41.85223],[12.259437,41.852175],[12.259442,41.852138],[12.259553,41.851878],[12.25956,41.851838],[12.259558,41.851803],[12.259541,41.851779],[12.259512,41.851761],[12.259457,41.851748],[12.259258,41.851726],[12.259199,41.851719]]}},{"type":"Feature","properties":{},"geometry":{"type":"LineString","coordinates":[[12.258127,41.852739],[12.25824,41.852792],[12.258329,41.852837],[12.258433,41.852871],[12.258527,41.852876],[12.258619,41.852869],[12.258737,41.852827],[12.258755,41.852932],[12.258806,41.853042],[12.258871,41.853125],[12.258974,41.853198],[12.259068,41.853245]]}},{"type":"Feature","properties":{},"geometry":{"type":"LineString","coordinates":[[12.2765,41.816039],[12.278341,41.811626],[12.278391,41.811584],[12.278475,41.811567],[12.279501,41.811801]]}},{"type":"Feature","properties":{},"geometry":{"type":"LineString","coordinates":[[12.262951,41.838079],[12.265244,41.832579]]}},{"type":"Feature","properties":{},"geometry":{"type":"LineString","coordinates":[[12.264407,41.843716],[12.264729,41.843671],[12.26491,41.843719]]}},{"type":"Feature","properties":{},"geometry":{"type":"LineString","coordinates":[[12.265524,41.831751],[12.265904,41.830834]]}},{"type":"Feature","properties":{},"geometry":{"type":"LineString","coordinates":[[12.266301,41.830049],[12.267374,41.827491]]}},{"type":"Feature","properties":{},"geometry":{"type":"LineString","coordinates":[[12.267638,41.826689],[12.268033,41.825767]]}},{"type":"Feature","properties":{},"geometry":{"type":"LineString","coordinates":[[12.268456,41.824902],[12.270734,41.819472]]}},{"type":"Feature","properties":{},"geometry":{"type":"LineString","coordinates":[[12.271165,41.81843],[12.272548,41.81514]]}},{"type":"Feature","properties":{},"geometry":{"type":"LineString","coordinates":[[12.272801,41.815106],[12.272763,41.81519],[12.272548,41.81514],[12.271696,41.814944]]}},{"type":"Feature","properties":{},"geometry":{"type":"LineString","coordinates":[[12.272686,41.806299],[12.27286,41.805793]]}},{"type":"Feature","properties":{},"geometry":{"type":"LineString","coordinates":[[12.273816,41.806055],[12.273335,41.805923],[12.27286,41.805793],[12.272106,41.805586]]}},{"type":"Feature","properties":{},"geometry":{"type":"LineString","coordinates":[[12.273335,41.805923],[12.273526,41.80595],[12.273642,41.805934],[12.273743,41.805907],[12.273827,41.805859],[12.273903,41.805794],[12.273962,41.805707],[12.27403,41.805546],[12.274233,41.805057]]}},{"type":"Feature","properties":{},"geometry":{"type":"LineString","coordinates":[[12.276061,41.808846],[12.276112,41.80872],[12.276116,41.808708],[12.276174,41.808619],[12.276225,41.808575],[12.276279,41.80854],[12.276351,41.808513],[12.276433,41.808487],[12.276533,41.808474],[12.276626,41.808471],[12.276735,41.808482],[12.276854,41.808502],[12.276988,41.808532],[12.277137,41.808574],[12.277324,41.808619],[12.277518,41.80866],[12.277745,41.808704]]}},{"type":"Feature","properties":{},"geometry":{"type":"LineString","coordinates":[[12.277884,41.808553],[12.277745,41.808704],[12.27752,41.808949],[12.277483,41.808972],[12.27742,41.808982],[12.277342,41.808976],[12.277185,41.808947],[12.276112,41.80872]]}},{"type":"Feature","properties":{},"geometry":{"type":"LineString","coordinates":[[12.26623,41.826121],[12.265673,41.825837]]}},{"type":"Feature","properties":{},"geometry":{"type":"LineString","coordinates":[[12.271005,41.813047],[12.271628,41.8132]]}},{"type":"Feature","properties":{},"geometry":{"type":"LineString","coordinates":[[12.270355,41.814628],[12.270941,41.814766]]}},{"type":"Feature","properties":{},"geometry":{"type":"LineString","coordinates":[[12.221742,41.81692],[12.221699,41.816887],[12.221669,41.816868]]}},{"type":"Feature","properties":{},"geometry":{"type":"LineString","coordinates":[[12.221685,41.816933],[12.221699,41.816887],[12.221707,41.816837]]}},{"type":"Feature","properties":{},"geometry":{"type":"LineString","coordinates":[[12.221046,41.814658],[12.221027,41.814657],[12.220994,41.814667],[12.220966,41.814693],[12.220887,41.814841],[12.220228,41.816102],[12.220224,41.816147],[12.220237,41.816186],[12.22027,41.816209],[12.220316,41.816229],[12.221227,41.816496],[12.22131,41.816529],[12.221416,41.816581],[12.221524,41.816665],[12.221594,41.816742],[12.221644,41.816817],[12.221669,41.816868],[12.221685,41.816933],[12.221687,41.816974],[12.221689,41.817039],[12.221683,41.817083],[12.221658,41.817176],[12.221619,41.817254],[12.221328,41.817816],[12.221321,41.817863],[12.22134,41.817905],[12.22139,41.817932],[12.221449,41.817953],[12.225839,41.819219]]}},{"type":"Feature","properties":{},"geometry":{"type":"LineString","coordinates":[[12.239939,41.781935],[12.239774,41.781894],[12.238478,41.781635],[12.238228,41.781578]]}},{"type":"Feature","properties":{},"geometry":{"type":"LineString","coordinates":[[12.232488,41.796621],[12.23239,41.796628],[12.232309,41.796636],[12.232197,41.796639],[12.232056,41.796639],[12.231758,41.796627],[12.231177,41.796595],[12.230814,41.79658],[12.230672,41.796569],[12.230535,41.796545],[12.230479,41.79653],[12.230454,41.796524]]}},{"type":"Feature","properties":{},"geometry":{"type":"LineString","coordinates":[[12.245188,41.775116],[12.245507,41.775168],[12.245663,41.775176]]}},{"type":"Feature","properties":{},"geometry":{"type":"LineString","coordinates":[[12.245738,41.774928],[12.245663,41.775176],[12.245599,41.775497],[12.245545,41.77578],[12.245513,41.775936],[12.246212,41.776025]]}},{"type":"Feature","properties":{},"geometry":{"type":"LineString","coordinates":[[12.245738,41.774928],[12.245808,41.774668],[12.245835,41.77452],[12.245872,41.774392],[12.245915,41.774264],[12.245936,41.774128],[12.245963,41.774037],[12.24599,41.773936],[12.245985,41.773893],[12.245958,41.773873],[12.245877,41.773848],[12.245679,41.773817],[12.245486,41.773785]]}},{"type":"Feature","properties":{},"geometry":{"type":"LineString","coordinates":[[12.245738,41.774928],[12.24651,41.77504]]}},{"type":"Feature","properties":{},"geometry":{"type":"LineString","coordinates":[[12.24658,41.774764],[12.245808,41.774668],[12.245287,41.774592]]}},{"type":"Feature","properties":{},"geometry":{"type":"LineString","coordinates":[[12.245188,41.775116],[12.24525,41.774712],[12.245287,41.774592],[12.245325,41.774464],[12.245357,41.774316],[12.245427,41.774056]]}},{"type":"Feature","properties":{},"geometry":{"type":"LineString","coordinates":[[12.245325,41.774464],[12.245835,41.77452]]}},{"type":"Feature","properties":{},"geometry":{"type":"LineString","coordinates":[[12.247464,41.774637],[12.246655,41.774508],[12.245872,41.774392],[12.245475,41.77434],[12.245357,41.774316]]}},{"type":"Feature","properties":{},"geometry":{"type":"LineString","coordinates":[[12.246655,41.774508],[12.24658,41.774764],[12.24651,41.77504],[12.246484,41.77516],[12.247127,41.775264]]}},{"type":"Feature","properties":{},"geometry":{"type":"LineString","coordinates":[[12.246655,41.774508],[12.246725,41.77425],[12.246789,41.773972],[12.246859,41.773733]]}},{"type":"Feature","properties":{},"geometry":{"type":"LineString","coordinates":[[12.24754,41.774386],[12.246725,41.77425],[12.245936,41.774128],[12.245427,41.774056]]}},{"type":"Feature","properties":{},"geometry":{"type":"LineString","coordinates":[[12.247599,41.774108],[12.24754,41.774386],[12.247464,41.774637],[12.247374,41.774888]]}},{"type":"Feature","properties":{},"geometry":{"type":"LineString","coordinates":[[12.246789,41.773972],[12.247599,41.774108],[12.248458,41.774249],[12.24839,41.774521],[12.248266,41.775011]]}},{"type":"Feature","properties":{},"geometry":{"type":"LineString","coordinates":[[12.248971,41.774417],[12.248503,41.774354],[12.24833,41.775052],[12.248221,41.775495],[12.248082,41.77588],[12.248023,41.776153],[12.247991,41.776297]]}},{"type":"Feature","properties":{},"geometry":{"type":"LineString","coordinates":[[12.248458,41.774249],[12.248549,41.77398],[12.247678,41.773851],[12.247599,41.774108]]}},{"type":"Feature","properties":{},"geometry":{"type":"LineString","coordinates":[[12.24754,41.774386],[12.24839,41.774521]]}},{"type":"Feature","properties":{},"geometry":{"type":"LineString","coordinates":[[12.245188,41.775116],[12.245117,41.775435],[12.245599,41.775497]]}},{"type":"Feature","properties":{},"geometry":{"type":"LineString","coordinates":[[12.245545,41.77578],[12.246233,41.775904]]}},{"type":"Feature","properties":{},"geometry":{"type":"LineString","coordinates":[[12.24963,41.773924],[12.249658,41.773893],[12.249669,41.773866],[12.24967,41.773849],[12.249679,41.773804],[12.249695,41.773734],[12.249707,41.773687],[12.249728,41.773625],[12.249745,41.773554],[12.249767,41.77347],[12.249788,41.773398],[12.249811,41.773309],[12.24983,41.773238],[12.249851,41.77316],[12.249873,41.773082],[12.249893,41.773008],[12.249916,41.772918],[12.249942,41.772832],[12.24997,41.772768],[12.249994,41.772684],[12.250035,41.772605],[12.250087,41.772559],[12.250153,41.772553],[12.250247,41.772572],[12.250331,41.772595],[12.250362,41.772561],[12.250382,41.772528],[12.250421,41.772466],[12.250405,41.772417],[12.250351,41.772382],[12.25027,41.772357],[12.250197,41.772355],[12.250151,41.772362],[12.250102,41.772405],[12.250081,41.772455],[12.250071,41.772517],[12.250087,41.772559]]}},{"type":"Feature","properties":{},"geometry":{"type":"LineString","coordinates":[[12.250331,41.772595],[12.250427,41.772614],[12.250555,41.772678]]}},{"type":"Feature","properties":{},"geometry":{"type":"LineString","coordinates":[[12.250331,41.772595],[12.250373,41.772634],[12.250422,41.772672],[12.250475,41.772724]]}},{"type":"Feature","properties":{},"geometry":{"type":"LineString","coordinates":[[12.250376,41.772711],[12.250475,41.772724],[12.250552,41.77274]]}},{"type":"Feature","properties":{},"geometry":{"type":"LineString","coordinates":[[12.274665,41.801385],[12.274346,41.802052]]}},{"type":"Feature","properties":{},"geometry":{"type":"LineString","coordinates":[[12.274174,41.802006],[12.2745,41.801341]]}},{"type":"Feature","properties":{},"geometry":{"type":"LineString","coordinates":[[12.274329,41.801296],[12.27401,41.80196]]}},{"type":"Feature","properties":{},"geometry":{"type":"LineString","coordinates":[[12.27383,41.801911],[12.274158,41.801248]]}},{"type":"Feature","properties":{},"geometry":{"type":"LineString","coordinates":[[12.273956,41.801093],[12.273861,41.801304],[12.273857,41.801317],[12.273857,41.801335],[12.273862,41.801349],[12.273877,41.801378],[12.27388,41.801389],[12.27388,41.8014],[12.273875,41.801413],[12.273842,41.801478],[12.273837,41.801492],[12.273834,41.801524]]}},{"type":"Feature","properties":{},"geometry":{"type":"LineString","coordinates":[[12.273834,41.801524],[12.273679,41.801839],[12.273676,41.80185],[12.273681,41.801861],[12.273692,41.80187],[12.273708,41.801876],[12.27383,41.801911],[12.27401,41.80196],[12.274174,41.802006],[12.274346,41.802052],[12.274365,41.802055],[12.274386,41.802056],[12.27441,41.802055],[12.274519,41.802042],[12.274534,41.802037],[12.274545,41.802029],[12.274551,41.80202],[12.274556,41.802011],[12.274845,41.801434],[12.274858,41.801407],[12.274884,41.801355]]}},{"type":"Feature","properties":{},"geometry":{"type":"LineString","coordinates":[[12.274845,41.801434],[12.274665,41.801385]]}},{"type":"Feature","properties":{},"geometry":{"type":"LineString","coordinates":[[12.274158,41.801248],[12.274329,41.801296],[12.2745,41.801341],[12.274665,41.801385]]}},{"type":"Feature","properties":{},"geometry":{"type":"LineString","coordinates":[[12.274158,41.801248],[12.274075,41.801226],[12.27405,41.801222],[12.274033,41.801227],[12.27402,41.80124],[12.274012,41.801257],[12.273911,41.801466],[12.2739,41.801484],[12.273886,41.801499],[12.273867,41.801511],[12.273834,41.801524]]}},{"type":"Feature","properties":{"name":"Piazzale Traiano Imperatore"},"geometry":{"type":"LineString","coordinates":[[12.240234,41.775538],[12.240158,41.775487],[12.240136,41.775475],[12.240109,41.775464],[12.240075,41.775455],[12.240034,41.77545],[12.239916,41.775435],[12.239888,41.775428],[12.239873,41.775417],[12.239866,41.775402],[12.239864,41.775372],[12.239866,41.775224],[12.239862,41.775206],[12.239855,41.775193],[12.239842,41.775183],[12.239822,41.775178],[12.23906,41.775138],[12.239034,41.775135],[12.239007,41.775128],[12.238983,41.775115],[12.238967,41.775094],[12.238962,41.775067],[12.238965,41.775041],[12.238974,41.775014],[12.238988,41.774994],[12.239009,41.774979],[12.239035,41.774971],[12.239062,41.774969],[12.239093,41.774969],[12.239898,41.775009],[12.239923,41.775014],[12.239945,41.775022],[12.239961,41.775036],[12.239975,41.775055],[12.23998,41.775073],[12.239982,41.775102],[12.239962,41.775374],[12.239968,41.775389],[12.23998,41.775403],[12.239999,41.775413],[12.240027,41.775418],[12.24006,41.775421],[12.240097,41.775422],[12.240207,41.775415],[12.240253,41.775407]]}},{"type":"Feature","properties":{"name":"Piazzale Nilde Iotti"},"geometry":{"type":"LineString","coordinates":[[12.237788,41.775841],[12.23933,41.776283]]}},{"type":"Feature","properties":{"name":"Piazzale Nilde Iotti"},"geometry":{"type":"LineString","coordinates":[[12.237857,41.77571],[12.239392,41.776164]]}},{"type":"Feature","properties":{"name":"Piazzale Nilde Iotti"},"geometry":{"type":"LineString","coordinates":[[12.237923,41.775587],[12.239459,41.776033]]}},{"type":"Feature","properties":{"name":"Piazzale Nilde Iotti"},"geometry":{"type":"LineString","coordinates":[[12.238012,41.775455],[12.239524,41.77591]]}},{"type":"Feature","properties":{"name":"Piazzale Nilde Iotti"},"geometry":{"type":"LineString","coordinates":[[12.239559,41.775809],[12.239547,41.7758],[12.239536,41.775795],[12.23886,41.775589],[12.23883,41.775576],[12.238804,41.775562],[12.238775,41.775545],[12.238636,41.775454]]}},{"type":"Feature","properties":{},"geometry":{"type":"LineString","coordinates":[[12.273705,41.795776],[12.273555,41.795935],[12.27353,41.795969],[12.273513,41.796004],[12.273501,41.796042],[12.273497,41.796081],[12.273501,41.796119],[12.273514,41.796159],[12.273538,41.796201],[12.273563,41.796229],[12.273603,41.796262],[12.273634,41.796285],[12.273683,41.796315],[12.274432,41.796722],[12.274464,41.796744],[12.274491,41.796768],[12.27451,41.796794],[12.274524,41.79682],[12.274535,41.796849],[12.274567,41.796927],[12.274582,41.796953],[12.27461,41.796979],[12.274637,41.797],[12.274671,41.797016],[12.274702,41.797028],[12.274812,41.797058]]}},{"type":"Feature","properties":{},"geometry":{"type":"LineString","coordinates":[[12.274235,41.795222],[12.273705,41.795776]]}},{"type":"Feature","properties":{},"geometry":{"type":"LineString","coordinates":[[12.274812,41.797058],[12.274927,41.797089]]}},{"type":"Feature","properties":{},"geometry":{"type":"LineString","coordinates":[[12.238586,41.820402],[12.238721,41.820464],[12.238787,41.820491],[12.238892,41.820529],[12.238965,41.820546],[12.239016,41.820552]]}},{"type":"Feature","properties":{},"geometry":{"type":"LineString","coordinates":[[12.237964,41.821015],[12.237988,41.820994],[12.238011,41.820973]]}},{"type":"Feature","properties":{},"geometry":{"type":"LineString","coordinates":[[12.237832,41.821131],[12.237964,41.821015]]}},{"type":"Feature","properties":{},"geometry":{"type":"LineString","coordinates":[[12.239739,41.819294],[12.239569,41.819138],[12.239486,41.819032],[12.23944,41.81895],[12.239408,41.818854],[12.2394,41.818706],[12.239419,41.818532],[12.239488,41.818404],[12.239572,41.818304],[12.23969,41.818202],[12.239845,41.818118],[12.239944,41.81809],[12.240116,41.81805],[12.240277,41.818034],[12.240438,41.818042],[12.240631,41.818068],[12.240787,41.818124],[12.240871,41.818168]]}},{"type":"Feature","properties":{},"geometry":{"type":"LineString","coordinates":[[12.234658,41.821102],[12.234711,41.821021],[12.234803,41.820969],[12.234848,41.820935],[12.234888,41.820887],[12.235017,41.820809],[12.2351,41.820795],[12.235232,41.820801],[12.235527,41.820877],[12.235658,41.820889],[12.235752,41.820871],[12.235841,41.820835],[12.237066,41.819973],[12.23926,41.81841],[12.240241,41.817725],[12.240281,41.817714],[12.240364,41.817717],[12.240576,41.817772],[12.240652,41.817808],[12.240749,41.817869],[12.240962,41.81799],[12.240984,41.818032],[12.240976,41.818064],[12.240871,41.818168],[12.239739,41.819294],[12.239126,41.819832]]}},{"type":"Feature","properties":{},"geometry":{"type":"LineString","coordinates":[[12.231615,41.819835],[12.231613,41.819609]]}},{"type":"Feature","properties":{},"geometry":{"type":"LineString","coordinates":[[12.231613,41.819609],[12.231612,41.819422],[12.23155,41.819392],[12.231369,41.819363],[12.2313,41.819381],[12.231243,41.81941],[12.231204,41.81946],[12.231204,41.819516],[12.231227,41.819566],[12.231282,41.819605],[12.231613,41.819609]]}},{"type":"Feature","properties":{},"geometry":{"type":"LineString","coordinates":[[12.231084,41.819838],[12.231549,41.81982],[12.231615,41.819835],[12.231644,41.81989],[12.23169,41.819991],[12.231727,41.820013]]}},{"type":"Feature","properties":{},"geometry":{"type":"LineString","coordinates":[[12.220692,41.838548],[12.220739,41.838469],[12.221349,41.837557]]}},{"type":"Feature","properties":{},"geometry":{"type":"LineString","coordinates":[[12.233201,41.831439],[12.232587,41.8311],[12.232378,41.83122],[12.231675,41.831954],[12.232284,41.832301]]}},{"type":"Feature","properties":{},"geometry":{"type":"LineString","coordinates":[[12.232134,41.83249],[12.232791,41.832869]]}},{"type":"Feature","properties":{},"geometry":{"type":"LineString","coordinates":[[12.231721,41.832905],[12.232134,41.83249]]}},{"type":"Feature","properties":{},"geometry":{"type":"LineString","coordinates":[[12.223141,41.824389],[12.223034,41.824547],[12.221882,41.826242],[12.221526,41.827229]]}},{"type":"Feature","properties":{},"geometry":{"type":"LineString","coordinates":[[12.238446,41.827126],[12.2386,41.827225]]}},{"type":"Feature","properties":{},"geometry":{"type":"LineString","coordinates":[[12.238076,41.827341],[12.238329,41.827491]]}},{"type":"Feature","properties":{},"geometry":{"type":"LineString","coordinates":[[12.238548,41.826599],[12.238851,41.826305],[12.238906,41.826294],[12.239312,41.826527]]}},{"type":"Feature","properties":{},"geometry":{"type":"LineString","coordinates":[[12.238603,41.826715],[12.238759,41.826593],[12.238981,41.826715],[12.239071,41.826764]]}},{"type":"Feature","properties":{},"geometry":{"type":"LineString","coordinates":[[12.240287,41.825572],[12.240151,41.82549],[12.23999,41.825438],[12.239923,41.82543],[12.239869,41.825452],[12.239748,41.825574],[12.239695,41.825594],[12.239462,41.825622]]}},{"type":"Feature","properties":{},"geometry":{"type":"LineString","coordinates":[[12.239649,41.825302],[12.239832,41.825114],[12.239904,41.8251],[12.240003,41.825136],[12.240081,41.825178],[12.240103,41.825236],[12.240111,41.82537],[12.240151,41.82549]]}},{"type":"Feature","properties":{},"geometry":{"type":"LineString","coordinates":[[12.276324,41.815998],[12.276476,41.815628]]}},{"type":"Feature","properties":{"name":"Piazzale Nilde Iotti"},"geometry":{"type":"LineString","coordinates":[[12.239318,41.776304],[12.23933,41.776283],[12.239392,41.776164],[12.239459,41.776033],[12.239524,41.77591],[12.23956,41.775835],[12.239563,41.775823],[12.239559,41.775809]]}},{"type":"Feature","properties":{},"geometry":{"type":"LineString","coordinates":[[12.29592,41.800281],[12.295863,41.800342],[12.295666,41.800541],[12.295364,41.800847],[12.295103,41.801118],[12.295005,41.801212]]}},{"type":"Feature","properties":{},"geometry":{"type":"LineString","coordinates":[[12.28648,41.795026],[12.28664,41.79487],[12.286666,41.794825],[12.286654,41.794765],[12.286657,41.794694],[12.286669,41.794657],[12.286748,41.794554],[12.28699,41.794296]]}},{"type":"Feature","properties":{},"geometry":{"type":"LineString","coordinates":[[12.291066,41.792489],[12.290974,41.792504],[12.290924,41.792534],[12.290894,41.792609]]}},{"type":"Feature","properties":{},"geometry":{"type":"LineString","coordinates":[[12.293184,41.793613],[12.29305,41.793768],[12.293029,41.793791],[12.292928,41.793896]]}},{"type":"Feature","properties":{},"geometry":{"type":"LineString","coordinates":[[12.289351,41.792161],[12.289436,41.792168],[12.289536,41.792186]]}},{"type":"Feature","properties":{},"geometry":{"type":"LineString","coordinates":[[12.290971,41.794556],[12.291044,41.794414],[12.291101,41.794343],[12.291175,41.794239],[12.291184,41.794169],[12.291176,41.794115],[12.291143,41.79406],[12.291087,41.793971]]}},{"type":"Feature","properties":{},"geometry":{"type":"LineString","coordinates":[[12.287566,41.79416],[12.287666,41.794218]]}},{"type":"Feature","properties":{},"geometry":{"type":"LineString","coordinates":[[12.293163,41.797906],[12.293995,41.79828]]}},{"type":"Feature","properties":{},"geometry":{"type":"LineString","coordinates":[[12.287422,41.794091],[12.287534,41.794145],[12.287566,41.79416]]}},{"type":"Feature","properties":{},"geometry":{"type":"LineString","coordinates":[[12.290833,41.793828],[12.291087,41.793971]]}},{"type":"Feature","properties":{},"geometry":{"type":"LineString","coordinates":[[12.291087,41.793971],[12.291183,41.793996],[12.291264,41.794009],[12.291365,41.794002],[12.291488,41.793955],[12.291619,41.793839],[12.291695,41.793787],[12.291798,41.793766]]}},{"type":"Feature","properties":{},"geometry":{"type":"LineString","coordinates":[[12.29149,41.793043],[12.291548,41.793048],[12.291584,41.793033],[12.291614,41.792995],[12.291626,41.792964],[12.291612,41.792937],[12.291594,41.792914],[12.291557,41.792896],[12.290894,41.792609],[12.289697,41.792084],[12.289654,41.792074],[12.289609,41.792083],[12.289579,41.7921],[12.289557,41.792133],[12.289536,41.792186]]}},{"type":"Feature","properties":{},"geometry":{"type":"LineString","coordinates":[[12.288416,41.792852],[12.288481,41.792894],[12.288569,41.792952]]}},{"type":"Feature","properties":{},"geometry":{"type":"LineString","coordinates":[[12.29305,41.793768],[12.293846,41.79415],[12.293973,41.793991]]}},{"type":"Feature","properties":{},"geometry":{"type":"LineString","coordinates":[[12.287666,41.794218],[12.287699,41.794237],[12.287724,41.794263],[12.287726,41.794317],[12.287707,41.794346],[12.287226,41.794817],[12.287191,41.794837],[12.287167,41.794845],[12.287112,41.794832],[12.287076,41.794818],[12.28706,41.79479],[12.287054,41.794762],[12.287055,41.794741],[12.287091,41.7947],[12.28756,41.794232],[12.28757,41.794196],[12.287566,41.79416]]}},{"type":"Feature","properties":{},"geometry":{"type":"LineString","coordinates":[[12.28756,41.794232],[12.287624,41.794227],[12.287699,41.794237]]}},{"type":"Feature","properties":{},"geometry":{"type":"LineString","coordinates":[[12.287731,41.79256],[12.287536,41.792802]]}},{"type":"Feature","properties":{},"geometry":{"type":"LineString","coordinates":[[12.256567,41.771],[12.256667,41.771085],[12.256721,41.771055],[12.256951,41.770927],[12.257045,41.771008],[12.256866,41.771123],[12.256721,41.771055]]}},{"type":"Feature","properties":{},"geometry":{"type":"LineString","coordinates":[[12.256667,41.771085],[12.256587,41.771201]]}},{"type":"Feature","properties":{},"geometry":{"type":"LineString","coordinates":[[12.286823,41.830946],[12.286841,41.83084],[12.286837,41.830798],[12.286815,41.830742],[12.286597,41.830551],[12.286502,41.830601]]}},{"type":"Feature","properties":{},"geometry":{"type":"LineString","coordinates":[[12.286239,41.830704],[12.286431,41.830876],[12.286823,41.830946],[12.286851,41.830951],[12.286945,41.831014]]}},{"type":"Feature","properties":{},"geometry":{"type":"LineString","coordinates":[[12.287984,41.830088],[12.287456,41.829499],[12.287491,41.829445],[12.287787,41.829314]]}},{"type":"Feature","properties":{},"geometry":{"type":"LineString","coordinates":[[12.287798,41.830373],[12.287698,41.830263],[12.287984,41.830088],[12.288274,41.829956]]}},{"type":"Feature","properties":{},"geometry":{"type":"LineString","coordinates":[[12.287816,41.829388],[12.287787,41.829314],[12.287697,41.829092],[12.2877,41.829026],[12.28771,41.828979],[12.287752,41.828933],[12.287815,41.828898],[12.287953,41.828867]]}},{"type":"Feature","properties":{"name":"Largo dello Spinarello"},"geometry":{"type":"LineString","coordinates":[[12.234697,41.774285],[12.234849,41.774303],[12.234875,41.774169]]}},{"type":"Feature","properties":{},"geometry":{"type":"LineString","coordinates":[[12.275366,41.796892],[12.275055,41.796813]]}},{"type":"Feature","properties":{},"geometry":{"type":"LineString","coordinates":[[12.275972,41.79669],[12.275771,41.797129]]}},{"type":"Feature","properties":{},"geometry":{"type":"LineString","coordinates":[[12.275594,41.79708],[12.275803,41.796641]]}},{"type":"Feature","properties":{},"geometry":{"type":"LineString","coordinates":[[12.275423,41.797034],[12.275637,41.796592]]}},{"type":"Feature","properties":{},"geometry":{"type":"LineString","coordinates":[[12.275005,41.796921],[12.275319,41.797004]]}},{"type":"Feature","properties":{},"geometry":{"type":"LineString","coordinates":[[12.276158,41.797071],[12.27615,41.79706],[12.276138,41.797054],[12.276011,41.797019],[12.275999,41.797009],[12.276009,41.796986],[12.276127,41.796783],[12.276131,41.79676],[12.276123,41.796741],[12.276072,41.796719],[12.275972,41.79669],[12.275803,41.796641],[12.275637,41.796592],[12.275588,41.796578],[12.275551,41.796567],[12.275516,41.796565],[12.275496,41.796579],[12.275366,41.796892]]}},{"type":"Feature","properties":{},"geometry":{"type":"LineString","coordinates":[[12.276443,41.797203],[12.276668,41.7972]]}},{"type":"Feature","properties":{},"geometry":{"type":"LineString","coordinates":[[12.276443,41.797203],[12.276268,41.797552],[12.276105,41.797509]]}},{"type":"Feature","properties":{},"geometry":{"type":"LineString","coordinates":[[12.276105,41.797509],[12.276244,41.797182],[12.276254,41.797167],[12.276275,41.797164],[12.276443,41.797203]]}},{"type":"Feature","properties":{},"geometry":{"type":"LineString","coordinates":[[12.289536,41.792186],[12.289596,41.792212]]}},{"type":"Feature","properties":{},"geometry":{"type":"LineString","coordinates":[[12.289305,41.792032],[12.28929,41.792073],[12.289248,41.792125],[12.289196,41.792146],[12.289117,41.792131]]}},{"type":"Feature","properties":{},"geometry":{"type":"LineString","coordinates":[[12.287085,41.842738],[12.286782,41.843013]]}},{"type":"Feature","properties":{},"geometry":{"type":"LineString","coordinates":[[12.286736,41.838938],[12.286663,41.838971],[12.286609,41.839007],[12.286568,41.839052],[12.286546,41.839128],[12.286544,41.839284],[12.286563,41.839379],[12.286618,41.839436],[12.286659,41.839491],[12.286691,41.839582],[12.286756,41.839669],[12.286946,41.839817],[12.287037,41.839952],[12.287041,41.840011],[12.286986,41.840201],[12.286988,41.84029],[12.287008,41.840362],[12.287079,41.840427],[12.287221,41.840494],[12.287338,41.840555],[12.287429,41.840655],[12.287486,41.840775],[12.287492,41.840867],[12.287449,41.840961],[12.287126,41.841292],[12.286739,41.84162],[12.286723,41.841679],[12.286718,41.841764],[12.286836,41.841884],[12.287204,41.842176],[12.287375,41.842277],[12.287724,41.842355],[12.287967,41.842426],[12.288061,41.842481],[12.288153,41.842584],[12.288188,41.84267],[12.288193,41.842757],[12.288074,41.842904],[12.287814,41.843024],[12.287719,41.84303],[12.287353,41.842876],[12.287085,41.842738]]}},{"type":"Feature","properties":{},"geometry":{"type":"LineString","coordinates":[[12.286296,41.838708],[12.286427,41.838742],[12.286516,41.838779],[12.286592,41.838814],[12.286736,41.838938],[12.286774,41.839002],[12.287088,41.839282],[12.287138,41.839337]]}},{"type":"Feature","properties":{},"geometry":{"type":"LineString","coordinates":[[12.287867,41.838964],[12.287897,41.838943],[12.2879,41.838883],[12.287875,41.838839],[12.287836,41.838796],[12.287559,41.838608],[12.28746,41.83858],[12.287395,41.838564]]}},{"type":"Feature","properties":{},"geometry":{"type":"LineString","coordinates":[[12.287158,41.838344],[12.287218,41.838379],[12.287336,41.838489],[12.287395,41.838564]]}},{"type":"Feature","properties":{},"geometry":{"type":"LineString","coordinates":[[12.287395,41.838564],[12.287414,41.838682],[12.287419,41.838739],[12.287466,41.83879],[12.287672,41.838943],[12.287741,41.838965],[12.287805,41.838974],[12.287867,41.838964]]}},{"type":"Feature","properties":{},"geometry":{"type":"LineString","coordinates":[[12.286013,41.837678],[12.285994,41.837714],[12.285972,41.837742],[12.285887,41.83779],[12.285559,41.83796],[12.285361,41.838075],[12.285339,41.838118],[12.285322,41.838179],[12.285329,41.838247],[12.28537,41.838298],[12.285551,41.838404],[12.285739,41.838484],[12.28581,41.83854],[12.285976,41.838616],[12.286296,41.838708]]}},{"type":"Feature","properties":{},"geometry":{"type":"LineString","coordinates":[[12.287016,41.838149],[12.286912,41.838245],[12.286843,41.838311],[12.286618,41.838419],[12.286469,41.83849],[12.286375,41.838565],[12.286317,41.838651],[12.286296,41.838708],[12.286249,41.839024],[12.286203,41.839483],[12.286162,41.839927],[12.286077,41.840336],[12.28608,41.840536],[12.285962,41.840894],[12.285763,41.841357],[12.28559,41.841754],[12.285569,41.84187],[12.285588,41.841955],[12.285708,41.842043],[12.285993,41.842159],[12.286416,41.842343],[12.286942,41.842659],[12.287085,41.842738]]}},{"type":"Feature","properties":{},"geometry":{"type":"LineString","coordinates":[[12.287164,41.838256],[12.287158,41.838344],[12.287157,41.838364],[12.287165,41.838453],[12.287218,41.838646],[12.287319,41.838944],[12.287348,41.839071],[12.287335,41.839131],[12.287271,41.839207],[12.287174,41.839281],[12.287138,41.839337],[12.287137,41.839385],[12.287285,41.83959]]}},{"type":"Feature","properties":{},"geometry":{"type":"LineString","coordinates":[[12.270555,41.78253],[12.270345,41.78243],[12.269612,41.782072],[12.268186,41.781377],[12.267827,41.781205],[12.267286,41.780949]]}},{"type":"Feature","properties":{},"geometry":{"type":"LineString","coordinates":[[12.268493,41.78272],[12.268386,41.782583]]}},{"type":"Feature","properties":{},"geometry":{"type":"LineString","coordinates":[[12.267892,41.781544],[12.267913,41.781553],[12.267928,41.781567],[12.267937,41.781583],[12.267939,41.781601],[12.267932,41.781619],[12.267919,41.781633],[12.267899,41.781645],[12.267875,41.78165],[12.26785,41.78165],[12.267827,41.781643],[12.267807,41.781631],[12.267795,41.781615],[12.26779,41.781597],[12.267794,41.781578],[12.267805,41.781562],[12.267823,41.781549],[12.267845,41.781542],[12.267869,41.78154],[12.267892,41.781544]]}},{"type":"Feature","properties":{},"geometry":{"type":"LineString","coordinates":[[12.277471,41.798735],[12.27738,41.79892],[12.277199,41.798869],[12.277012,41.798816],[12.276816,41.798761],[12.276641,41.798712]]}},{"type":"Feature","properties":{},"geometry":{"type":"LineString","coordinates":[[12.274919,41.798517],[12.275001,41.798356]]}},{"type":"Feature","properties":{},"geometry":{"type":"LineString","coordinates":[[12.274747,41.798469],[12.274824,41.798307]]}},{"type":"Feature","properties":{},"geometry":{"type":"LineString","coordinates":[[12.274576,41.798421],[12.274653,41.798259]]}},{"type":"Feature","properties":{},"geometry":{"type":"LineString","coordinates":[[12.27579,41.79876],[12.275984,41.798367]]}},{"type":"Feature","properties":{},"geometry":{"type":"LineString","coordinates":[[12.275614,41.798711],[12.275805,41.798326]]}},{"type":"Feature","properties":{},"geometry":{"type":"LineString","coordinates":[[12.275439,41.798662],[12.275626,41.798276]]}},{"type":"Feature","properties":{},"geometry":{"type":"LineString","coordinates":[[12.276521,41.798963],[12.276625,41.798755]]}},{"type":"Feature","properties":{},"geometry":{"type":"LineString","coordinates":[[12.276695,41.799011],[12.276794,41.798806]]}},{"type":"Feature","properties":{},"geometry":{"type":"LineString","coordinates":[[12.276889,41.799065],[12.276993,41.798856]]}},{"type":"Feature","properties":{},"geometry":{"type":"LineString","coordinates":[[12.277085,41.79912],[12.277185,41.798913]]}},{"type":"Feature","properties":{},"geometry":{"type":"LineString","coordinates":[[12.249952,41.793744],[12.249943,41.793709],[12.249938,41.793688],[12.249934,41.79366],[12.249938,41.793627],[12.249951,41.793597],[12.249975,41.793573],[12.250006,41.793557],[12.250039,41.793545],[12.250086,41.793537]]}},{"type":"Feature","properties":{},"geometry":{"type":"LineString","coordinates":[[12.261434,41.810322],[12.264576,41.803938]]}},{"type":"Feature","properties":{},"geometry":{"type":"LineString","coordinates":[[12.260922,41.811375],[12.260947,41.811306],[12.261434,41.810322]]}},{"type":"Feature","properties":{},"geometry":{"type":"LineString","coordinates":[[12.260695,41.809614],[12.26051,41.810063],[12.2605,41.810088]]}},{"type":"Feature","properties":{},"geometry":{"type":"LineString","coordinates":[[12.264576,41.803938],[12.265061,41.80294],[12.26511,41.80287],[12.265181,41.802818],[12.265263,41.80278],[12.265386,41.802725]]}},{"type":"Feature","properties":{},"geometry":{"type":"LineString","coordinates":[[12.240624,41.778494],[12.240196,41.778391],[12.239946,41.778329],[12.239925,41.778323]]}},{"type":"Feature","properties":{},"geometry":{"type":"LineString","coordinates":[[12.244478,41.778528],[12.24454,41.778475],[12.244821,41.778128],[12.244855,41.778062],[12.244864,41.778017],[12.244858,41.777962],[12.244816,41.777909],[12.244715,41.777847],[12.244278,41.777655],[12.24422,41.777663]]}},{"type":"Feature","properties":{},"geometry":{"type":"LineString","coordinates":[[12.244309,41.780839],[12.244541,41.780556],[12.244558,41.780518],[12.244538,41.780492],[12.244493,41.780467],[12.244359,41.780409],[12.244303,41.780382]]}},{"type":"Feature","properties":{},"geometry":{"type":"LineString","coordinates":[[12.244669,41.780495],[12.244685,41.780545],[12.244676,41.780592],[12.244476,41.780846],[12.244435,41.780895]]}},{"type":"Feature","properties":{},"geometry":{"type":"LineString","coordinates":[[12.244337,41.78034],[12.244427,41.780381],[12.244669,41.780495],[12.244838,41.780579],[12.244851,41.780607],[12.244835,41.78065],[12.244619,41.780911],[12.24458,41.78096]]}},{"type":"Feature","properties":{},"geometry":{"type":"LineString","coordinates":[[12.244929,41.781449],[12.245042,41.781234],[12.245069,41.781179]]}},{"type":"Feature","properties":{},"geometry":{"type":"LineString","coordinates":[[12.244031,41.780721],[12.244104,41.780747],[12.244309,41.780839],[12.244435,41.780895],[12.24458,41.78096],[12.245069,41.781179],[12.245109,41.781194],[12.245399,41.781297],[12.245507,41.781343],[12.245708,41.781453],[12.246025,41.781617],[12.24623,41.781744]]}},{"type":"Feature","properties":{},"geometry":{"type":"LineString","coordinates":[[12.246339,41.781149],[12.246313,41.78124],[12.246025,41.781617]]}},{"type":"Feature","properties":{},"geometry":{"type":"LineString","coordinates":[[12.246683,41.781173],[12.246339,41.781149],[12.245965,41.781122],[12.245708,41.781453]]}},{"type":"Feature","properties":{},"geometry":{"type":"LineString","coordinates":[[12.243095,41.783429],[12.243422,41.783564],[12.243489,41.783648],[12.24359,41.783765],[12.243665,41.783826]]}},{"type":"Feature","properties":{},"geometry":{"type":"LineString","coordinates":[[12.243543,41.782132],[12.243714,41.78207],[12.243823,41.78203],[12.243894,41.782018]]}},{"type":"Feature","properties":{},"geometry":{"type":"LineString","coordinates":[[12.243225,41.781835],[12.24327,41.781727],[12.243325,41.781595],[12.24336,41.78154],[12.243394,41.781505],[12.24345,41.781471],[12.243508,41.781445],[12.243587,41.781425],[12.243686,41.781411],[12.243755,41.781411]]}},{"type":"Feature","properties":{},"geometry":{"type":"LineString","coordinates":[[12.299065,41.809553],[12.298989,41.809504],[12.298862,41.809438]]}},{"type":"Feature","properties":{},"geometry":{"type":"LineString","coordinates":[[12.257969,41.790532],[12.257904,41.790565],[12.257878,41.790599],[12.257856,41.790668],[12.257845,41.790765],[12.257855,41.790818],[12.257895,41.790872]]}},{"type":"Feature","properties":{"name":"Piazza Generale Carlo Alberto Dalla Chiesa"},"geometry":{"type":"LineString","coordinates":[[12.236191,41.77285],[12.236153,41.772859],[12.236133,41.772863],[12.236053,41.772839]]}},{"type":"Feature","properties":{"name":"Piazza Generale Carlo Alberto Dalla Chiesa"},"geometry":{"type":"LineString","coordinates":[[12.236034,41.772413],[12.236127,41.772427],[12.23616,41.772433]]}},{"type":"Feature","properties":{},"geometry":{"type":"LineString","coordinates":[[12.255441,41.797385],[12.255294,41.797438]]}},{"type":"Feature","properties":{},"geometry":{"type":"LineString","coordinates":[[12.255171,41.797241],[12.254968,41.796913]]}},{"type":"Feature","properties":{},"geometry":{"type":"LineString","coordinates":[[12.255185,41.797263],[12.255171,41.797241]]}},{"type":"Feature","properties":{},"geometry":{"type":"LineString","coordinates":[[12.255402,41.797616],[12.255294,41.797438],[12.25529,41.797432],[12.255185,41.797263]]}},{"type":"Feature","properties":{},"geometry":{"type":"LineString","coordinates":[[12.255415,41.797638],[12.255402,41.797616]]}},{"type":"Feature","properties":{},"geometry":{"type":"LineString","coordinates":[[12.255654,41.79803],[12.255415,41.797638]]}},{"type":"Feature","properties":{},"geometry":{"type":"LineString","coordinates":[[12.255667,41.798052],[12.255654,41.79803]]}},{"type":"Feature","properties":{},"geometry":{"type":"LineString","coordinates":[[12.255923,41.798234],[12.255896,41.798235],[12.255817,41.798234],[12.255762,41.798207],[12.255667,41.798052]]}},{"type":"Feature","properties":{},"geometry":{"type":"LineString","coordinates":[[12.255986,41.798232],[12.255923,41.798234]]}},{"type":"Feature","properties":{},"geometry":{"type":"LineString","coordinates":[[12.255085,41.79616],[12.254899,41.796248]]}},{"type":"Feature","properties":{},"geometry":{"type":"LineString","coordinates":[[12.255331,41.796044],[12.255284,41.796066],[12.255085,41.79616]]}},{"type":"Feature","properties":{},"geometry":{"type":"LineString","coordinates":[[12.256431,41.797921],[12.256455,41.797961]]}},{"type":"Feature","properties":{},"geometry":{"type":"LineString","coordinates":[[12.256215,41.79757],[12.256431,41.797921]]}},{"type":"Feature","properties":{},"geometry":{"type":"LineString","coordinates":[[12.256202,41.797548],[12.256215,41.79757]]}},{"type":"Feature","properties":{},"geometry":{"type":"LineString","coordinates":[[12.255988,41.797199],[12.256202,41.797548]]}},{"type":"Feature","properties":{},"geometry":{"type":"LineString","coordinates":[[12.255974,41.797176],[12.255984,41.797193],[12.255988,41.797199]]}},{"type":"Feature","properties":{},"geometry":{"type":"LineString","coordinates":[[12.25577,41.796847],[12.25579,41.796879],[12.255974,41.797176]]}},{"type":"Feature","properties":{},"geometry":{"type":"LineString","coordinates":[[12.255757,41.796826],[12.25577,41.796847]]}},{"type":"Feature","properties":{},"geometry":{"type":"LineString","coordinates":[[12.255535,41.79647],[12.255757,41.796826]]}},{"type":"Feature","properties":{},"geometry":{"type":"LineString","coordinates":[[12.255523,41.796449],[12.255535,41.79647]]}},{"type":"Feature","properties":{},"geometry":{"type":"LineString","coordinates":[[12.255342,41.796158],[12.255523,41.796449]]}},{"type":"Feature","properties":{},"geometry":{"type":"LineString","coordinates":[[12.255329,41.796138],[12.255342,41.796158]]}},{"type":"Feature","properties":{},"geometry":{"type":"LineString","coordinates":[[12.255284,41.796066],[12.255329,41.796138]]}},{"type":"Feature","properties":{},"geometry":{"type":"LineString","coordinates":[[12.254968,41.796913],[12.254955,41.796891]]}},{"type":"Feature","properties":{},"geometry":{"type":"LineString","coordinates":[[12.254955,41.796891],[12.25478,41.796609],[12.254631,41.796375]]}},{"type":"Feature","properties":{},"geometry":{"type":"LineString","coordinates":[[12.242549,41.772939],[12.242705,41.772309],[12.242731,41.772288],[12.243049,41.77233],[12.243075,41.772346],[12.2429,41.772993]]}},{"type":"Feature","properties":{},"geometry":{"type":"LineString","coordinates":[[12.247127,41.775264],[12.247183,41.775274],[12.247196,41.775284],[12.247105,41.77562],[12.247096,41.775636],[12.247035,41.775627],[12.247001,41.775632],[12.246935,41.775873],[12.246964,41.775994]]}},{"type":"Feature","properties":{},"geometry":{"type":"LineString","coordinates":[[12.275366,41.796892],[12.275319,41.797004]]}},{"type":"Feature","properties":{},"geometry":{"type":"LineString","coordinates":[[12.275319,41.797004],[12.275423,41.797034]]}},{"type":"Feature","properties":{},"geometry":{"type":"LineString","coordinates":[[12.275423,41.797034],[12.275594,41.79708],[12.275771,41.797129],[12.275949,41.797177],[12.276027,41.797197],[12.27606,41.797199],[12.276095,41.797188],[12.276158,41.797084],[12.276158,41.797071]]}},{"type":"Feature","properties":{},"geometry":{"type":"LineString","coordinates":[[12.249652,41.789142],[12.249659,41.789038],[12.249661,41.789016],[12.249668,41.788971],[12.249849,41.787835],[12.249865,41.787811],[12.249899,41.787806],[12.249988,41.787818],[12.250008,41.787832],[12.250026,41.787861],[12.249849,41.788982]]}},{"type":"Feature","properties":{},"geometry":{"type":"LineString","coordinates":[[12.249849,41.788982],[12.249836,41.789055],[12.249836,41.78908],[12.249815,41.789139],[12.24971,41.78917]]}},{"type":"Feature","properties":{},"geometry":{"type":"LineString","coordinates":[[12.273565,41.800034],[12.273419,41.799996]]}},{"type":"Feature","properties":{},"geometry":{"type":"LineString","coordinates":[[12.273836,41.800775],[12.273612,41.800711],[12.27358,41.800681]]}},{"type":"Feature","properties":{},"geometry":{"type":"LineString","coordinates":[[12.273048,41.800478],[12.273282,41.800542],[12.273312,41.800558],[12.273319,41.800581],[12.27331,41.800612]]}},{"type":"Feature","properties":{},"geometry":{"type":"LineString","coordinates":[[12.27331,41.800612],[12.27358,41.800681]]}},{"type":"Feature","properties":{"name":"Piazza Generale Carlo Alberto Dalla Chiesa"},"geometry":{"type":"LineString","coordinates":[[12.236901,41.773032],[12.236649,41.772903],[12.236543,41.772855],[12.236485,41.772834],[12.236427,41.772838],[12.236336,41.772907]]}},{"type":"Feature","properties":{},"geometry":{"type":"LineString","coordinates":[[12.295923,41.799976],[12.295942,41.799951],[12.295961,41.799927],[12.29598,41.799902],[12.295805,41.79983]]}},{"type":"Feature","properties":{},"geometry":{"type":"LineString","coordinates":[[12.295286,41.80157],[12.295329,41.801526],[12.295399,41.801454],[12.295189,41.801331],[12.295155,41.801312],[12.296296,41.800184],[12.296346,41.800131],[12.296933,41.800372],[12.296091,41.801211]]}},{"type":"Feature","properties":{},"geometry":{"type":"LineString","coordinates":[[12.296933,41.800372],[12.297618,41.800626],[12.297741,41.800696],[12.297756,41.800704],[12.29776,41.800807],[12.297834,41.800917]]}},{"type":"Feature","properties":{},"geometry":{"type":"LineString","coordinates":[[12.295286,41.80157],[12.296234,41.802097]]}},{"type":"Feature","properties":{},"geometry":{"type":"LineString","coordinates":[[12.296234,41.802097],[12.29627,41.802047],[12.296455,41.801914],[12.296582,41.801877],[12.297511,41.800925]]}},{"type":"Feature","properties":{},"geometry":{"type":"LineString","coordinates":[[12.297511,41.800925],[12.296931,41.800626],[12.297038,41.800508],[12.297527,41.800734],[12.297511,41.800925]]}},{"type":"Feature","properties":{},"geometry":{"type":"LineString","coordinates":[[12.297527,41.800734],[12.297643,41.800771],[12.29776,41.800807]]}},{"type":"Feature","properties":{},"geometry":{"type":"LineString","coordinates":[[12.295156,41.801703],[12.295286,41.80157]]}},{"type":"Feature","properties":{},"geometry":{"type":"LineString","coordinates":[[12.296234,41.802097],[12.296494,41.802242]]}},{"type":"Feature","properties":{},"geometry":{"type":"LineString","coordinates":[[12.296133,41.802237],[12.296234,41.802097]]}},{"type":"Feature","properties":{},"geometry":{"type":"LineString","coordinates":[[12.247384,41.79553],[12.247434,41.795588],[12.247462,41.795616],[12.247517,41.795659],[12.247564,41.795679]]}},{"type":"Feature","properties":{},"geometry":{"type":"LineString","coordinates":[[12.247126,41.795257],[12.24722,41.795216],[12.247271,41.795198],[12.247323,41.795193],[12.247463,41.795242],[12.247575,41.795251]]}},{"type":"Feature","properties":{},"geometry":{"type":"LineString","coordinates":[[12.247152,41.795284],[12.247265,41.795396],[12.247384,41.79553]]}},{"type":"Feature","properties":{},"geometry":{"type":"LineString","coordinates":[[12.247837,41.795028],[12.247801,41.794999],[12.247748,41.794971],[12.247698,41.794953],[12.247584,41.794927],[12.247476,41.794891]]}},{"type":"Feature","properties":{},"geometry":{"type":"LineString","coordinates":[[12.247575,41.795251],[12.247863,41.795355],[12.248056,41.795424],[12.248242,41.795494],[12.248283,41.795511],[12.248412,41.795572],[12.248465,41.79561],[12.248499,41.795644],[12.248523,41.795675],[12.248535,41.795705]]}},{"type":"Feature","properties":{},"geometry":{"type":"LineString","coordinates":[[12.247324,41.798145],[12.247289,41.798157],[12.247251,41.79816],[12.247213,41.798155],[12.247176,41.798146],[12.246417,41.797948],[12.246363,41.79791],[12.246347,41.797871]]}},{"type":"Feature","properties":{},"geometry":{"type":"LineString","coordinates":[[12.24758,41.794384],[12.247641,41.794363],[12.247696,41.794337],[12.247775,41.794284],[12.247838,41.794243]]}},{"type":"Feature","properties":{},"geometry":{"type":"LineString","coordinates":[[12.247575,41.795251],[12.247653,41.795225],[12.247692,41.795212],[12.247718,41.795195],[12.247837,41.795028],[12.247858,41.795014],[12.247877,41.795006],[12.247895,41.795003],[12.247911,41.795005],[12.24792,41.795014],[12.247924,41.795026],[12.247942,41.795203],[12.247936,41.795232],[12.24792,41.795269],[12.247889,41.795316],[12.247863,41.795355]]}},{"type":"Feature","properties":{},"geometry":{"type":"LineString","coordinates":[[12.246347,41.797871],[12.246345,41.797825],[12.24636,41.797773],[12.247404,41.795643],[12.247434,41.795588]]}},{"type":"Feature","properties":{},"geometry":{"type":"LineString","coordinates":[[12.247276,41.794765],[12.247227,41.794716],[12.247158,41.794667],[12.247103,41.794645],[12.24699,41.794632],[12.246734,41.794612],[12.246593,41.794607],[12.24656,41.794607]]}},{"type":"Feature","properties":{},"geometry":{"type":"LineString","coordinates":[[12.238217,41.798144],[12.237987,41.798146],[12.237838,41.798107],[12.237716,41.798034],[12.237624,41.797925],[12.237493,41.797727],[12.237271,41.797336]]}},{"type":"Feature","properties":{},"geometry":{"type":"LineString","coordinates":[[12.239129,41.798031],[12.239168,41.797948],[12.239188,41.797885],[12.239136,41.797789],[12.239057,41.797743],[12.238939,41.797716],[12.238739,41.798102],[12.238674,41.798271],[12.238531,41.798683]]}},{"type":"Feature","properties":{},"geometry":{"type":"LineString","coordinates":[[12.249943,41.793709],[12.249821,41.793651],[12.249711,41.793614],[12.249632,41.793571],[12.249582,41.79354]]}},{"type":"Feature","properties":{},"geometry":{"type":"LineString","coordinates":[[12.2599,41.800254],[12.260051,41.800204]]}},{"type":"Feature","properties":{},"geometry":{"type":"LineString","coordinates":[[12.259009,41.794715],[12.259111,41.794677],[12.259416,41.794565],[12.259483,41.794545],[12.259559,41.794522],[12.259635,41.794514],[12.259795,41.79452],[12.260029,41.794529]]}},{"type":"Feature","properties":{},"geometry":{"type":"LineString","coordinates":[[12.259601,41.799767],[12.259746,41.799713]]}},{"type":"Feature","properties":{},"geometry":{"type":"LineString","coordinates":[[12.2601,41.800187],[12.260024,41.800063],[12.259801,41.799694]]}},{"type":"Feature","properties":{},"geometry":{"type":"LineString","coordinates":[[12.261162,41.799662],[12.26011,41.80003]]}},{"type":"Feature","properties":{},"geometry":{"type":"LineString","coordinates":[[12.26105,41.79925],[12.26135,41.799143],[12.261408,41.799123]]}},{"type":"Feature","properties":{},"geometry":{"type":"LineString","coordinates":[[12.261306,41.799772],[12.261679,41.79965],[12.261733,41.799633]]}},{"type":"Feature","properties":{},"geometry":{"type":"LineString","coordinates":[[12.261262,41.799715],[12.261306,41.799772],[12.261651,41.800311],[12.261665,41.800339],[12.261668,41.80037],[12.261664,41.800399],[12.261659,41.800425],[12.261663,41.800445],[12.26167,41.800463],[12.2617,41.80051]]}},{"type":"Feature","properties":{},"geometry":{"type":"LineString","coordinates":[[12.249179,41.793126],[12.249022,41.793002],[12.248987,41.792955],[12.248998,41.79288],[12.249026,41.792784],[12.249093,41.792629],[12.249421,41.79208],[12.249537,41.791902]]}},{"type":"Feature","properties":{},"geometry":{"type":"LineString","coordinates":[[12.260548,41.800908],[12.260526,41.800872],[12.26042,41.800699],[12.260375,41.800647],[12.2601,41.800187]]}},{"type":"Feature","properties":{},"geometry":{"type":"LineString","coordinates":[[12.259746,41.799713],[12.259801,41.799694],[12.260979,41.799279],[12.26105,41.79925]]}},{"type":"Feature","properties":{},"geometry":{"type":"LineString","coordinates":[[12.261275,41.79962],[12.261207,41.799645],[12.261162,41.799662]]}},{"type":"Feature","properties":{},"geometry":{"type":"LineString","coordinates":[[12.260051,41.800204],[12.2601,41.800187]]}},{"type":"Feature","properties":{},"geometry":{"type":"LineString","coordinates":[[12.261644,41.799487],[12.261275,41.79962]]}},{"type":"Feature","properties":{},"geometry":{"type":"LineString","coordinates":[[12.260979,41.799279],[12.261207,41.799645],[12.261262,41.799715]]}},{"type":"Feature","properties":{},"geometry":{"type":"LineString","coordinates":[[12.26011,41.80003],[12.260024,41.800063]]}},{"type":"Feature","properties":{},"geometry":{"type":"LineString","coordinates":[[12.240712,41.775181],[12.240747,41.775093],[12.240783,41.775022]]}},{"type":"Feature","properties":{},"geometry":{"type":"LineString","coordinates":[[12.241,41.775052],[12.241029,41.775019],[12.241132,41.774834],[12.241163,41.774811],[12.241239,41.774801]]}},{"type":"Feature","properties":{},"geometry":{"type":"LineString","coordinates":[[12.241239,41.774801],[12.241135,41.774997],[12.241112,41.775021],[12.241098,41.775038],[12.241068,41.775057],[12.241,41.775052]]}},{"type":"Feature","properties":{},"geometry":{"type":"LineString","coordinates":[[12.241314,41.774817],[12.241239,41.774801]]}},{"type":"Feature","properties":{},"geometry":{"type":"LineString","coordinates":[[12.24053,41.774844],[12.240547,41.774876],[12.24058,41.774908],[12.24064,41.774947],[12.240783,41.775022],[12.240948,41.775066],[12.240972,41.775063],[12.241,41.775052]]}},{"type":"Feature","properties":{},"geometry":{"type":"LineString","coordinates":[[12.24053,41.774844],[12.24067,41.774575],[12.240475,41.774511],[12.240332,41.774774],[12.24053,41.774844]]}},{"type":"Feature","properties":{},"geometry":{"type":"LineString","coordinates":[[12.248149,41.79027],[12.247664,41.790237]]}},{"type":"Feature","properties":{},"geometry":{"type":"LineString","coordinates":[[12.248311,41.790106],[12.248283,41.790188],[12.248243,41.790226],[12.248195,41.790255],[12.248149,41.79027]]}},{"type":"Feature","properties":{},"geometry":{"type":"LineString","coordinates":[[12.25276,41.795405],[12.252685,41.795439],[12.252567,41.795486]]}},{"type":"Feature","properties":{},"geometry":{"type":"LineString","coordinates":[[12.252189,41.796562],[12.252219,41.79647],[12.252228,41.79637],[12.25238,41.795915],[12.25244,41.795764],[12.252567,41.795486]]}},{"type":"Feature","properties":{},"geometry":{"type":"LineString","coordinates":[[12.252567,41.795486],[12.252545,41.795429],[12.252548,41.795392]]}},{"type":"Feature","properties":{},"geometry":{"type":"LineString","coordinates":[[12.239928,41.774868],[12.238906,41.774816],[12.238704,41.774806]]}},{"type":"Feature","properties":{},"geometry":{"type":"LineString","coordinates":[[12.239717,41.774779],[12.238911,41.774742],[12.238766,41.774735]]}},{"type":"Feature","properties":{},"geometry":{"type":"LineString","coordinates":[[12.244228,41.794074],[12.244262,41.79409],[12.244304,41.794107],[12.244443,41.794148],[12.244568,41.79418],[12.244813,41.794225],[12.244894,41.794245],[12.244948,41.794264],[12.244983,41.794291],[12.245123,41.793952]]}},{"type":"Feature","properties":{},"geometry":{"type":"LineString","coordinates":[[12.245145,41.79464],[12.245009,41.794679],[12.244719,41.794778],[12.244573,41.794802],[12.244195,41.794927],[12.244087,41.794951],[12.24399,41.794962],[12.243783,41.79497],[12.243636,41.79497],[12.24359,41.794971]]}},{"type":"Feature","properties":{},"geometry":{"type":"LineString","coordinates":[[12.243691,41.794247],[12.243684,41.79427],[12.243678,41.794286],[12.24367,41.794312],[12.243665,41.794335],[12.243662,41.794361],[12.243662,41.794385],[12.243664,41.794408],[12.243685,41.794747],[12.243686,41.79477],[12.243684,41.794789],[12.243679,41.794813],[12.243669,41.794844],[12.243657,41.794872],[12.243643,41.7949],[12.243626,41.794927],[12.243608,41.79495],[12.24359,41.794971],[12.243557,41.795005],[12.243495,41.79506],[12.243476,41.795074],[12.24346,41.795085],[12.243439,41.795096],[12.243407,41.795111],[12.243359,41.795128],[12.242829,41.795307],[12.242751,41.795333],[12.242686,41.795354],[12.242643,41.795364],[12.2426,41.795369],[12.24256,41.795369],[12.24252,41.795364],[12.242124,41.795254],[12.241518,41.795086],[12.241489,41.795081],[12.24146,41.795087],[12.241436,41.795099],[12.241422,41.795116],[12.241162,41.795651],[12.240912,41.796168],[12.240906,41.796193],[12.240915,41.796221],[12.240935,41.796244],[12.240966,41.796257],[12.241649,41.796446],[12.242344,41.796639],[12.242377,41.796642],[12.242409,41.796637],[12.242439,41.796622],[12.242455,41.796602],[12.242838,41.795827],[12.242857,41.795794],[12.242886,41.79577],[12.242933,41.79575],[12.244198,41.795315],[12.244254,41.795304]]}},{"type":"Feature","properties":{},"geometry":{"type":"LineString","coordinates":[[12.245145,41.79464],[12.245268,41.794937]]}},{"type":"Feature","properties":{},"geometry":{"type":"LineString","coordinates":[[12.251908,41.788345],[12.251794,41.788375],[12.251579,41.790053]]}},{"type":"Feature","properties":{},"geometry":{"type":"LineString","coordinates":[[12.298902,41.817028],[12.299012,41.816913],[12.299232,41.817029],[12.299119,41.817147]]}},{"type":"Feature","properties":{},"geometry":{"type":"LineString","coordinates":[[12.250151,41.794534],[12.249932,41.794414]]}},{"type":"Feature","properties":{},"geometry":{"type":"LineString","coordinates":[[12.27093,41.800458],[12.270991,41.800336],[12.271065,41.800285]]}},{"type":"Feature","properties":{},"geometry":{"type":"LineString","coordinates":[[12.270576,41.800363],[12.270647,41.800224],[12.270919,41.800299],[12.27085,41.800437]]}},{"type":"Feature","properties":{},"geometry":{"type":"LineString","coordinates":[[12.222127,41.807881],[12.222447,41.807628],[12.222559,41.807539]]}},{"type":"Feature","properties":{},"geometry":{"type":"LineString","coordinates":[[12.22199,41.80753],[12.222447,41.807628]]}}]}