{
"type": "FeatureCollection",
"name": "holding_points",
"crs": { "type": "name", "properties": { "name": "urn:ogc:def:crs:OGC:1.3:CRS84" } },
"features": [
{"type":"Feature","properties":{"id":"node/246048979","@id":"node/246048979","abandoned":null,"access":null,"addr:city":null,"addr:housenumber":null,"addr:postcode":null,"addr:street":null,"addr:suburb":null,"aerodrome":null,"aerodrome:type":null,"aeroway":"holding_position","air_conditioning":null,"amenity":null,"archaeological_site":null,"baby_feeding":null,"barrier":null,"bicycle":null,"branch":null,"brand":null,"brand:wikidata":null,"brand:wikipedia":null,"bridge":null,"building":null,"building:colour":null,"building:height":null,"building:levels":null,"changing_table":null,"check_date":null,"check_date:opening_hours":null,"city_served":null,"compressed_air":null,"contact:email":null,"contact:phone":null,"contact:website":null,"content":null,"covered":null,"created_by":null,"cuisine":null,"cutting":null,"denomination":null,"description":null,"drinking_water":null,"ele":null,"email":null,"emergency":null,"fee":null,"female":null,"fixme":null,"foot":null,"fuel:diesel":null,"fuel:lpg":null,"fuel:octane_95":null,"healthcare":null,"height":null,"highway":null,"historic":null,"historic:civilization":null,"holding_position:type":"runway","horse":null,"iata":null,"icao":null,"indoor":null,"internet_access":null,"landuse":null,"lanes":null,"layer":null,"leisure":null,"length":null,"level":null,"lit":null,"local_ref":null,"male":null,"man_made":null,"maxheight":null,"maxheight:signed":null,"maxspeed":null,"maxweight:signed":null,"min_height":null,"motor_vehicle":null,"motorcar":null,"museum":null,"music":null,"name":null,"name:ar":null,"name:bg":null,"name:de":null,"name:en":null,"name:es":null,"name:etymology:wikidata":null,"name:fa":null,"name:it":null,"name:ko":null,"name:ru":null,"name:signed":null,"navigationaid":null,"network":null,"nobrand":null,"note":null,"office":null,"official_name":null,"official_name:it":null,"official_name:ru":null,"old_name":null,"oneway":null,"opening_hours":null,"operator":null,"operator:wikidata":null,"operator:wikipedia":null,"parking":null,"passengers":null,"payment:cash":null,"payment:credit_cards":null,"payment:mastercard":null,"payment:visa":null,"phone":null,"psv":null,"public_transport":null,"railway":null,"ref":null,"ref:mise":null,"religion":null,"roof:colour":null,"roof:height":null,"roof:levels":null,"roof:shape":null,"ruins":null,"runway":null,"self_service":null,"service":null,"shelter_type":null,"shop":null,"short_operator":null,"sidewalk":null,"smoothness":null,"source":null,"source:date":null,"start_date":null,"surface":null,"takeaway":null,"taxi":null,"toilets":null,"toilets:disposal":null,"toilets:wheelchair":null,"tourism":null,"tourist_bus":null,"tower:type":null,"tracktype":null,"train":null,"tunnel":null,"type":null,"website":null,"website_1":null,"wheelchair":null,"width":null,"wikidata":null,"wikimedia_commons":null,"wikipedia":null},"geometry":{"type":"Point","coordinates":[12.2594631,41.845987]}},
{"type":"Feature","properties":{"id":"node/246051309","@id":"node/246051309","abandoned":null,"access":null,"addr:city":null,"addr:housenumber":null,"addr:postcode":null,"addr:street":null,"addr:suburb":null,"aerodrome":null,"aerodrome:type":null,"aeroway":"holding_position","air_conditioning":null,"amenity":null,"archaeological_site":null,"baby_feeding":null,"barrier":null,"bicycle":null,"branch":null,"brand":null,"brand:wikidata":null,"brand:wikipedia":null,"bridge":null,"building":null,"building:colour":null,"building:height":null,"building:levels":null,"changing_table":null,"check_date":null,"check_date:opening_hours":null,"city_served":null,"compressed_air":null,"contact:email":null,"contact:phone":null,"contact:website":null,"content":null,"covered":null,"created_by":null,"cuisine":null,"cutting":null,"denomination":null,"description":null,"drinking_water":null,"ele":null,"email":null,"emergency":null,"fee":null,"female":null,"fixme":null,"foot":null,"fuel:diesel":null,"fuel:lpg":null,"fuel:octane_95":null,"healthcare":null,"height":null,"highway":null,"historic":null,"historic:civilization":null,"holding_position:type":"runway","horse":null,"iata":null,"icao":null,"indoor":null,"internet_access":null,"landuse":null,"lanes":null,"layer":null,"leisure":null,"length":null,"level":null,"lit":null,"local_ref":null,"male":null,"man_made":null,"maxheight":null,"maxheight:signed":null,"maxspeed":null,"maxweight:signed":null,"min_height":null,"motor_vehicle":null,"motorcar":null,"museum":null,"music":null,"name":null,"name:ar":null,"name:bg":null,"name:de":null,"name:en":null,"name:es":null,"name:etymology:wikidata":null,"name:fa":null,"name:it":null,"name:ko":null,"name:ru":null,"name:signed":null,"navigationaid":null,"network":null,"nobrand":null,"note":null,"office":null,"official_name":null,"official_name:it":null,"official_name:ru":null,"old_name":null,"oneway":null,"opening_hours":null,"operator":null,"operator:wikidata":null,"operator:wikipedia":null,"parking":null,"passengers":null,"payment:cash":null,"payment:credit_cards":null,"payment:mastercard":null,"payment:visa":null,"phone":null,"psv":null,"public_transport":null,"railway":null,"ref":"D5","ref:mise":null,"religion":null,"roof:colour":null,"roof:height":null,"roof:levels":null,"roof:shape":null,"ruins":null,"runway":null,"self_service":null,"service":null,"shelter_type":null,"shop":null,"short_operator":null,"sidewalk":null,"smoothness":null,"source":null,"source:date":null,"start_date":null,"surface":null,"takeaway":null,"taxi":null,"toilets":null,"toilets:disposal":null,"toilets:wheelchair":null,"tourism":null,"tourist_bus":null,"tower:type":null,"tracktype":null,"train":null,"tunnel":null,"type":null,"website":null,"website_1":null,"wheelchair":null,"width":null,"wikidata":null,"wikimedia_commons":null,"wikipedia":null},"geometry":{"type":"Point","coordinates":[12.272363,41.81229]}},
{"type":"Feature","properties":{"id":"node/246052100","@id":"node/246052100","abandoned":null,"access":null,"addr:city":null,"addr:housenumber":null,"addr:postcode":null,"addr:street":null,"addr:suburb":null,"aerodrome":null,"aerodrome:type":null,"aeroway":"holding_position","air_conditioning":null,"amenity":null,"archaeological_site":null,"baby_feeding":null,"barrier":null,"bicycle":null,"branch":null,"brand":null,"brand:wikidata":null,"brand:wikipedia":null,"bridge":null,"building":null,"building:colour":null,"building:height":null,"building:levels":null,"changing_table":null,"check_date":null,"check_date:opening_hours":null,"city_served":null,"compressed_air":null,"contact:email":null,"contact:phone":null,"contact:website":null,"content":null,"covered":null,"created_by":null,"cuisine":null,"cutting":null,"denomination":null,"description":null,"drinking_water":null,"ele":null,"email":null,"emergency":null,"fee":null,"female":null,"fixme":null,"foot":null,"fuel:diesel":null,"fuel:lpg":null,"fuel:octane_95":null,"healthcare":null,"height":null,"highway":null,"historic":null,"historic:civilization":null,"holding_position:type":"runway","horse":null,"iata":null,"icao":null,"indoor":null,"internet_access":null,"landuse":null,"lanes":null,"layer":null,"leisure":null,"length":null,"level":null,"lit":null,"local_ref":null,"male":null,"man_made":null,"maxheight":null,"maxheight:signed":null,"maxspeed":null,"maxweight:signed":null,"min_height":null,"motor_vehicle":null,"motorcar":null,"museum":null,"music":null,"name":null,"name:ar":null,"name:bg":null,"name:de":null,"name:en":null,"name:es":null,"name:etymology:wikidata":null,"name:fa":null,"name:it":null,"name:ko":null,"name:ru":null,"name:signed":null,"navigationaid":null,"network":null,"nobrand":null,"note":null,"office":null,"official_name":null,"official_name:it":null,"official_name:ru":null,"old_name":null,"oneway":null,"opening_hours":null,"operator":null,"operator:wikidata":null,"operator:wikipedia":null,"parking":null,"passengers":null,"payment:cash":null,"payment:credit_cards":null,"payment:mastercard":null,"payment:visa":null,"phone":null,"psv":null,"public_transport":null,"railway":null,"ref":null,"ref:mise":null,"religion":null,"roof:colour":null,"roof:height":null,"roof:levels":null,"roof:shape":null,"ruins":null,"runway":null,"self_service":null,"service":null,"shelter_type":null,"shop":null,"short_operator":null,"sidewalk":null,"smoothness":null,"source":null,"source:date":null,"start_date":null,"surface":null,"takeaway":null,"taxi":null,"toilets":null,"toilets:disposal":null,"toilets:wheelchair":null,"tourism":null,"tourist_bus":null,"tower:type":null,"tracktype":null,"train":null,"tunnel":null,"type":null,"website":null,"website_1":null,"wheelchair":null,"width":null,"wikidata":null,"wikimedia_commons":null,"wikipedia":null},"geometry":{"type":"Point","coordinates":[12.2603894,41.8448764]}},
{"type":"Feature","properties":{"id":"node/246052359","@id":"node/246052359","abandoned":null,"access":null,"addr:city":null,"addr:housenumber":null,"addr:postcode":null,"addr:street":null,"addr:suburb":null,"aerodrome":null,"aerodrome:type":null,"aeroway":"holding_position","air_conditioning":null,"amenity":null,"archaeological_site":null,"baby_feeding":null,"barrier":null,"bicycle":null,"branch":null,"brand":null,"brand:wikidata":null,"brand:wikipedia":null,"bridge":null,"building":null,"building:colour":null,"building:height":null,"building:levels":null,"changing_table":null,"check_date":null,"check_date:opening_hours":null,"city_served":null,"compressed_air":null,"contact:email":null,"contact:phone":null,"contact:website":null,"content":null,"covered":null,"created_by":null,"cuisine":null,"cutting":null,"denomination":null,"description":null,"drinking_water":null,"ele":null,"email":null,"emergency":null,"fee":null,"female":null,"fixme":null,"foot":null,"fuel:diesel":null,"fuel:lpg":null,"fuel:octane_95":null,"healthcare":null,"height":null,"highway":null,"historic":null,"historic:civilization":null,"holding_position:type":"runway","horse":null,"iata":null,"icao":null,"indoor":null,"internet_access":null,"landuse":null,"lanes":null,"layer":null,"leisure":null,"length":null,"level":null,"lit":null,"local_ref":null,"male":null,"man_made":null,"maxheight":null,"maxheight:signed":null,"maxspeed":null,"maxweight:signed":null,"min_height":null,"motor_vehicle":null,"motorcar":null,"museum":null,"music":null,"name":null,"name:ar":null,"name:bg":null,"name:de":null,"name:en":null,"name:es":null,"name:etymology:wikidata":null,"name:fa":null,"name:it":null,"name:ko":null,"name:ru":null,"name:signed":null,"navigationaid":null,"network":null,"nobrand":null,"note":null,"office":null,"official_name":null,"official_name:it":null,"official_name:ru":null,"old_name":null,"oneway":null,"opening_hours":null,"operator":null,"operator:wikidata":null,"operator:wikipedia":null,"parking":null,"passengers":null,"payment:cash":null,"payment:credit_cards":null,"payment:mastercard":null,"payment:visa":null,"phone":null,"psv":null,"public_transport":null,"railway":null,"ref":null,"ref:mise":null,"religion":null,"roof:colour":null,"roof:height":null,"roof:levels":null,"roof:shape":null,"ruins":null,"runway":null,"self_service":null,"service":null,"shelter_type":null,"shop":null,"short_operator":null,"sidewalk":null,"smoothness":null,"source":null,"source:date":null,"start_date":null,"surface":null,"takeaway":null,"taxi":null,"toilets":null,"toilets:disposal":null,"toilets:wheelchair":null,"tourism":null,"tourist_bus":null,"tower:type":null,"tracktype":null,"train":null,"tunnel":null,"type":null,"website":null,"website_1":null,"wheelchair":null,"width":null,"wikidata":null,"wikimedia_commons":null,"wikipedia":null},"geometry":{"type":"Point","coordinates":[12.2653915,41.832172]}},
{"type":"Feature","properties":{"id":"node/1749100722","@id":"node/1749100722","abandoned":null,"access":null,"addr:city":null,"addr:housenumber":null,"addr:postcode":null,"addr:street":null,"addr:suburb":null,"aerodrome":null,"aerodrome:type":null,"aeroway":"holding_position","air_conditioning":null,"amenity":null,"archaeological_site":null,"baby_feeding":null,"barrier":null,"bicycle":null,"branch":null,"brand":null,"brand:wikidata":null,"brand:wikipedia":null,"bridge":null,"building":null,"building:colour":null,"building:height":null,"building:levels":null,"changing_table":null,"check_date":null,"check_date:opening_hours":null,"city_served":null,"compressed_air":null,"contact:email":null,"contact:phone":null,"contact:website":null,"content":null,"covered":null,"created_by":null,"cuisine":null,"cutting":null,"denomination":null,"description":null,"drinking_water":null,"ele":null,"email":null,"emergency":null,"fee":null,"female":null,"fixme":null,"foot":null,"fuel:diesel":null,"fuel:lpg":null,"fuel:octane_95":null,"healthcare":null,"height":null,"highway":null,"historic":null,"historic:civilization":null,"holding_position:type":"runway","horse":null,"iata":null,"icao":null,"indoor":null,"internet_access":null,"landuse":null,"lanes":null,"layer":null,"leisure":null,"length":null,"level":null,"lit":null,"local_ref":null,"male":null,"man_made":null,"maxheight":null,"maxheight:signed":null,"maxspeed":null,"maxweight:signed":null,"min_height":null,"motor_vehicle":null,"motorcar":null,"museum":null,"music":null,"name":null,"name:ar":null,"name:bg":null,"name:de":null,"name:en":null,"name:es":null,"name:etymology:wikidata":null,"name:fa":null,"name:it":null,"name:ko":null,"name:ru":null,"name:signed":null,"navigationaid":null,"network":null,"nobrand":null,"note":null,"office":null,"official_name":null,"official_name:it":null,"official_name:ru":null,"old_name":null,"oneway":null,"opening_hours":null,"operator":null,"operator:wikidata":null,"operator:wikipedia":null,"parking":null,"passengers":null,"payment:cash":null,"payment:credit_cards":null,"payment:mastercard":null,"payment:visa":null,"phone":null,"psv":null,"public_transport":null,"railway":null,"ref":null,"ref:mise":null,"religion":null,"roof:colour":null,"roof:height":null,"roof:levels":null,"roof:shape":null,"ruins":null,"runway":null,"self_service":null,"service":null,"shelter_type":null,"shop":null,"short_operator":null,"sidewalk":null,"smoothness":null,"source":null,"source:date":null,"start_date":null,"surface":null,"takeaway":null,"taxi":null,"toilets":null,"toilets:disposal":null,"toilets:wheelchair":null,"tourism":null,"tourist_bus":null,"tower:type":null,"tracktype":null,"train":null,"tunnel":null,"type":null,"website":null,"website_1":null,"wheelchair":null,"width":null,"wikidata":null,"wikimedia_commons":null,"wikipedia":null},"geometry":{"type":"Point","coordinates":[12.2331532,41.8062413]}},
{"type":"Feature","properties":{"id":"node/3223337198","@id":"node/3223337198","abandoned":null,"access":null,"addr:city":null,"addr:housenumber":null,"addr:postcode":null,"addr:street":null,"addr:suburb":null,"aerodrome":null,"aerodrome:type":null,"aeroway":"holding_position","air_conditioning":null,"amenity":null,"archaeological_site":null,"baby_feeding":null,"barrier":null,"bicycle":null,"branch":null,"brand":null,"brand:wikidata":null,"brand:wikipedia":null,"bridge":null,"building":null,"building:colour":null,"building:height":null,"building:levels":null,"changing_table":null,"check_date":null,"check_date:opening_hours":null,"city_served":null,"compressed_air":null,"contact:email":null,"contact:phone":null,"contact:website":null,"content":null,"covered":null,"created_by":null,"cuisine":null,"cutting":null,"denomination":null,"description":null,"drinking_water":null,"ele":null,"email":null,"emergency":null,"fee":null,"female":null,"fixme":null,"foot":null,"fuel:diesel":null,"fuel:lpg":null,"fuel:octane_95":null,"healthcare":null,"height":null,"highway":null,"historic":null,"historic:civilization":null,"holding_position:type":null,"horse":null,"iata":null,"icao":null,"indoor":null,"internet_access":null,"landuse":null,"lanes":null,"layer":null,"leisure":null,"length":null,"level":null,"lit":null,"local_ref":null,"male":null,"man_made":null,"maxheight":null,"maxheight:signed":null,"maxspeed":null,"maxweight:signed":null,"min_height":null,"motor_vehicle":null,"motorcar":null,"museum":null,"music":null,"name":null,"name:ar":null,"name:bg":null,"name:de":null,"name:en":null,"name:es":null,"name:etymology:wikidata":null,"name:fa":null,"name:it":null,"name:ko":null,"name:ru":null,"name:signed":null,"navigationaid":null,"network":null,"nobrand":null,"note":null,"office":null,"official_name":null,"official_name:it":null,"official_name:ru":null,"old_name":null,"oneway":null,"opening_hours":null,"operator":null,"operator:wikidata":null,"operator:wikipedia":null,"parking":null,"passengers":null,"payment:cash":null,"payment:credit_cards":null,"payment:mastercard":null,"payment:visa":null,"phone":null,"psv":null,"public_transport":null,"railway":null,"ref":"G1","ref:mise":null,"religion":null,"roof:colour":null,"roof:height":null,"roof:levels":null,"roof:shape":null,"ruins":null,"runway":null,"self_service":null,"service":null,"shelter_type":null,"shop":null,"short_operator":null,"sidewalk":null,"smoothness":null,"source":null,"source:date":null,"start_date":null,"surface":null,"takeaway":null,"taxi":null,"toilets":null,"toilets:disposal":null,"toilets:wheelchair":null,"tourism":null,"tourist_bus":null,"tower:type":null,"tracktype":null,"train":null,"tunnel":null,"type":null,"website":null,"website_1":null,"wheelchair":null,"width":null,"wikidata":null,"wikimedia_commons":null,"wikipedia":null},"geometry":{"type":"Point","coordinates":[12.2518378,41.8014882]}},
{"type":"Feature","properties":{"id":"node/3223337258","@id":"node/3223337258","abandoned":null,"access":null,"addr:city":null,"addr:housenumber":null,"addr:postcode":null,"addr:street":null,"addr:suburb":null,"aerodrome":null,"aerodrome:type":null,"aeroway":"holding_position","air_conditioning":null,"amenity":null,"archaeological_site":null,"baby_feeding":null,"barrier":null,"bicycle":null,"branch":null,"brand":null,"brand:wikidata":null,"brand:wikipedia":null,"bridge":null,"building":null,"building:colour":null,"building:height":null,"building:levels":null,"changing_table":null,"check_date":null,"check_date:opening_hours":null,"city_served":null,"compressed_air":null,"contact:email":null,"contact:phone":null,"contact:website":null,"content":null,"covered":null,"created_by":null,"cuisine":null,"cutting":null,"denomination":null,"description":null,"drinking_water":null,"ele":null,"email":null,"emergency":null,"fee":null,"female":null,"fixme":null,"foot":null,"fuel:diesel":null,"fuel:lpg":null,"fuel:octane_95":null,"healthcare":null,"height":null,"highway":null,"historic":null,"historic:civilization":null,"holding_position:type":"runway","horse":null,"iata":null,"icao":null,"indoor":null,"internet_access":null,"landuse":null,"lanes":null,"layer":null,"leisure":null,"length":null,"level":null,"lit":null,"local_ref":null,"male":null,"man_made":null,"maxheight":null,"maxheight:signed":null,"maxspeed":null,"maxweight:signed":null,"min_height":null,"motor_vehicle":null,"motorcar":null,"museum":null,"music":null,"name":null,"name:ar":null,"name:bg":null,"name:de":null,"name:en":null,"name:es":null,"name:etymology:wikidata":null,"name:fa":null,"name:it":null,"name:ko":null,"name:ru":null,"name:signed":null,"navigationaid":null,"network":null,"nobrand":null,"note":null,"office":null,"official_name":null,"official_name:it":null,"official_name:ru":null,"old_name":null,"oneway":null,"opening_hours":null,"operator":null,"operator:wikidata":null,"operator:wikipedia":null,"parking":null,"passengers":null,"payment:cash":null,"payment:credit_cards":null,"payment:mastercard":null,"payment:visa":null,"phone":null,"psv":null,"public_transport":null,"railway":null,"ref":null,"ref:mise":null,"religion":null,"roof:colour":null,"roof:height":null,"roof:levels":null,"roof:shape":null,"ruins":null,"runway":null,"self_service":null,"service":null,"shelter_type":null,"shop":null,"short_operator":null,"sidewalk":null,"smoothness":null,"source":null,"source:date":null,"start_date":null,"surface":null,"takeaway":null,"taxi":null,"toilets":null,"toilets:disposal":null,"toilets:wheelchair":null,"tourism":null,"tourist_bus":null,"tower:type":null,"tracktype":null,"train":null,"tunnel":null,"type":null,"website":null,"website_1":null,"wheelchair":null,"width":null,"wikidata":null,"wikimedia_commons":null,"wikipedia":null},"geometry":{"type":"Point","coordinates":[12.2709227,41.8189804]}},
{"type":"Feature","properties":{"id":"node/3274210800","@id":"node/3274210800","abandoned":null,"access":null,"addr:city":null,"addr:housenumber":null,"addr:postcode":null,"addr:street":null,"addr:suburb":null,"aerodrome":null,"aerodrome:type":null,"aeroway":"holding_position","air_conditioning":null,"amenity":null,"archaeological_site":null,"baby_feeding":null,"barrier":null,"bicycle":null,"branch":null,"brand":null,"brand:wikidata":null,"brand:wikipedia":null,"bridge":null,"building":null,"building:colour":null,"building:height":null,"building:levels":null,"changing_table":null,"check_date":null,"check_date:opening_hours":null,"city_served":null,"compressed_air":null,"contact:email":null,"contact:phone":null,"contact:website":null,"content":null,"covered":null,"created_by":null,"cuisine":null,"cutting":null,"denomination":null,"description":null,"drinking_water":null,"ele":null,"email":null,"emergency":null,"fee":null,"female":null,"fixme":null,"foot":null,"fuel:diesel":null,"fuel:lpg":null,"fuel:octane_95":null,"healthcare":null,"height":null,"highway":null,"historic":null,"historic:civilization":null,"holding_position:type":null,"horse":null,"iata":null,"icao":null,"indoor":null,"internet_access":null,"landuse":null,"lanes":null,"layer":null,"leisure":null,"length":null,"level":null,"lit":null,"local_ref":null,"male":null,"man_made":null,"maxheight":null,"maxheight:signed":null,"maxspeed":null,"maxweight:signed":null,"min_height":null,"motor_vehicle":null,"motorcar":null,"museum":null,"music":null,"name":null,"name:ar":null,"name:bg":null,"name:de":null,"name:en":null,"name:es":null,"name:etymology:wikidata":null,"name:fa":null,"name:it":null,"name:ko":null,"name:ru":null,"name:signed":null,"navigationaid":null,"network":null,"nobrand":null,"note":null,"office":null,"official_name":null,"official_name:it":null,"official_name:ru":null,"old_name":null,"oneway":null,"opening_hours":null,"operator":null,"operator:wikidata":null,"operator:wikipedia":null,"parking":null,"passengers":null,"payment:cash":null,"payment:credit_cards":null,"payment:mastercard":null,"payment:visa":null,"phone":null,"psv":null,"public_transport":null,"railway":null,"ref":"R1","ref:mise":null,"religion":null,"roof:colour":null,"roof:height":null,"roof:levels":null,"roof:shape":null,"ruins":null,"runway":null,"self_service":null,"service":null,"shelter_type":null,"shop":null,"short_operator":null,"sidewalk":null,"smoothness":null,"source":null,"source:date":null,"start_date":null,"surface":null,"takeaway":null,"taxi":null,"toilets":null,"toilets:disposal":null,"toilets:wheelchair":null,"tourism":null,"tourist_bus":null,"tower:type":null,"tracktype":null,"train":null,"tunnel":null,"type":null,"website":null,"website_1":null,"wheelchair":null,"width":null,"wikidata":null,"wikimedia_commons":null,"wikipedia":null},"geometry":{"type":"Point","coordinates":[12.2477419,41.8012751]}},
{"type":"Feature","properties":{"id":"node/4867053332","@id":"node/4867053332","abandoned":null,"access":null,"addr:city":null,"addr:housenumber":null,"addr:postcode":null,"addr:street":null,"addr:suburb":null,"aerodrome":null,"aerodrome:type":null,"aeroway":"holding_position","air_conditioning":null,"amenity":null,"archaeological_site":null,"baby_feeding":null,"barrier":null,"bicycle":null,"branch":null,"brand":null,"brand:wikidata":null,"brand:wikipedia":null,"bridge":null,"building":null,"building:colour":null,"building:height":null,"building:levels":null,"changing_table":null,"check_date":null,"check_date:opening_hours":null,"city_served":null,"compressed_air":null,"contact:email":null,"contact:phone":null,"contact:website":null,"content":null,"covered":null,"created_by":null,"cuisine":null,"cutting":null,"denomination":null,"description":null,"drinking_water":null,"ele":null,"email":null,"emergency":null,"fee":null,"female":null,"fixme":null,"foot":null,"fuel:diesel":null,"fuel:lpg":null,"fuel:octane_95":null,"healthcare":null,"height":null,"highway":null,"historic":null,"historic:civilization":null,"holding_position:type":"intermediate","horse":null,"iata":null,"icao":null,"indoor":null,"internet_access":null,"landuse":null,"lanes":null,"layer":null,"leisure":null,"length":null,"level":null,"lit":null,"local_ref":null,"male":null,"man_made":null,"maxheight":null,"maxheight:signed":null,"maxspeed":null,"maxweight:signed":null,"min_height":null,"motor_vehicle":null,"motorcar":null,"museum":null,"music":null,"name":null,"name:ar":null,"name:bg":null,"name:de":null,"name:en":null,"name:es":null,"name:etymology:wikidata":null,"name:fa":null,"name:it":null,"name:ko":null,"name:ru":null,"name:signed":null,"navigationaid":null,"network":null,"nobrand":null,"note":null,"office":null,"official_name":null,"official_name:it":null,"official_name:ru":null,"old_name":null,"oneway":null,"opening_hours":null,"operator":null,"operator:wikidata":null,"operator:wikipedia":null,"parking":null,"passengers":null,"payment:cash":null,"payment:credit_cards":null,"payment:mastercard":null,"payment:visa":null,"phone":null,"psv":null,"public_transport":null,"railway":null,"ref":"EG1","ref:mise":null,"religion":null,"roof:colour":null,"roof:height":null,"roof:levels":null,"roof:shape":null,"ruins":null,"runway":null,"self_service":null,"service":null,"shelter_type":null,"shop":null,"short_operator":null,"sidewalk":null,"smoothness":null,"source":null,"source:date":null,"start_date":null,"surface":null,"takeaway":null,"taxi":null,"toilets":null,"toilets:disposal":null,"toilets:wheelchair":null,"tourism":null,"tourist_bus":null,"tower:type":null,"tracktype":null,"train":null,"tunnel":null,"type":null,"website":null,"website_1":null,"wheelchair":null,"width":null,"wikidata":null,"wikimedia_commons":null,"wikipedia":null},"geometry":{"type":"Point","coordinates":[12.2638047,41.8033312]}},
{"type":"Feature","properties":{"id":"node/5239467384","@id":"node/5239467384","abandoned":null,"access":null,"addr:city":null,"addr:housenumber":null,"addr:postcode":null,"addr:street":null,"addr:suburb":null,"aerodrome":null,"aerodrome:type":null,"aeroway":"holding_position","air_conditioning":null,"amenity":null,"archaeological_site":null,"baby_feeding":null,"barrier":null,"bicycle":null,"branch":null,"brand":null,"brand:wikidata":null,"brand:wikipedia":null,"bridge":null,"building":null,"building:colour":null,"building:height":null,"building:levels":null,"changing_table":null,"check_date":null,"check_date:opening_hours":null,"city_served":null,"compressed_air":null,"contact:email":null,"contact:phone":null,"contact:website":null,"content":null,"covered":null,"created_by":null,"cuisine":null,"cutting":null,"denomination":null,"description":null,"drinking_water":null,"ele":null,"email":null,"emergency":null,"fee":null,"female":null,"fixme":null,"foot":null,"fuel:diesel":null,"fuel:lpg":null,"fuel:octane_95":null,"healthcare":null,"height":null,"highway":null,"historic":null,"historic:civilization":null,"holding_position:type":"intermediate","horse":null,"iata":null,"icao":null,"indoor":null,"internet_access":null,"landuse":null,"lanes":null,"layer":null,"leisure":null,"length":null,"level":null,"lit":null,"local_ref":null,"male":null,"man_made":null,"maxheight":null,"maxheight:signed":null,"maxspeed":null,"maxweight:signed":null,"min_height":null,"motor_vehicle":null,"motorcar":null,"museum":null,"music":null,"name":null,"name:ar":null,"name:bg":null,"name:de":null,"name:en":null,"name:es":null,"name:etymology:wikidata":null,"name:fa":null,"name:it":null,"name:ko":null,"name:ru":null,"name:signed":null,"navigationaid":null,"network":null,"nobrand":null,"note":null,"office":null,"official_name":null,"official_name:it":null,"official_name:ru":null,"old_name":null,"oneway":null,"opening_hours":null,"operator":null,"operator:wikidata":null,"operator:wikipedia":null,"parking":null,"passengers":null,"payment:cash":null,"payment:credit_cards":null,"payment:mastercard":null,"payment:visa":null,"phone":null,"psv":null,"public_transport":null,"railway":null,"ref":"CD1","ref:mise":null,"religion":null,"roof:colour":null,"roof:height":null,"roof:levels":null,"roof:shape":null,"ruins":null,"runway":null,"self_service":null,"service":null,"shelter_type":null,"shop":null,"short_operator":null,"sidewalk":null,"smoothness":null,"source":null,"source:date":null,"start_date":null,"surface":null,"takeaway":null,"taxi":null,"toilets":null,"toilets:disposal":null,"toilets:wheelchair":null,"tourism":null,"tourist_bus":null,"tower:type":null,"tracktype":null,"train":null,"tunnel":null,"type":null,"website":null,"website_1":null,"wheelchair":null,"width":null,"wikidata":null,"wikimedia_commons":null,"wikipedia":null},"geometry":{"type":"Point","coordinates":[12.2635645,41.8301844]}},
{"type":"Feature","properties":{"id":"node/5239498363","@id":"node/5239498363","abandoned":null,"access":null,"addr:city":null,"addr:housenumber":null,"addr:postcode":null,"addr:street":null,"addr:suburb":null,"aerodrome":null,"aerodrome:type":null,"aeroway":"holding_position","air_conditioning":null,"amenity":null,"archaeological_site":null,"baby_feeding":null,"barrier":null,"bicycle":null,"branch":null,"brand":null,"brand:wikidata":null,"brand:wikipedia":null,"bridge":null,"building":null,"building:colour":null,"building:height":null,"building:levels":null,"changing_table":null,"check_date":null,"check_date:opening_hours":null,"city_served":null,"compressed_air":null,"contact:email":null,"contact:phone":null,"contact:website":null,"content":null,"covered":null,"created_by":null,"cuisine":null,"cutting":null,"denomination":null,"description":null,"drinking_water":null,"ele":null,"email":null,"emergency":null,"fee":null,"female":null,"fixme":null,"foot":null,"fuel:diesel":null,"fuel:lpg":null,"fuel:octane_95":null,"healthcare":null,"height":null,"highway":null,"historic":null,"historic:civilization":null,"holding_position:type":"runway","horse":null,"iata":null,"icao":null,"indoor":null,"internet_access":null,"landuse":null,"lanes":null,"layer":null,"leisure":null,"length":null,"level":null,"lit":null,"local_ref":null,"male":null,"man_made":null,"maxheight":null,"maxheight:signed":null,"maxspeed":null,"maxweight:signed":null,"min_height":null,"motor_vehicle":null,"motorcar":null,"museum":null,"music":null,"name":null,"name:ar":null,"name:bg":null,"name:de":null,"name:en":null,"name:es":null,"name:etymology:wikidata":null,"name:fa":null,"name:it":null,"name:ko":null,"name:ru":null,"name:signed":null,"navigationaid":null,"network":null,"nobrand":null,"note":null,"office":null,"official_name":null,"official_name:it":null,"official_name:ru":null,"old_name":null,"oneway":null,"opening_hours":null,"operator":null,"operator:wikidata":null,"operator:wikipedia":null,"parking":null,"passengers":null,"payment:cash":null,"payment:credit_cards":null,"payment:mastercard":null,"payment:visa":null,"phone":null,"psv":null,"public_transport":null,"railway":null,"ref":null,"ref:mise":null,"religion":null,"roof:colour":null,"roof:height":null,"roof:levels":null,"roof:shape":null,"ruins":null,"runway":null,"self_service":null,"service":null,"shelter_type":null,"shop":null,"short_operator":null,"sidewalk":null,"smoothness":null,"source":null,"source:date":null,"start_date":null,"surface":null,"takeaway":null,"taxi":null,"toilets":null,"toilets:disposal":null,"toilets:wheelchair":null,"tourism":null,"tourist_bus":null,"tower:type":null,"tracktype":null,"train":null,"tunnel":null,"type":null,"website":null,"website_1":null,"wheelchair":null,"width":null,"wikidata":null,"wikimedia_commons":null,"wikipedia":null},"geometry":{"type":"Point","coordinates":[12.2725265,41.8086096]}},
{"type":"Feature","properties":{"id":"node/5239498364","@id":"node/5239498364","abandoned":null,"access":null,"addr:city":null,"addr:housenumber":null,"addr:postcode":null,"addr:street":null,"addr:suburb":null,"aerodrome":null,"aerodrome:type":null,"aeroway":"holding_position","air_conditioning":null,"amenity":null,"archaeological_site":null,"baby_feeding":null,"barrier":null,"bicycle":null,"branch":null,"brand":null,"brand:wikidata":null,"brand:wikipedia":null,"bridge":null,"building":null,"building:colour":null,"building:height":null,"building:levels":null,"changing_table":null,"check_date":null,"check_date:opening_hours":null,"city_served":null,"compressed_air":null,"contact:email":null,"contact:phone":null,"contact:website":null,"content":null,"covered":null,"created_by":null,"cuisine":null,"cutting":null,"denomination":null,"description":null,"drinking_water":null,"ele":null,"email":null,"emergency":null,"fee":null,"female":null,"fixme":null,"foot":null,"fuel:diesel":null,"fuel:lpg":null,"fuel:octane_95":null,"healthcare":null,"height":null,"highway":null,"historic":null,"historic:civilization":null,"holding_position:type":"runway","horse":null,"iata":null,"icao":null,"indoor":null,"internet_access":null,"landuse":null,"lanes":null,"layer":null,"leisure":null,"length":null,"level":null,"lit":null,"local_ref":null,"male":null,"man_made":null,"maxheight":null,"maxheight:signed":null,"maxspeed":null,"maxweight:signed":null,"min_height":null,"motor_vehicle":null,"motorcar":null,"museum":null,"music":null,"name":null,"name:ar":null,"name:bg":null,"name:de":null,"name:en":null,"name:es":null,"name:etymology:wikidata":null,"name:fa":null,"name:it":null,"name:ko":null,"name:ru":null,"name:signed":null,"navigationaid":null,"network":null,"nobrand":null,"note":null,"office":null,"official_name":null,"official_name:it":null,"official_name:ru":null,"old_name":null,"oneway":null,"opening_hours":null,"operator":null,"operator:wikidata":null,"operator:wikipedia":null,"parking":null,"passengers":null,"payment:cash":null,"payment:credit_cards":null,"payment:mastercard":null,"payment:visa":null,"phone":null,"psv":null,"public_transport":null,"railway":null,"ref":null,"ref:mise":null,"religion":null,"roof:colour":null,"roof:height":null,"roof:levels":null,"roof:shape":null,"ruins":null,"runway":null,"self_service":null,"service":null,"shelter_type":null,"shop":null,"short_operator":null,"sidewalk":null,"smoothness":null,"source":null,"source:date":null,"start_date":null,"surface":null,"takeaway":null,"taxi":null,"toilets":null,"toilets:disposal":null,"toilets:wheelchair":null,"tourism":null,"tourist_bus":null,"tower:type":null,"tracktype":null,"train":null,"tunnel":null,"type":null,"website":null,"website_1":null,"wheelchair":null,"width":null,"wikidata":null,"wikimedia_commons":null,"wikipedia":null},"geometry":{"type":"Point","coordinates":[12.2626975,41.8386184]}},
{"type":"Feature","properties":{"id":"node/5239498372","@id":"node/5239498372","abandoned":null,"access":null,"addr:city":null,"addr:housenumber":null,"addr:postcode":null,"addr:street":null,"addr:suburb":null,"aerodrome":null,"aerodrome:type":null,"aeroway":"holding_position","air_conditioning":null,"amenity":null,"archaeological_site":null,"baby_feeding":null,"barrier":null,"bicycle":null,"branch":null,"brand":null,"brand:wikidata":null,"brand:wikipedia":null,"bridge":null,"building":null,"building:colour":null,"building:height":null,"building:levels":null,"changing_table":null,"check_date":null,"check_date:opening_hours":null,"city_served":null,"compressed_air":null,"contact:email":null,"contact:phone":null,"contact:website":null,"content":null,"covered":null,"created_by":null,"cuisine":null,"cutting":null,"denomination":null,"description":null,"drinking_water":null,"ele":null,"email":null,"emergency":null,"fee":null,"female":null,"fixme":null,"foot":null,"fuel:diesel":null,"fuel:lpg":null,"fuel:octane_95":null,"healthcare":null,"height":null,"highway":null,"historic":null,"historic:civilization":null,"holding_position:type":"runway","horse":null,"iata":null,"icao":null,"indoor":null,"internet_access":null,"landuse":null,"lanes":null,"layer":null,"leisure":null,"length":null,"level":null,"lit":null,"local_ref":null,"male":null,"man_made":null,"maxheight":null,"maxheight:signed":null,"maxspeed":null,"maxweight:signed":null,"min_height":null,"motor_vehicle":null,"motorcar":null,"museum":null,"music":null,"name":null,"name:ar":null,"name:bg":null,"name:de":null,"name:en":null,"name:es":null,"name:etymology:wikidata":null,"name:fa":null,"name:it":null,"name:ko":null,"name:ru":null,"name:signed":null,"navigationaid":null,"network":null,"nobrand":null,"note":null,"office":null,"official_name":null,"official_name:it":null,"official_name:ru":null,"old_name":null,"oneway":null,"opening_hours":null,"operator":null,"operator:wikidata":null,"operator:wikipedia":null,"parking":null,"passengers":null,"payment:cash":null,"payment:credit_cards":null,"payment:mastercard":null,"payment:visa":null,"phone":null,"psv":null,"public_transport":null,"railway":null,"ref":null,"ref:mise":null,"religion":null,"roof:colour":null,"roof:height":null,"roof:levels":null,"roof:shape":null,"ruins":null,"runway":null,"self_service":null,"service":null,"shelter_type":null,"shop":null,"short_operator":null,"sidewalk":null,"smoothness":null,"source":null,"source:date":null,"start_date":null,"surface":null,"takeaway":null,"taxi":null,"toilets":null,"toilets:disposal":null,"toilets:wheelchair":null,"tourism":null,"tourist_bus":null,"tower:type":null,"tracktype":null,"train":null,"tunnel":null,"type":null,"website":null,"website_1":null,"wheelchair":null,"width":null,"wikidata":null,"wikimedia_commons":null,"wikipedia":null},"geometry":{"type":"Point","coordinates":[12.2660865,41.8304967]}},
{"type":"Feature","properties":{"id":"node/5239505298","@id":"node/5239505298","abandoned":null,"access":null,"addr:city":null,"addr:housenumber":null,"addr:postcode":null,"addr:street":null,"addr:suburb":null,"aerodrome":null,"aerodrome:type":null,"aeroway":"holding_position","air_conditioning":null,"amenity":null,"archaeological_site":null,"baby_feeding":null,"barrier":null,"bicycle":null,"branch":null,"brand":null,"brand:wikidata":null,"brand:wikipedia":null,"bridge":null,"building":null,"building:colour":null,"building:height":null,"building:levels":null,"changing_table":null,"check_date":null,"check_date:opening_hours":null,"city_served":null,"compressed_air":null,"contact:email":null,"contact:phone":null,"contact:website":null,"content":null,"covered":null,"created_by":null,"cuisine":null,"cutting":null,"denomination":null,"description":null,"drinking_water":null,"ele":null,"email":null,"emergency":null,"fee":null,"female":null,"fixme":null,"foot":null,"fuel:diesel":null,"fuel:lpg":null,"fuel:octane_95":null,"healthcare":null,"height":null,"highway":null,"historic":null,"historic:civilization":null,"holding_position:type":"runway","horse":null,"iata":null,"icao":null,"indoor":null,"internet_access":null,"landuse":null,"lanes":null,"layer":null,"leisure":null,"length":null,"level":null,"lit":null,"local_ref":null,"male":null,"man_made":null,"maxheight":null,"maxheight:signed":null,"maxspeed":null,"maxweight:signed":null,"min_height":null,"motor_vehicle":null,"motorcar":null,"museum":null,"music":null,"name":null,"name:ar":null,"name:bg":null,"name:de":null,"name:en":null,"name:es":null,"name:etymology:wikidata":null,"name:fa":null,"name:it":null,"name:ko":null,"name:ru":null,"name:signed":null,"navigationaid":null,"network":null,"nobrand":null,"note":null,"office":null,"official_name":null,"official_name:it":null,"official_name:ru":null,"old_name":null,"oneway":null,"opening_hours":null,"operator":null,"operator:wikidata":null,"operator:wikipedia":null,"parking":null,"passengers":null,"payment:cash":null,"payment:credit_cards":null,"payment:mastercard":null,"payment:visa":null,"phone":null,"psv":null,"public_transport":null,"railway":null,"ref":null,"ref:mise":null,"religion":null,"roof:colour":null,"roof:height":null,"roof:levels":null,"roof:shape":null,"ruins":null,"runway":null,"self_service":null,"service":null,"shelter_type":null,"shop":null,"short_operator":null,"sidewalk":null,"smoothness":null,"source":null,"source:date":null,"start_date":null,"surface":null,"takeaway":null,"taxi":null,"toilets":null,"toilets:disposal":null,"toilets:wheelchair":null,"tourism":null,"tourist_bus":null,"tower:type":null,"tracktype":null,"train":null,"tunnel":null,"type":null,"website":null,"website_1":null,"wheelchair":null,"width":null,"wikidata":null,"wikimedia_commons":null,"wikipedia":null},"geometry":{"type":"Point","coordinates":[12.2682068,41.8254221]}},
{"type":"Feature","properties":{"id":"node/5239505299","@id":"node/5239505299","abandoned":null,"access":null,"addr:city":null,"addr:housenumber":null,"addr:postcode":null,"addr:street":null,"addr:suburb":null,"aerodrome":null,"aerodrome:type":null,"aeroway":"holding_position","air_conditioning":null,"amenity":null,"archaeological_site":null,"baby_feeding":null,"barrier":null,"bicycle":null,"branch":null,"brand":null,"brand:wikidata":null,"brand:wikipedia":null,"bridge":null,"building":null,"building:colour":null,"building:height":null,"building:levels":null,"changing_table":null,"check_date":null,"check_date:opening_hours":null,"city_served":null,"compressed_air":null,"contact:email":null,"contact:phone":null,"contact:website":null,"content":null,"covered":null,"created_by":null,"cuisine":null,"cutting":null,"denomination":null,"description":null,"drinking_water":null,"ele":null,"email":null,"emergency":null,"fee":null,"female":null,"fixme":null,"foot":null,"fuel:diesel":null,"fuel:lpg":null,"fuel:octane_95":null,"healthcare":null,"height":null,"highway":null,"historic":null,"historic:civilization":null,"holding_position:type":"runway","horse":null,"iata":null,"icao":null,"indoor":null,"internet_access":null,"landuse":null,"lanes":null,"layer":null,"leisure":null,"length":null,"level":null,"lit":null,"local_ref":null,"male":null,"man_made":null,"maxheight":null,"maxheight:signed":null,"maxspeed":null,"maxweight:signed":null,"min_height":null,"motor_vehicle":null,"motorcar":null,"museum":null,"music":null,"name":null,"name:ar":null,"name:bg":null,"name:de":null,"name:en":null,"name:es":null,"name:etymology:wikidata":null,"name:fa":null,"name:it":null,"name:ko":null,"name:ru":null,"name:signed":null,"navigationaid":null,"network":null,"nobrand":null,"note":null,"office":null,"official_name":null,"official_name:it":null,"official_name:ru":null,"old_name":null,"oneway":null,"opening_hours":null,"operator":null,"operator:wikidata":null,"operator:wikipedia":null,"parking":null,"passengers":null,"payment:cash":null,"payment:credit_cards":null,"payment:mastercard":null,"payment:visa":null,"phone":null,"psv":null,"public_transport":null,"railway":null,"ref":null,"ref:mise":null,"religion":null,"roof:colour":null,"roof:height":null,"roof:levels":null,"roof:shape":null,"ruins":null,"runway":null,"self_service":null,"service":null,"shelter_type":null,"shop":null,"short_operator":null,"sidewalk":null,"smoothness":null,"source":null,"source:date":null,"start_date":null,"surface":null,"takeaway":null,"taxi":null,"toilets":null,"toilets:disposal":null,"toilets:wheelchair":null,"tourism":null,"tourist_bus":null,"tower:type":null,"tracktype":null,"train":null,"tunnel":null,"type":null,"website":null,"website_1":null,"wheelchair":null,"width":null,"wikidata":null,"wikimedia_commons":null,"wikipedia":null},"geometry":{"type":"Point","coordinates":[12.2675121,41.8270891]}},
{"type":"Feature","properties":{"id":"node/5239523422","@id":"node/5239523422","abandoned":null,"access":null,"addr:city":null,"addr:housenumber":null,"addr:postcode":null,"addr:street":null,"addr:suburb":null,"aerodrome":null,"aerodrome:type":null,"aeroway":"holding_position","air_conditioning":null,"amenity":null,"archaeological_site":null,"baby_feeding":null,"barrier":null,"bicycle":null,"branch":null,"brand":null,"brand:wikidata":null,"brand:wikipedia":null,"bridge":null,"building":null,"building:colour":null,"building:height":null,"building:levels":null,"changing_table":null,"check_date":null,"check_date:opening_hours":null,"city_served":null,"compressed_air":null,"contact:email":null,"contact:phone":null,"contact:website":null,"content":null,"covered":null,"created_by":null,"cuisine":null,"cutting":null,"denomination":null,"description":null,"drinking_water":null,"ele":null,"email":null,"emergency":null,"fee":null,"female":null,"fixme":null,"foot":null,"fuel:diesel":null,"fuel:lpg":null,"fuel:octane_95":null,"healthcare":null,"height":null,"highway":null,"historic":null,"historic:civilization":null,"holding_position:type":"runway","horse":null,"iata":null,"icao":null,"indoor":null,"internet_access":null,"landuse":null,"lanes":null,"layer":null,"leisure":null,"length":null,"level":null,"lit":null,"local_ref":null,"male":null,"man_made":null,"maxheight":null,"maxheight:signed":null,"maxspeed":null,"maxweight:signed":null,"min_height":null,"motor_vehicle":null,"motorcar":null,"museum":null,"music":null,"name":null,"name:ar":null,"name:bg":null,"name:de":null,"name:en":null,"name:es":null,"name:etymology:wikidata":null,"name:fa":null,"name:it":null,"name:ko":null,"name:ru":null,"name:signed":null,"navigationaid":null,"network":null,"nobrand":null,"note":null,"office":null,"official_name":null,"official_name:it":null,"official_name:ru":null,"old_name":null,"oneway":null,"opening_hours":null,"operator":null,"operator:wikidata":null,"operator:wikipedia":null,"parking":null,"passengers":null,"payment:cash":null,"payment:credit_cards":null,"payment:mastercard":null,"payment:visa":null,"phone":null,"psv":null,"public_transport":null,"railway":null,"ref":null,"ref:mise":null,"religion":null,"roof:colour":null,"roof:height":null,"roof:levels":null,"roof:shape":null,"ruins":null,"runway":null,"self_service":null,"service":null,"shelter_type":null,"shop":null,"short_operator":null,"sidewalk":null,"smoothness":null,"source":null,"source:date":null,"start_date":null,"surface":null,"takeaway":null,"taxi":null,"toilets":null,"toilets:disposal":null,"toilets:wheelchair":null,"tourism":null,"tourist_bus":null,"tower:type":null,"tracktype":null,"train":null,"tunnel":null,"type":null,"website":null,"website_1":null,"wheelchair":null,"width":null,"wikidata":null,"wikimedia_commons":null,"wikipedia":null},"geometry":{"type":"Point","coordinates":[12.2734545,41.813728]}},
{"type":"Feature","properties":{"id":"node/5239564998","@id":"node/5239564998","abandoned":null,"access":null,"addr:city":null,"addr:housenumber":null,"addr:postcode":null,"addr:street":null,"addr:suburb":null,"aerodrome":null,"aerodrome:type":null,"aeroway":"holding_position","air_conditioning":null,"amenity":null,"archaeological_site":null,"baby_feeding":null,"barrier":null,"bicycle":null,"branch":null,"brand":null,"brand:wikidata":null,"brand:wikipedia":null,"bridge":null,"building":null,"building:colour":null,"building:height":null,"building:levels":null,"changing_table":null,"check_date":null,"check_date:opening_hours":null,"city_served":null,"compressed_air":null,"contact:email":null,"contact:phone":null,"contact:website":null,"content":null,"covered":null,"created_by":null,"cuisine":null,"cutting":null,"denomination":null,"description":null,"drinking_water":null,"ele":null,"email":null,"emergency":null,"fee":null,"female":null,"fixme":null,"foot":null,"fuel:diesel":null,"fuel:lpg":null,"fuel:octane_95":null,"healthcare":null,"height":null,"highway":null,"historic":null,"historic:civilization":null,"holding_position:type":"runway","horse":null,"iata":null,"icao":null,"indoor":null,"internet_access":null,"landuse":null,"lanes":null,"layer":null,"leisure":null,"length":null,"level":null,"lit":null,"local_ref":null,"male":null,"man_made":null,"maxheight":null,"maxheight:signed":null,"maxspeed":null,"maxweight:signed":null,"min_height":null,"motor_vehicle":null,"motorcar":null,"museum":null,"music":null,"name":null,"name:ar":null,"name:bg":null,"name:de":null,"name:en":null,"name:es":null,"name:etymology:wikidata":null,"name:fa":null,"name:it":null,"name:ko":null,"name:ru":null,"name:signed":null,"navigationaid":null,"network":null,"nobrand":null,"note":null,"office":null,"official_name":null,"official_name:it":null,"official_name:ru":null,"old_name":null,"oneway":null,"opening_hours":null,"operator":null,"operator:wikidata":null,"operator:wikipedia":null,"parking":null,"passengers":null,"payment:cash":null,"payment:credit_cards":null,"payment:mastercard":null,"payment:visa":null,"phone":null,"psv":null,"public_transport":null,"railway":null,"ref":"CM1","ref:mise":null,"religion":null,"roof:colour":null,"roof:height":null,"roof:levels":null,"roof:shape":null,"ruins":null,"runway":null,"self_service":null,"service":null,"shelter_type":null,"shop":null,"short_operator":null,"sidewalk":null,"smoothness":null,"source":null,"source:date":null,"start_date":null,"surface":null,"takeaway":null,"taxi":null,"toilets":null,"toilets:disposal":null,"toilets:wheelchair":null,"tourism":null,"tourist_bus":null,"tower:type":null,"tracktype":null,"train":null,"tunnel":null,"type":null,"website":null,"website_1":null,"wheelchair":null,"width":null,"wikidata":null,"wikimedia_commons":null,"wikipedia":null},"geometry":{"type":"Point","coordinates":[12.2721617,41.8086666]}},
{"type":"Feature","properties":{"id":"node/5239565012","@id":"node/5239565012","abandoned":null,"access":null,"addr:city":null,"addr:housenumber":null,"addr:postcode":null,"addr:street":null,"addr:suburb":null,"aerodrome":null,"aerodrome:type":null,"aeroway":"holding_position","air_conditioning":null,"amenity":null,"archaeological_site":null,"baby_feeding":null,"barrier":null,"bicycle":null,"branch":null,"brand":null,"brand:wikidata":null,"brand:wikipedia":null,"bridge":null,"building":null,"building:colour":null,"building:height":null,"building:levels":null,"changing_table":null,"check_date":null,"check_date:opening_hours":null,"city_served":null,"compressed_air":null,"contact:email":null,"contact:phone":null,"contact:website":null,"content":null,"covered":null,"created_by":null,"cuisine":null,"cutting":null,"denomination":null,"description":null,"drinking_water":null,"ele":null,"email":null,"emergency":null,"fee":null,"female":null,"fixme":null,"foot":null,"fuel:diesel":null,"fuel:lpg":null,"fuel:octane_95":null,"healthcare":null,"height":null,"highway":null,"historic":null,"historic:civilization":null,"holding_position:type":"runway","horse":null,"iata":null,"icao":null,"indoor":null,"internet_access":null,"landuse":null,"lanes":null,"layer":null,"leisure":null,"length":null,"level":null,"lit":null,"local_ref":null,"male":null,"man_made":null,"maxheight":null,"maxheight:signed":null,"maxspeed":null,"maxweight:signed":null,"min_height":null,"motor_vehicle":null,"motorcar":null,"museum":null,"music":null,"name":null,"name:ar":null,"name:bg":null,"name:de":null,"name:en":null,"name:es":null,"name:etymology:wikidata":null,"name:fa":null,"name:it":null,"name:ko":null,"name:ru":null,"name:signed":null,"navigationaid":null,"network":null,"nobrand":null,"note":null,"office":null,"official_name":null,"official_name:it":null,"official_name:ru":null,"old_name":null,"oneway":null,"opening_hours":null,"operator":null,"operator:wikidata":null,"operator:wikipedia":null,"parking":null,"passengers":null,"payment:cash":null,"payment:credit_cards":null,"payment:mastercard":null,"payment:visa":null,"phone":null,"psv":null,"public_transport":null,"railway":null,"ref":"D4","ref:mise":null,"religion":null,"roof:colour":null,"roof:height":null,"roof:levels":null,"roof:shape":null,"ruins":null,"runway":null,"self_service":null,"service":null,"shelter_type":null,"shop":null,"short_operator":null,"sidewalk":null,"smoothness":null,"source":null,"source:date":null,"start_date":null,"surface":null,"takeaway":null,"taxi":null,"toilets":null,"toilets:disposal":null,"toilets:wheelchair":null,"tourism":null,"tourist_bus":null,"tower:type":null,"tracktype":null,"train":null,"tunnel":null,"type":null,"website":null,"website_1":null,"wheelchair":null,"width":null,"wikidata":null,"wikimedia_commons":null,"wikipedia":null},"geometry":{"type":"Point","coordinates":[12.2734505,41.8087905]}},
{"type":"Feature","properties":{"id":"node/5239565132","@id":"node/5239565132","abandoned":null,"access":null,"addr:city":null,"addr:housenumber":null,"addr:postcode":null,"addr:street":null,"addr:suburb":null,"aerodrome":null,"aerodrome:type":null,"aeroway":"holding_position","air_conditioning":null,"amenity":null,"archaeological_site":null,"baby_feeding":null,"barrier":null,"bicycle":null,"branch":null,"brand":null,"brand:wikidata":null,"brand:wikipedia":null,"bridge":null,"building":null,"building:colour":null,"building:height":null,"building:levels":null,"changing_table":null,"check_date":null,"check_date:opening_hours":null,"city_served":null,"compressed_air":null,"contact:email":null,"contact:phone":null,"contact:website":null,"content":null,"covered":null,"created_by":null,"cuisine":null,"cutting":null,"denomination":null,"description":null,"drinking_water":null,"ele":null,"email":null,"emergency":null,"fee":null,"female":null,"fixme":null,"foot":null,"fuel:diesel":null,"fuel:lpg":null,"fuel:octane_95":null,"healthcare":null,"height":null,"highway":null,"historic":null,"historic:civilization":null,"holding_position:type":"runway","horse":null,"iata":null,"icao":null,"indoor":null,"internet_access":null,"landuse":null,"lanes":null,"layer":null,"leisure":null,"length":null,"level":null,"lit":null,"local_ref":null,"male":null,"man_made":null,"maxheight":null,"maxheight:signed":null,"maxspeed":null,"maxweight:signed":null,"min_height":null,"motor_vehicle":null,"motorcar":null,"museum":null,"music":null,"name":null,"name:ar":null,"name:bg":null,"name:de":null,"name:en":null,"name:es":null,"name:etymology:wikidata":null,"name:fa":null,"name:it":null,"name:ko":null,"name:ru":null,"name:signed":null,"navigationaid":null,"network":null,"nobrand":null,"note":null,"office":null,"official_name":null,"official_name:it":null,"official_name:ru":null,"old_name":null,"oneway":null,"opening_hours":null,"operator":null,"operator:wikidata":null,"operator:wikipedia":null,"parking":null,"passengers":null,"payment:cash":null,"payment:credit_cards":null,"payment:mastercard":null,"payment:visa":null,"phone":null,"psv":null,"public_transport":null,"railway":null,"ref":null,"ref:mise":null,"religion":null,"roof:colour":null,"roof:height":null,"roof:levels":null,"roof:shape":null,"ruins":null,"runway":null,"self_service":null,"service":null,"shelter_type":null,"shop":null,"short_operator":null,"sidewalk":null,"smoothness":null,"source":null,"source:date":null,"start_date":null,"surface":null,"takeaway":null,"taxi":null,"toilets":null,"toilets:disposal":null,"toilets:wheelchair":null,"tourism":null,"tourist_bus":null,"tower:type":null,"tracktype":null,"train":null,"tunnel":null,"type":null,"website":null,"website_1":null,"wheelchair":null,"width":null,"wikidata":null,"wikimedia_commons":null,"wikipedia":null},"geometry":{"type":"Point","coordinates":[12.2743182,41.8116424]}},
{"type":"Feature","properties":{"id":"node/5239569903","@id":"node/5239569903","abandoned":null,"access":null,"addr:city":null,"addr:housenumber":null,"addr:postcode":null,"addr:street":null,"addr:suburb":null,"aerodrome":null,"aerodrome:type":null,"aeroway":"holding_position","air_conditioning":null,"amenity":null,"archaeological_site":null,"baby_feeding":null,"barrier":null,"bicycle":null,"branch":null,"brand":null,"brand:wikidata":null,"brand:wikipedia":null,"bridge":null,"building":null,"building:colour":null,"building:height":null,"building:levels":null,"changing_table":null,"check_date":null,"check_date:opening_hours":null,"city_served":null,"compressed_air":null,"contact:email":null,"contact:phone":null,"contact:website":null,"content":null,"covered":null,"created_by":null,"cuisine":null,"cutting":null,"denomination":null,"description":null,"drinking_water":null,"ele":null,"email":null,"emergency":null,"fee":null,"female":null,"fixme":null,"foot":null,"fuel:diesel":null,"fuel:lpg":null,"fuel:octane_95":null,"healthcare":null,"height":null,"highway":null,"historic":null,"historic:civilization":null,"holding_position:type":"runway","horse":null,"iata":null,"icao":null,"indoor":null,"internet_access":null,"landuse":null,"lanes":null,"layer":null,"leisure":null,"length":null,"level":null,"lit":null,"local_ref":null,"male":null,"man_made":null,"maxheight":null,"maxheight:signed":null,"maxspeed":null,"maxweight:signed":null,"min_height":null,"motor_vehicle":null,"motorcar":null,"museum":null,"music":null,"name":null,"name:ar":null,"name:bg":null,"name:de":null,"name:en":null,"name:es":null,"name:etymology:wikidata":null,"name:fa":null,"name:it":null,"name:ko":null,"name:ru":null,"name:signed":null,"navigationaid":null,"network":null,"nobrand":null,"note":null,"office":null,"official_name":null,"official_name:it":null,"official_name:ru":null,"old_name":null,"oneway":null,"opening_hours":null,"operator":null,"operator:wikidata":null,"operator:wikipedia":null,"parking":null,"passengers":null,"payment:cash":null,"payment:credit_cards":null,"payment:mastercard":null,"payment:visa":null,"phone":null,"psv":null,"public_transport":null,"railway":null,"ref":null,"ref:mise":null,"religion":null,"roof:colour":null,"roof:height":null,"roof:levels":null,"roof:shape":null,"ruins":null,"runway":null,"self_service":null,"service":null,"shelter_type":null,"shop":null,"short_operator":null,"sidewalk":null,"smoothness":null,"source":null,"source:date":null,"start_date":null,"surface":null,"takeaway":null,"taxi":null,"toilets":null,"toilets:disposal":null,"toilets:wheelchair":null,"tourism":null,"tourist_bus":null,"tower:type":null,"tracktype":null,"train":null,"tunnel":null,"type":null,"website":null,"website_1":null,"wheelchair":null,"width":null,"wikidata":null,"wikimedia_commons":null,"wikipedia":null},"geometry":{"type":"Point","coordinates":[12.2709118,41.8091479]}},
{"type":"Feature","properties":{"id":"node/5239992856","@id":"node/5239992856","abandoned":null,"access":null,"addr:city":null,"addr:housenumber":null,"addr:postcode":null,"addr:street":null,"addr:suburb":null,"aerodrome":null,"aerodrome:type":null,"aeroway":"holding_position","air_conditioning":null,"amenity":null,"archaeological_site":null,"baby_feeding":null,"barrier":null,"bicycle":null,"branch":null,"brand":null,"brand:wikidata":null,"brand:wikipedia":null,"bridge":null,"building":null,"building:colour":null,"building:height":null,"building:levels":null,"changing_table":null,"check_date":null,"check_date:opening_hours":null,"city_served":null,"compressed_air":null,"contact:email":null,"contact:phone":null,"contact:website":null,"content":null,"covered":null,"created_by":null,"cuisine":null,"cutting":null,"denomination":null,"description":null,"drinking_water":null,"ele":null,"email":null,"emergency":null,"fee":null,"female":null,"fixme":null,"foot":null,"fuel:diesel":null,"fuel:lpg":null,"fuel:octane_95":null,"healthcare":null,"height":null,"highway":null,"historic":null,"historic:civilization":null,"holding_position:type":null,"horse":null,"iata":null,"icao":null,"indoor":null,"internet_access":null,"landuse":null,"lanes":null,"layer":null,"leisure":null,"length":null,"level":null,"lit":null,"local_ref":null,"male":null,"man_made":null,"maxheight":null,"maxheight:signed":null,"maxspeed":null,"maxweight:signed":null,"min_height":null,"motor_vehicle":null,"motorcar":null,"museum":null,"music":null,"name":null,"name:ar":null,"name:bg":null,"name:de":null,"name:en":null,"name:es":null,"name:etymology:wikidata":null,"name:fa":null,"name:it":null,"name:ko":null,"name:ru":null,"name:signed":null,"navigationaid":null,"network":null,"nobrand":null,"note":null,"office":null,"official_name":null,"official_name:it":null,"official_name:ru":null,"old_name":null,"oneway":null,"opening_hours":null,"operator":null,"operator:wikidata":null,"operator:wikipedia":null,"parking":null,"passengers":null,"payment:cash":null,"payment:credit_cards":null,"payment:mastercard":null,"payment:visa":null,"phone":null,"psv":null,"public_transport":null,"railway":null,"ref":"DM1","ref:mise":null,"religion":null,"roof:colour":null,"roof:height":null,"roof:levels":null,"roof:shape":null,"ruins":null,"runway":null,"self_service":null,"service":null,"shelter_type":null,"shop":null,"short_operator":null,"sidewalk":null,"smoothness":null,"source":null,"source:date":null,"start_date":null,"surface":null,"takeaway":null,"taxi":null,"toilets":null,"toilets:disposal":null,"toilets:wheelchair":null,"tourism":null,"tourist_bus":null,"tower:type":null,"tracktype":null,"train":null,"tunnel":null,"type":null,"website":null,"website_1":null,"wheelchair":null,"width":null,"wikidata":null,"wikimedia_commons":null,"wikipedia":null},"geometry":{"type":"Point","coordinates":[12.2704974,41.8067873]}},
{"type":"Feature","properties":{"id":"node/5239993121","@id":"node/5239993121","abandoned":null,"access":null,"addr:city":null,"addr:housenumber":null,"addr:postcode":null,"addr:street":null,"addr:suburb":null,"aerodrome":null,"aerodrome:type":null,"aeroway":"holding_position","air_conditioning":null,"amenity":null,"archaeological_site":null,"baby_feeding":null,"barrier":null,"bicycle":null,"branch":null,"brand":null,"brand:wikidata":null,"brand:wikipedia":null,"bridge":null,"building":null,"building:colour":null,"building:height":null,"building:levels":null,"changing_table":null,"check_date":null,"check_date:opening_hours":null,"city_served":null,"compressed_air":null,"contact:email":null,"contact:phone":null,"contact:website":null,"content":null,"covered":null,"created_by":null,"cuisine":null,"cutting":null,"denomination":null,"description":null,"drinking_water":null,"ele":null,"email":null,"emergency":null,"fee":null,"female":null,"fixme":null,"foot":null,"fuel:diesel":null,"fuel:lpg":null,"fuel:octane_95":null,"healthcare":null,"height":null,"highway":null,"historic":null,"historic:civilization":null,"holding_position:type":"intermediate","horse":null,"iata":null,"icao":null,"indoor":null,"internet_access":null,"landuse":null,"lanes":null,"layer":null,"leisure":null,"length":null,"level":null,"lit":null,"local_ref":null,"male":null,"man_made":null,"maxheight":null,"maxheight:signed":null,"maxspeed":null,"maxweight:signed":null,"min_height":null,"motor_vehicle":null,"motorcar":null,"museum":null,"music":null,"name":null,"name:ar":null,"name:bg":null,"name:de":null,"name:en":null,"name:es":null,"name:etymology:wikidata":null,"name:fa":null,"name:it":null,"name:ko":null,"name:ru":null,"name:signed":null,"navigationaid":null,"network":null,"nobrand":null,"note":null,"office":null,"official_name":null,"official_name:it":null,"official_name:ru":null,"old_name":null,"oneway":null,"opening_hours":null,"operator":null,"operator:wikidata":null,"operator:wikipedia":null,"parking":null,"passengers":null,"payment:cash":null,"payment:credit_cards":null,"payment:mastercard":null,"payment:visa":null,"phone":null,"psv":null,"public_transport":null,"railway":null,"ref":"D3","ref:mise":null,"religion":null,"roof:colour":null,"roof:height":null,"roof:levels":null,"roof:shape":null,"ruins":null,"runway":null,"self_service":null,"service":null,"shelter_type":null,"shop":null,"short_operator":null,"sidewalk":null,"smoothness":null,"source":null,"source:date":null,"start_date":null,"surface":null,"takeaway":null,"taxi":null,"toilets":null,"toilets:disposal":null,"toilets:wheelchair":null,"tourism":null,"tourist_bus":null,"tower:type":null,"tracktype":null,"train":null,"tunnel":null,"type":null,"website":null,"website_1":null,"wheelchair":null,"width":null,"wikidata":null,"wikimedia_commons":null,"wikipedia":null},"geometry":{"type":"Point","coordinates":[12.2669546,41.805088]}},
{"type":"Feature","properties":{"id":"node/5239993122","@id":"node/5239993122","abandoned":null,"access":null,"addr:city":null,"addr:housenumber":null,"addr:postcode":null,"addr:street":null,"addr:suburb":null,"aerodrome":null,"aerodrome:type":null,"aeroway":"holding_position","air_conditioning":null,"amenity":null,"archaeological_site":null,"baby_feeding":null,"barrier":null,"bicycle":null,"branch":null,"brand":null,"brand:wikidata":null,"brand:wikipedia":null,"bridge":null,"building":null,"building:colour":null,"building:height":null,"building:levels":null,"changing_table":null,"check_date":null,"check_date:opening_hours":null,"city_served":null,"compressed_air":null,"contact:email":null,"contact:phone":null,"contact:website":null,"content":null,"covered":null,"created_by":null,"cuisine":null,"cutting":null,"denomination":null,"description":null,"drinking_water":null,"ele":null,"email":null,"emergency":null,"fee":null,"female":null,"fixme":null,"foot":null,"fuel:diesel":null,"fuel:lpg":null,"fuel:octane_95":null,"healthcare":null,"height":null,"highway":null,"historic":null,"historic:civilization":null,"holding_position:type":"intermediate","horse":null,"iata":null,"icao":null,"indoor":null,"internet_access":null,"landuse":null,"lanes":null,"layer":null,"leisure":null,"length":null,"level":null,"lit":null,"local_ref":null,"male":null,"man_made":null,"maxheight":null,"maxheight:signed":null,"maxspeed":null,"maxweight:signed":null,"min_height":null,"motor_vehicle":null,"motorcar":null,"museum":null,"music":null,"name":null,"name:ar":null,"name:bg":null,"name:de":null,"name:en":null,"name:es":null,"name:etymology:wikidata":null,"name:fa":null,"name:it":null,"name:ko":null,"name:ru":null,"name:signed":null,"navigationaid":null,"network":null,"nobrand":null,"note":null,"office":null,"official_name":null,"official_name:it":null,"official_name:ru":null,"old_name":null,"oneway":null,"opening_hours":null,"operator":null,"operator:wikidata":null,"operator:wikipedia":null,"parking":null,"passengers":null,"payment:cash":null,"payment:credit_cards":null,"payment:mastercard":null,"payment:visa":null,"phone":null,"psv":null,"public_transport":null,"railway":null,"ref":"D2","ref:mise":null,"religion":null,"roof:colour":null,"roof:height":null,"roof:levels":null,"roof:shape":null,"ruins":null,"runway":null,"self_service":null,"service":null,"shelter_type":null,"shop":null,"short_operator":null,"sidewalk":null,"smoothness":null,"source":null,"source:date":null,"start_date":null,"surface":null,"takeaway":null,"taxi":null,"toilets":null,"toilets:disposal":null,"toilets:wheelchair":null,"tourism":null,"tourist_bus":null,"tower:type":null,"tracktype":null,"train":null,"tunnel":null,"type":null,"website":null,"website_1":null,"wheelchair":null,"width":null,"wikidata":null,"wikimedia_commons":null,"wikipedia":null},"geometry":{"type":"Point","coordinates":[12.264304,41.8043546]}},
{"type":"Feature","properties":{"id":"node/5239993133","@id":"node/5239993133","abandoned":null,"access":null,"addr:city":null,"addr:housenumber":null,"addr:postcode":null,"addr:street":null,"addr:suburb":null,"aerodrome":null,"aerodrome:type":null,"aeroway":"holding_position","air_conditioning":null,"amenity":null,"archaeological_site":null,"baby_feeding":null,"barrier":null,"bicycle":null,"branch":null,"brand":null,"brand:wikidata":null,"brand:wikipedia":null,"bridge":null,"building":null,"building:colour":null,"building:height":null,"building:levels":null,"changing_table":null,"check_date":null,"check_date:opening_hours":null,"city_served":null,"compressed_air":null,"contact:email":null,"contact:phone":null,"contact:website":null,"content":null,"covered":null,"created_by":null,"cuisine":null,"cutting":null,"denomination":null,"description":null,"drinking_water":null,"ele":null,"email":null,"emergency":null,"fee":null,"female":null,"fixme":null,"foot":null,"fuel:diesel":null,"fuel:lpg":null,"fuel:octane_95":null,"healthcare":null,"height":null,"highway":null,"historic":null,"historic:civilization":null,"holding_position:type":null,"horse":null,"iata":null,"icao":null,"indoor":null,"internet_access":null,"landuse":null,"lanes":null,"layer":null,"leisure":null,"length":null,"level":null,"lit":null,"local_ref":null,"male":null,"man_made":null,"maxheight":null,"maxheight:signed":null,"maxspeed":null,"maxweight:signed":null,"min_height":null,"motor_vehicle":null,"motorcar":null,"museum":null,"music":null,"name":null,"name:ar":null,"name:bg":null,"name:de":null,"name:en":null,"name:es":null,"name:etymology:wikidata":null,"name:fa":null,"name:it":null,"name:ko":null,"name:ru":null,"name:signed":null,"navigationaid":null,"network":null,"nobrand":null,"note":null,"office":null,"official_name":null,"official_name:it":null,"official_name:ru":null,"old_name":null,"oneway":null,"opening_hours":null,"operator":null,"operator:wikidata":null,"operator:wikipedia":null,"parking":null,"passengers":null,"payment:cash":null,"payment:credit_cards":null,"payment:mastercard":null,"payment:visa":null,"phone":null,"psv":null,"public_transport":null,"railway":null,"ref":"D1","ref:mise":null,"religion":null,"roof:colour":null,"roof:height":null,"roof:levels":null,"roof:shape":null,"ruins":null,"runway":null,"self_service":null,"service":null,"shelter_type":null,"shop":null,"short_operator":null,"sidewalk":null,"smoothness":null,"source":null,"source:date":null,"start_date":null,"surface":null,"takeaway":null,"taxi":null,"toilets":null,"toilets:disposal":null,"toilets:wheelchair":null,"tourism":null,"tourist_bus":null,"tower:type":null,"tracktype":null,"train":null,"tunnel":null,"type":null,"website":null,"website_1":null,"wheelchair":null,"width":null,"wikidata":null,"wikimedia_commons":null,"wikipedia":null},"geometry":{"type":"Point","coordinates":[12.2555892,41.8019496]}},
{"type":"Feature","properties":{"id":"node/5240001882","@id":"node/5240001882","abandoned":null,"access":null,"addr:city":null,"addr:housenumber":null,"addr:postcode":null,"addr:street":null,"addr:suburb":null,"aerodrome":null,"aerodrome:type":null,"aeroway":"holding_position","air_conditioning":null,"amenity":null,"archaeological_site":null,"baby_feeding":null,"barrier":null,"bicycle":null,"branch":null,"brand":null,"brand:wikidata":null,"brand:wikipedia":null,"bridge":null,"building":null,"building:colour":null,"building:height":null,"building:levels":null,"changing_table":null,"check_date":null,"check_date:opening_hours":null,"city_served":null,"compressed_air":null,"contact:email":null,"contact:phone":null,"contact:website":null,"content":null,"covered":null,"created_by":null,"cuisine":null,"cutting":null,"denomination":null,"description":null,"drinking_water":null,"ele":null,"email":null,"emergency":null,"fee":null,"female":null,"fixme":null,"foot":null,"fuel:diesel":null,"fuel:lpg":null,"fuel:octane_95":null,"healthcare":null,"height":null,"highway":null,"historic":null,"historic:civilization":null,"holding_position:type":"runway","horse":null,"iata":null,"icao":null,"indoor":null,"internet_access":null,"landuse":null,"lanes":null,"layer":null,"leisure":null,"length":null,"level":null,"lit":null,"local_ref":null,"male":null,"man_made":null,"maxheight":null,"maxheight:signed":null,"maxspeed":null,"maxweight:signed":null,"min_height":null,"motor_vehicle":null,"motorcar":null,"museum":null,"music":null,"name":null,"name:ar":null,"name:bg":null,"name:de":null,"name:en":null,"name:es":null,"name:etymology:wikidata":null,"name:fa":null,"name:it":null,"name:ko":null,"name:ru":null,"name:signed":null,"navigationaid":null,"network":null,"nobrand":null,"note":null,"office":null,"official_name":null,"official_name:it":null,"official_name:ru":null,"old_name":null,"oneway":null,"opening_hours":null,"operator":null,"operator:wikidata":null,"operator:wikipedia":null,"parking":null,"passengers":null,"payment:cash":null,"payment:credit_cards":null,"payment:mastercard":null,"payment:visa":null,"phone":null,"psv":null,"public_transport":null,"railway":null,"ref":null,"ref:mise":null,"religion":null,"roof:colour":null,"roof:height":null,"roof:levels":null,"roof:shape":null,"ruins":null,"runway":null,"self_service":null,"service":null,"shelter_type":null,"shop":null,"short_operator":null,"sidewalk":null,"smoothness":null,"source":null,"source:date":null,"start_date":null,"surface":null,"takeaway":null,"taxi":null,"toilets":null,"toilets:disposal":null,"toilets:wheelchair":null,"tourism":null,"tourist_bus":null,"tower:type":null,"tracktype":null,"train":null,"tunnel":null,"type":null,"website":null,"website_1":null,"wheelchair":null,"width":null,"wikidata":null,"wikimedia_commons":null,"wikipedia":null},"geometry":{"type":"Point","coordinates":[12.2700139,41.808894]}},
{"type":"Feature","properties":{"id":"node/5240001894","@id":"node/5240001894","abandoned":null,"access":null,"addr:city":null,"addr:housenumber":null,"addr:postcode":null,"addr:street":null,"addr:suburb":null,"aerodrome":null,"aerodrome:type":null,"aeroway":"holding_position","air_conditioning":null,"amenity":null,"archaeological_site":null,"baby_feeding":null,"barrier":null,"bicycle":null,"branch":null,"brand":null,"brand:wikidata":null,"brand:wikipedia":null,"bridge":null,"building":null,"building:colour":null,"building:height":null,"building:levels":null,"changing_table":null,"check_date":null,"check_date:opening_hours":null,"city_served":null,"compressed_air":null,"contact:email":null,"contact:phone":null,"contact:website":null,"content":null,"covered":null,"created_by":null,"cuisine":null,"cutting":null,"denomination":null,"description":null,"drinking_water":null,"ele":null,"email":null,"emergency":null,"fee":null,"female":null,"fixme":null,"foot":null,"fuel:diesel":null,"fuel:lpg":null,"fuel:octane_95":null,"healthcare":null,"height":null,"highway":null,"historic":null,"historic:civilization":null,"holding_position:type":null,"horse":null,"iata":null,"icao":null,"indoor":null,"internet_access":null,"landuse":null,"lanes":null,"layer":null,"leisure":null,"length":null,"level":null,"lit":null,"local_ref":null,"male":null,"man_made":null,"maxheight":null,"maxheight:signed":null,"maxspeed":null,"maxweight:signed":null,"min_height":null,"motor_vehicle":null,"motorcar":null,"museum":null,"music":null,"name":null,"name:ar":null,"name:bg":null,"name:de":null,"name:en":null,"name:es":null,"name:etymology:wikidata":null,"name:fa":null,"name:it":null,"name:ko":null,"name:ru":null,"name:signed":null,"navigationaid":null,"network":null,"nobrand":null,"note":null,"office":null,"official_name":null,"official_name:it":null,"official_name:ru":null,"old_name":null,"oneway":null,"opening_hours":null,"operator":null,"operator:wikidata":null,"operator:wikipedia":null,"parking":null,"passengers":null,"payment:cash":null,"payment:credit_cards":null,"payment:mastercard":null,"payment:visa":null,"phone":null,"psv":null,"public_transport":null,"railway":null,"ref":"B4","ref:mise":null,"religion":null,"roof:colour":null,"roof:height":null,"roof:levels":null,"roof:shape":null,"ruins":null,"runway":null,"self_service":null,"service":null,"shelter_type":null,"shop":null,"short_operator":null,"sidewalk":null,"smoothness":null,"source":null,"source:date":null,"start_date":null,"surface":null,"takeaway":null,"taxi":null,"toilets":null,"toilets:disposal":null,"toilets:wheelchair":null,"tourism":null,"tourist_bus":null,"tower:type":null,"tracktype":null,"train":null,"tunnel":null,"type":null,"website":null,"website_1":null,"wheelchair":null,"width":null,"wikidata":null,"wikimedia_commons":null,"wikipedia":null},"geometry":{"type":"Point","coordinates":[12.2690286,41.8070946]}},
{"type":"Feature","properties":{"id":"node/5496227186","@id":"node/5496227186","abandoned":null,"access":null,"addr:city":null,"addr:housenumber":null,"addr:postcode":null,"addr:street":null,"addr:suburb":null,"aerodrome":null,"aerodrome:type":null,"aeroway":"holding_position","air_conditioning":null,"amenity":null,"archaeological_site":null,"baby_feeding":null,"barrier":null,"bicycle":null,"branch":null,"brand":null,"brand:wikidata":null,"brand:wikipedia":null,"bridge":null,"building":null,"building:colour":null,"building:height":null,"building:levels":null,"changing_table":null,"check_date":null,"check_date:opening_hours":null,"city_served":null,"compressed_air":null,"contact:email":null,"contact:phone":null,"contact:website":null,"content":null,"covered":null,"created_by":null,"cuisine":null,"cutting":null,"denomination":null,"description":null,"drinking_water":null,"ele":null,"email":null,"emergency":null,"fee":null,"female":null,"fixme":null,"foot":null,"fuel:diesel":null,"fuel:lpg":null,"fuel:octane_95":null,"healthcare":null,"height":null,"highway":null,"historic":null,"historic:civilization":null,"holding_position:type":"intermediate","horse":null,"iata":null,"icao":null,"indoor":null,"internet_access":null,"landuse":null,"lanes":null,"layer":null,"leisure":null,"length":null,"level":null,"lit":null,"local_ref":null,"male":null,"man_made":null,"maxheight":null,"maxheight:signed":null,"maxspeed":null,"maxweight:signed":null,"min_height":null,"motor_vehicle":null,"motorcar":null,"museum":null,"music":null,"name":null,"name:ar":null,"name:bg":null,"name:de":null,"name:en":null,"name:es":null,"name:etymology:wikidata":null,"name:fa":null,"name:it":null,"name:ko":null,"name:ru":null,"name:signed":null,"navigationaid":null,"network":null,"nobrand":null,"note":null,"office":null,"official_name":null,"official_name:it":null,"official_name:ru":null,"old_name":null,"oneway":null,"opening_hours":null,"operator":null,"operator:wikidata":null,"operator:wikipedia":null,"parking":null,"passengers":null,"payment:cash":null,"payment:credit_cards":null,"payment:mastercard":null,"payment:visa":null,"phone":null,"psv":null,"public_transport":null,"railway":null,"ref":"D7","ref:mise":null,"religion":null,"roof:colour":null,"roof:height":null,"roof:levels":null,"roof:shape":null,"ruins":null,"runway":null,"self_service":null,"service":null,"shelter_type":null,"shop":null,"short_operator":null,"sidewalk":null,"smoothness":null,"source":null,"source:date":null,"start_date":null,"surface":null,"takeaway":null,"taxi":null,"toilets":null,"toilets:disposal":null,"toilets:wheelchair":null,"tourism":null,"tourist_bus":null,"tower:type":null,"tracktype":null,"train":null,"tunnel":null,"type":null,"website":null,"website_1":null,"wheelchair":null,"width":null,"wikidata":null,"wikimedia_commons":null,"wikipedia":null},"geometry":{"type":"Point","coordinates":[12.2688959,41.8205566]}},
{"type":"Feature","properties":{"id":"node/5496228632","@id":"node/5496228632","abandoned":null,"access":null,"addr:city":null,"addr:housenumber":null,"addr:postcode":null,"addr:street":null,"addr:suburb":null,"aerodrome":null,"aerodrome:type":null,"aeroway":"holding_position","air_conditioning":null,"amenity":null,"archaeological_site":null,"baby_feeding":null,"barrier":null,"bicycle":null,"branch":null,"brand":null,"brand:wikidata":null,"brand:wikipedia":null,"bridge":null,"building":null,"building:colour":null,"building:height":null,"building:levels":null,"changing_table":null,"check_date":null,"check_date:opening_hours":null,"city_served":null,"compressed_air":null,"contact:email":null,"contact:phone":null,"contact:website":null,"content":null,"covered":null,"created_by":null,"cuisine":null,"cutting":null,"denomination":null,"description":null,"drinking_water":null,"ele":null,"email":null,"emergency":null,"fee":null,"female":null,"fixme":null,"foot":null,"fuel:diesel":null,"fuel:lpg":null,"fuel:octane_95":null,"healthcare":null,"height":null,"highway":null,"historic":null,"historic:civilization":null,"holding_position:type":null,"horse":null,"iata":null,"icao":null,"indoor":null,"internet_access":null,"landuse":null,"lanes":null,"layer":null,"leisure":null,"length":null,"level":null,"lit":null,"local_ref":null,"male":null,"man_made":null,"maxheight":null,"maxheight:signed":null,"maxspeed":null,"maxweight:signed":null,"min_height":null,"motor_vehicle":null,"motorcar":null,"museum":null,"music":null,"name":null,"name:ar":null,"name:bg":null,"name:de":null,"name:en":null,"name:es":null,"name:etymology:wikidata":null,"name:fa":null,"name:it":null,"name:ko":null,"name:ru":null,"name:signed":null,"navigationaid":null,"network":null,"nobrand":null,"note":null,"office":null,"official_name":null,"official_name:it":null,"official_name:ru":null,"old_name":null,"oneway":null,"opening_hours":null,"operator":null,"operator:wikidata":null,"operator:wikipedia":null,"parking":null,"passengers":null,"payment:cash":null,"payment:credit_cards":null,"payment:mastercard":null,"payment:visa":null,"phone":null,"psv":null,"public_transport":null,"railway":null,"ref":"D6","ref:mise":null,"religion":null,"roof:colour":null,"roof:height":null,"roof:levels":null,"roof:shape":null,"ruins":null,"runway":null,"self_service":null,"service":null,"shelter_type":null,"shop":null,"short_operator":null,"sidewalk":null,"smoothness":null,"source":null,"source:date":null,"start_date":null,"surface":null,"takeaway":null,"taxi":null,"toilets":null,"toilets:disposal":null,"toilets:wheelchair":null,"tourism":null,"tourist_bus":null,"tower:type":null,"tracktype":null,"train":null,"tunnel":null,"type":null,"website":null,"website_1":null,"wheelchair":null,"width":null,"wikidata":null,"wikimedia_commons":null,"wikipedia":null},"geometry":{"type":"Point","coordinates":[12.2709983,41.8155525]}},
{"type":"Feature","properties":{"id":"node/5496228633","@id":"node/5496228633","abandoned":null,"access":null,"addr:city":null,"addr:housenumber":null,"addr:postcode":null,"addr:street":null,"addr:suburb":null,"aerodrome":null,"aerodrome:type":null,"aeroway":"holding_position","air_conditioning":null,"amenity":null,"archaeological_site":null,"baby_feeding":null,"barrier":null,"bicycle":null,"branch":null,"brand":null,"brand:wikidata":null,"brand:wikipedia":null,"bridge":null,"building":null,"building:colour":null,"building:height":null,"building:levels":null,"changing_table":null,"check_date":null,"check_date:opening_hours":null,"city_served":null,"compressed_air":null,"contact:email":null,"contact:phone":null,"contact:website":null,"content":null,"covered":null,"created_by":null,"cuisine":null,"cutting":null,"denomination":null,"description":null,"drinking_water":null,"ele":null,"email":null,"emergency":null,"fee":null,"female":null,"fixme":null,"foot":null,"fuel:diesel":null,"fuel:lpg":null,"fuel:octane_95":null,"healthcare":null,"height":null,"highway":null,"historic":null,"historic:civilization":null,"holding_position:type":"runway","horse":null,"iata":null,"icao":null,"indoor":null,"internet_access":null,"landuse":null,"lanes":null,"layer":null,"leisure":null,"length":null,"level":null,"lit":null,"local_ref":null,"male":null,"man_made":null,"maxheight":null,"maxheight:signed":null,"maxspeed":null,"maxweight:signed":null,"min_height":null,"motor_vehicle":null,"motorcar":null,"museum":null,"music":null,"name":null,"name:ar":null,"name:bg":null,"name:de":null,"name:en":null,"name:es":null,"name:etymology:wikidata":null,"name:fa":null,"name:it":null,"name:ko":null,"name:ru":null,"name:signed":null,"navigationaid":null,"network":null,"nobrand":null,"note":null,"office":null,"official_name":null,"official_name:it":null,"official_name:ru":null,"old_name":null,"oneway":null,"opening_hours":null,"operator":null,"operator:wikidata":null,"operator:wikipedia":null,"parking":null,"passengers":null,"payment:cash":null,"payment:credit_cards":null,"payment:mastercard":null,"payment:visa":null,"phone":null,"psv":null,"public_transport":null,"railway":null,"ref":"C1","ref:mise":null,"religion":null,"roof:colour":null,"roof:height":null,"roof:levels":null,"roof:shape":null,"ruins":null,"runway":null,"self_service":null,"service":null,"shelter_type":null,"shop":null,"short_operator":null,"sidewalk":null,"smoothness":null,"source":null,"source:date":null,"start_date":null,"surface":null,"takeaway":null,"taxi":null,"toilets":null,"toilets:disposal":null,"toilets:wheelchair":null,"tourism":null,"tourist_bus":null,"tower:type":null,"tracktype":null,"train":null,"tunnel":null,"type":null,"website":null,"website_1":null,"wheelchair":null,"width":null,"wikidata":null,"wikimedia_commons":null,"wikipedia":null},"geometry":{"type":"Point","coordinates":[12.2711269,41.811983]}},
{"type":"Feature","properties":{"id":"node/5496610124","@id":"node/5496610124","abandoned":null,"access":null,"addr:city":null,"addr:housenumber":null,"addr:postcode":null,"addr:street":null,"addr:suburb":null,"aerodrome":null,"aerodrome:type":null,"aeroway":"holding_position","air_conditioning":null,"amenity":null,"archaeological_site":null,"baby_feeding":null,"barrier":null,"bicycle":null,"branch":null,"brand":null,"brand:wikidata":null,"brand:wikipedia":null,"bridge":null,"building":null,"building:colour":null,"building:height":null,"building:levels":null,"changing_table":null,"check_date":null,"check_date:opening_hours":null,"city_served":null,"compressed_air":null,"contact:email":null,"contact:phone":null,"contact:website":null,"content":null,"covered":null,"created_by":null,"cuisine":null,"cutting":null,"denomination":null,"description":null,"drinking_water":null,"ele":null,"email":null,"emergency":null,"fee":null,"female":null,"fixme":null,"foot":null,"fuel:diesel":null,"fuel:lpg":null,"fuel:octane_95":null,"healthcare":null,"height":null,"highway":null,"historic":null,"historic:civilization":null,"holding_position:type":null,"horse":null,"iata":null,"icao":null,"indoor":null,"internet_access":null,"landuse":null,"lanes":null,"layer":null,"leisure":null,"length":null,"level":null,"lit":null,"local_ref":null,"male":null,"man_made":null,"maxheight":null,"maxheight:signed":null,"maxspeed":null,"maxweight:signed":null,"min_height":null,"motor_vehicle":null,"motorcar":null,"museum":null,"music":null,"name":null,"name:ar":null,"name:bg":null,"name:de":null,"name:en":null,"name:es":null,"name:etymology:wikidata":null,"name:fa":null,"name:it":null,"name:ko":null,"name:ru":null,"name:signed":null,"navigationaid":null,"network":null,"nobrand":null,"note":null,"office":null,"official_name":null,"official_name:it":null,"official_name:ru":null,"old_name":null,"oneway":null,"opening_hours":null,"operator":null,"operator:wikidata":null,"operator:wikipedia":null,"parking":null,"passengers":null,"payment:cash":null,"payment:credit_cards":null,"payment:mastercard":null,"payment:visa":null,"phone":null,"psv":null,"public_transport":null,"railway":null,"ref":"B3","ref:mise":null,"religion":null,"roof:colour":null,"roof:height":null,"roof:levels":null,"roof:shape":null,"ruins":null,"runway":null,"self_service":null,"service":null,"shelter_type":null,"shop":null,"short_operator":null,"sidewalk":null,"smoothness":null,"source":null,"source:date":null,"start_date":null,"surface":null,"takeaway":null,"taxi":null,"toilets":null,"toilets:disposal":null,"toilets:wheelchair":null,"tourism":null,"tourist_bus":null,"tower:type":null,"tracktype":null,"train":null,"tunnel":null,"type":null,"website":null,"website_1":null,"wheelchair":null,"width":null,"wikidata":null,"wikimedia_commons":null,"wikipedia":null},"geometry":{"type":"Point","coordinates":[12.2601614,41.8046348]}},
{"type":"Feature","properties":{"id":"node/5496610191","@id":"node/5496610191","abandoned":null,"access":null,"addr:city":null,"addr:housenumber":null,"addr:postcode":null,"addr:street":null,"addr:suburb":null,"aerodrome":null,"aerodrome:type":null,"aeroway":"holding_position","air_conditioning":null,"amenity":null,"archaeological_site":null,"baby_feeding":null,"barrier":null,"bicycle":null,"branch":null,"brand":null,"brand:wikidata":null,"brand:wikipedia":null,"bridge":null,"building":null,"building:colour":null,"building:height":null,"building:levels":null,"changing_table":null,"check_date":null,"check_date:opening_hours":null,"city_served":null,"compressed_air":null,"contact:email":null,"contact:phone":null,"contact:website":null,"content":null,"covered":null,"created_by":null,"cuisine":null,"cutting":null,"denomination":null,"description":null,"drinking_water":null,"ele":null,"email":null,"emergency":null,"fee":null,"female":null,"fixme":null,"foot":null,"fuel:diesel":null,"fuel:lpg":null,"fuel:octane_95":null,"healthcare":null,"height":null,"highway":null,"historic":null,"historic:civilization":null,"holding_position:type":"runway","horse":null,"iata":null,"icao":null,"indoor":null,"internet_access":null,"landuse":null,"lanes":null,"layer":null,"leisure":null,"length":null,"level":null,"lit":null,"local_ref":null,"male":null,"man_made":null,"maxheight":null,"maxheight:signed":null,"maxspeed":null,"maxweight:signed":null,"min_height":null,"motor_vehicle":null,"motorcar":null,"museum":null,"music":null,"name":null,"name:ar":null,"name:bg":null,"name:de":null,"name:en":null,"name:es":null,"name:etymology:wikidata":null,"name:fa":null,"name:it":null,"name:ko":null,"name:ru":null,"name:signed":null,"navigationaid":null,"network":null,"nobrand":null,"note":null,"office":null,"official_name":null,"official_name:it":null,"official_name:ru":null,"old_name":null,"oneway":null,"opening_hours":null,"operator":null,"operator:wikidata":null,"operator:wikipedia":null,"parking":null,"passengers":null,"payment:cash":null,"payment:credit_cards":null,"payment:mastercard":null,"payment:visa":null,"phone":null,"psv":null,"public_transport":null,"railway":null,"ref":null,"ref:mise":null,"religion":null,"roof:colour":null,"roof:height":null,"roof:levels":null,"roof:shape":null,"ruins":null,"runway":null,"self_service":null,"service":null,"shelter_type":null,"shop":null,"short_operator":null,"sidewalk":null,"smoothness":null,"source":null,"source:date":null,"start_date":null,"surface":null,"takeaway":null,"taxi":null,"toilets":null,"toilets:disposal":null,"toilets:wheelchair":null,"tourism":null,"tourist_bus":null,"tower:type":null,"tracktype":null,"train":null,"tunnel":null,"type":null,"website":null,"website_1":null,"wheelchair":null,"width":null,"wikidata":null,"wikimedia_commons":null,"wikipedia":null},"geometry":{"type":"Point","coordinates":[12.2543545,41.8036823]}},
{"type":"Feature","properties":{"id":"node/5496610218","@id":"node/5496610218","abandoned":null,"access":null,"addr:city":null,"addr:housenumber":null,"addr:postcode":null,"addr:street":null,"addr:suburb":null,"aerodrome":null,"aerodrome:type":null,"aeroway":"holding_position","air_conditioning":null,"amenity":null,"archaeological_site":null,"baby_feeding":null,"barrier":null,"bicycle":null,"branch":null,"brand":null,"brand:wikidata":null,"brand:wikipedia":null,"bridge":null,"building":null,"building:colour":null,"building:height":null,"building:levels":null,"changing_table":null,"check_date":null,"check_date:opening_hours":null,"city_served":null,"compressed_air":null,"contact:email":null,"contact:phone":null,"contact:website":null,"content":null,"covered":null,"created_by":null,"cuisine":null,"cutting":null,"denomination":null,"description":null,"drinking_water":null,"ele":null,"email":null,"emergency":null,"fee":null,"female":null,"fixme":null,"foot":null,"fuel:diesel":null,"fuel:lpg":null,"fuel:octane_95":null,"healthcare":null,"height":null,"highway":null,"historic":null,"historic:civilization":null,"holding_position:type":null,"horse":null,"iata":null,"icao":null,"indoor":null,"internet_access":null,"landuse":null,"lanes":null,"layer":null,"leisure":null,"length":null,"level":null,"lit":null,"local_ref":null,"male":null,"man_made":null,"maxheight":null,"maxheight:signed":null,"maxspeed":null,"maxweight:signed":null,"min_height":null,"motor_vehicle":null,"motorcar":null,"museum":null,"music":null,"name":null,"name:ar":null,"name:bg":null,"name:de":null,"name:en":null,"name:es":null,"name:etymology:wikidata":null,"name:fa":null,"name:it":null,"name:ko":null,"name:ru":null,"name:signed":null,"navigationaid":null,"network":null,"nobrand":null,"note":null,"office":null,"official_name":null,"official_name:it":null,"official_name:ru":null,"old_name":null,"oneway":null,"opening_hours":null,"operator":null,"operator:wikidata":null,"operator:wikipedia":null,"parking":null,"passengers":null,"payment:cash":null,"payment:credit_cards":null,"payment:mastercard":null,"payment:visa":null,"phone":null,"psv":null,"public_transport":null,"railway":null,"ref":"P1","ref:mise":null,"religion":null,"roof:colour":null,"roof:height":null,"roof:levels":null,"roof:shape":null,"ruins":null,"runway":null,"self_service":null,"service":null,"shelter_type":null,"shop":null,"short_operator":null,"sidewalk":null,"smoothness":null,"source":null,"source:date":null,"start_date":null,"surface":null,"takeaway":null,"taxi":null,"toilets":null,"toilets:disposal":null,"toilets:wheelchair":null,"tourism":null,"tourist_bus":null,"tower:type":null,"tracktype":null,"train":null,"tunnel":null,"type":null,"website":null,"website_1":null,"wheelchair":null,"width":null,"wikidata":null,"wikimedia_commons":null,"wikipedia":null},"geometry":{"type":"Point","coordinates":[12.254347,41.802552]}},
{"type":"Feature","properties":{"id":"node/5496784277","@id":"node/5496784277","abandoned":null,"access":null,"addr:city":null,"addr:housenumber":null,"addr:postcode":null,"addr:street":null,"addr:suburb":null,"aerodrome":null,"aerodrome:type":null,"aeroway":"holding_position","air_conditioning":null,"amenity":null,"archaeological_site":null,"baby_feeding":null,"barrier":null,"bicycle":null,"branch":null,"brand":null,"brand:wikidata":null,"brand:wikipedia":null,"bridge":null,"building":null,"building:colour":null,"building:height":null,"building:levels":null,"changing_table":null,"check_date":null,"check_date:opening_hours":null,"city_served":null,"compressed_air":null,"contact:email":null,"contact:phone":null,"contact:website":null,"content":null,"covered":null,"created_by":null,"cuisine":null,"cutting":null,"denomination":null,"description":null,"drinking_water":null,"ele":null,"email":null,"emergency":null,"fee":null,"female":null,"fixme":null,"foot":null,"fuel:diesel":null,"fuel:lpg":null,"fuel:octane_95":null,"healthcare":null,"height":null,"highway":null,"historic":null,"historic:civilization":null,"holding_position:type":null,"horse":null,"iata":null,"icao":null,"indoor":null,"internet_access":null,"landuse":null,"lanes":null,"layer":null,"leisure":null,"length":null,"level":null,"lit":null,"local_ref":null,"male":null,"man_made":null,"maxheight":null,"maxheight:signed":null,"maxspeed":null,"maxweight:signed":null,"min_height":null,"motor_vehicle":null,"motorcar":null,"museum":null,"music":null,"name":null,"name:ar":null,"name:bg":null,"name:de":null,"name:en":null,"name:es":null,"name:etymology:wikidata":null,"name:fa":null,"name:it":null,"name:ko":null,"name:ru":null,"name:signed":null,"navigationaid":null,"network":null,"nobrand":null,"note":null,"office":null,"official_name":null,"official_name:it":null,"official_name:ru":null,"old_name":null,"oneway":null,"opening_hours":null,"operator":null,"operator:wikidata":null,"operator:wikipedia":null,"parking":null,"passengers":null,"payment:cash":null,"payment:credit_cards":null,"payment:mastercard":null,"payment:visa":null,"phone":null,"psv":null,"public_transport":null,"railway":null,"ref":"EA1","ref:mise":null,"religion":null,"roof:colour":null,"roof:height":null,"roof:levels":null,"roof:shape":null,"ruins":null,"runway":null,"self_service":null,"service":null,"shelter_type":null,"shop":null,"short_operator":null,"sidewalk":null,"smoothness":null,"source":null,"source:date":null,"start_date":null,"surface":null,"takeaway":null,"taxi":null,"toilets":null,"toilets:disposal":null,"toilets:wheelchair":null,"tourism":null,"tourist_bus":null,"tower:type":null,"tracktype":null,"train":null,"tunnel":null,"type":null,"website":null,"website_1":null,"wheelchair":null,"width":null,"wikidata":null,"wikimedia_commons":null,"wikipedia":null},"geometry":{"type":"Point","coordinates":[12.2622305,41.8032739]}},
{"type":"Feature","properties":{"id":"node/5496784335","@id":"node/5496784335","abandoned":null,"access":null,"addr:city":null,"addr:housenumber":null,"addr:postcode":null,"addr:street":null,"addr:suburb":null,"aerodrome":null,"aerodrome:type":null,"aeroway":"holding_position","air_conditioning":null,"amenity":null,"archaeological_site":null,"baby_feeding":null,"barrier":null,"bicycle":null,"branch":null,"brand":null,"brand:wikidata":null,"brand:wikipedia":null,"bridge":null,"building":null,"building:colour":null,"building:height":null,"building:levels":null,"changing_table":null,"check_date":null,"check_date:opening_hours":null,"city_served":null,"compressed_air":null,"contact:email":null,"contact:phone":null,"contact:website":null,"content":null,"covered":null,"created_by":null,"cuisine":null,"cutting":null,"denomination":null,"description":null,"drinking_water":null,"ele":null,"email":null,"emergency":null,"fee":null,"female":null,"fixme":null,"foot":null,"fuel:diesel":null,"fuel:lpg":null,"fuel:octane_95":null,"healthcare":null,"height":null,"highway":null,"historic":null,"historic:civilization":null,"holding_position:type":null,"horse":null,"iata":null,"icao":null,"indoor":null,"internet_access":null,"landuse":null,"lanes":null,"layer":null,"leisure":null,"length":null,"level":null,"lit":null,"local_ref":null,"male":null,"man_made":null,"maxheight":null,"maxheight:signed":null,"maxspeed":null,"maxweight:signed":null,"min_height":null,"motor_vehicle":null,"motorcar":null,"museum":null,"music":null,"name":null,"name:ar":null,"name:bg":null,"name:de":null,"name:en":null,"name:es":null,"name:etymology:wikidata":null,"name:fa":null,"name:it":null,"name:ko":null,"name:ru":null,"name:signed":null,"navigationaid":null,"network":null,"nobrand":null,"note":null,"office":null,"official_name":null,"official_name:it":null,"official_name:ru":null,"old_name":null,"oneway":null,"opening_hours":null,"operator":null,"operator:wikidata":null,"operator:wikipedia":null,"parking":null,"passengers":null,"payment:cash":null,"payment:credit_cards":null,"payment:mastercard":null,"payment:visa":null,"phone":null,"psv":null,"public_transport":null,"railway":null,"ref":"NG1","ref:mise":null,"religion":null,"roof:colour":null,"roof:height":null,"roof:levels":null,"roof:shape":null,"ruins":null,"runway":null,"self_service":null,"service":null,"shelter_type":null,"shop":null,"short_operator":null,"sidewalk":null,"smoothness":null,"source":null,"source:date":null,"start_date":null,"surface":null,"takeaway":null,"taxi":null,"toilets":null,"toilets:disposal":null,"toilets:wheelchair":null,"tourism":null,"tourist_bus":null,"tower:type":null,"tracktype":null,"train":null,"tunnel":null,"type":null,"website":null,"website_1":null,"wheelchair":null,"width":null,"wikidata":null,"wikimedia_commons":null,"wikipedia":null},"geometry":{"type":"Point","coordinates":[12.2606049,41.8024699]}},
{"type":"Feature","properties":{"id":"node/5496784428","@id":"node/5496784428","abandoned":null,"access":null,"addr:city":null,"addr:housenumber":null,"addr:postcode":null,"addr:street":null,"addr:suburb":null,"aerodrome":null,"aerodrome:type":null,"aeroway":"holding_position","air_conditioning":null,"amenity":null,"archaeological_site":null,"baby_feeding":null,"barrier":null,"bicycle":null,"branch":null,"brand":null,"brand:wikidata":null,"brand:wikipedia":null,"bridge":null,"building":null,"building:colour":null,"building:height":null,"building:levels":null,"changing_table":null,"check_date":null,"check_date:opening_hours":null,"city_served":null,"compressed_air":null,"contact:email":null,"contact:phone":null,"contact:website":null,"content":null,"covered":null,"created_by":null,"cuisine":null,"cutting":null,"denomination":null,"description":null,"drinking_water":null,"ele":null,"email":null,"emergency":null,"fee":null,"female":null,"fixme":null,"foot":null,"fuel:diesel":null,"fuel:lpg":null,"fuel:octane_95":null,"healthcare":null,"height":null,"highway":null,"historic":null,"historic:civilization":null,"holding_position:type":null,"horse":null,"iata":null,"icao":null,"indoor":null,"internet_access":null,"landuse":null,"lanes":null,"layer":null,"leisure":null,"length":null,"level":null,"lit":null,"local_ref":null,"male":null,"man_made":null,"maxheight":null,"maxheight:signed":null,"maxspeed":null,"maxweight:signed":null,"min_height":null,"motor_vehicle":null,"motorcar":null,"museum":null,"music":null,"name":null,"name:ar":null,"name:bg":null,"name:de":null,"name:en":null,"name:es":null,"name:etymology:wikidata":null,"name:fa":null,"name:it":null,"name:ko":null,"name:ru":null,"name:signed":null,"navigationaid":null,"network":null,"nobrand":null,"note":null,"office":null,"official_name":null,"official_name:it":null,"official_name:ru":null,"old_name":null,"oneway":null,"opening_hours":null,"operator":null,"operator:wikidata":null,"operator:wikipedia":null,"parking":null,"passengers":null,"payment:cash":null,"payment:credit_cards":null,"payment:mastercard":null,"payment:visa":null,"phone":null,"psv":null,"public_transport":null,"railway":null,"ref":"EH2","ref:mise":null,"religion":null,"roof:colour":null,"roof:height":null,"roof:levels":null,"roof:shape":null,"ruins":null,"runway":null,"self_service":null,"service":null,"shelter_type":null,"shop":null,"short_operator":null,"sidewalk":null,"smoothness":null,"source":null,"source:date":null,"start_date":null,"surface":null,"takeaway":null,"taxi":null,"toilets":null,"toilets:disposal":null,"toilets:wheelchair":null,"tourism":null,"tourist_bus":null,"tower:type":null,"tracktype":null,"train":null,"tunnel":null,"type":null,"website":null,"website_1":null,"wheelchair":null,"width":null,"wikidata":null,"wikimedia_commons":null,"wikipedia":null},"geometry":{"type":"Point","coordinates":[12.2630567,41.7993039]}},
{"type":"Feature","properties":{"id":"node/5496837949","@id":"node/5496837949","abandoned":null,"access":null,"addr:city":null,"addr:housenumber":null,"addr:postcode":null,"addr:street":null,"addr:suburb":null,"aerodrome":null,"aerodrome:type":null,"aeroway":"holding_position","air_conditioning":null,"amenity":null,"archaeological_site":null,"baby_feeding":null,"barrier":null,"bicycle":null,"branch":null,"brand":null,"brand:wikidata":null,"brand:wikipedia":null,"bridge":null,"building":null,"building:colour":null,"building:height":null,"building:levels":null,"changing_table":null,"check_date":null,"check_date:opening_hours":null,"city_served":null,"compressed_air":null,"contact:email":null,"contact:phone":null,"contact:website":null,"content":null,"covered":null,"created_by":null,"cuisine":null,"cutting":null,"denomination":null,"description":null,"drinking_water":null,"ele":null,"email":null,"emergency":null,"fee":null,"female":null,"fixme":null,"foot":null,"fuel:diesel":null,"fuel:lpg":null,"fuel:octane_95":null,"healthcare":null,"height":null,"highway":null,"historic":null,"historic:civilization":null,"holding_position:type":null,"horse":null,"iata":null,"icao":null,"indoor":null,"internet_access":null,"landuse":null,"lanes":null,"layer":null,"leisure":null,"length":null,"level":null,"lit":null,"local_ref":null,"male":null,"man_made":null,"maxheight":null,"maxheight:signed":null,"maxspeed":null,"maxweight:signed":null,"min_height":null,"motor_vehicle":null,"motorcar":null,"museum":null,"music":null,"name":null,"name:ar":null,"name:bg":null,"name:de":null,"name:en":null,"name:es":null,"name:etymology:wikidata":null,"name:fa":null,"name:it":null,"name:ko":null,"name:ru":null,"name:signed":null,"navigationaid":null,"network":null,"nobrand":null,"note":null,"office":null,"official_name":null,"official_name:it":null,"official_name:ru":null,"old_name":null,"oneway":null,"opening_hours":null,"operator":null,"operator:wikidata":null,"operator:wikipedia":null,"parking":null,"passengers":null,"payment:cash":null,"payment:credit_cards":null,"payment:mastercard":null,"payment:visa":null,"phone":null,"psv":null,"public_transport":null,"railway":null,"ref":"NE1","ref:mise":null,"religion":null,"roof:colour":null,"roof:height":null,"roof:levels":null,"roof:shape":null,"ruins":null,"runway":null,"self_service":null,"service":null,"shelter_type":null,"shop":null,"short_operator":null,"sidewalk":null,"smoothness":null,"source":null,"source:date":null,"start_date":null,"surface":null,"takeaway":null,"taxi":null,"toilets":null,"toilets:disposal":null,"toilets:wheelchair":null,"tourism":null,"tourist_bus":null,"tower:type":null,"tracktype":null,"train":null,"tunnel":null,"type":null,"website":null,"website_1":null,"wheelchair":null,"width":null,"wikidata":null,"wikimedia_commons":null,"wikipedia":null},"geometry":{"type":"Point","coordinates":[12.2601911,41.7945825]}},
{"type":"Feature","properties":{"id":"node/5496838011","@id":"node/5496838011","abandoned":null,"access":null,"addr:city":null,"addr:housenumber":null,"addr:postcode":null,"addr:street":null,"addr:suburb":null,"aerodrome":null,"aerodrome:type":null,"aeroway":"holding_position","air_conditioning":null,"amenity":null,"archaeological_site":null,"baby_feeding":null,"barrier":null,"bicycle":null,"branch":null,"brand":null,"brand:wikidata":null,"brand:wikipedia":null,"bridge":null,"building":null,"building:colour":null,"building:height":null,"building:levels":null,"changing_table":null,"check_date":null,"check_date:opening_hours":null,"city_served":null,"compressed_air":null,"contact:email":null,"contact:phone":null,"contact:website":null,"content":null,"covered":null,"created_by":null,"cuisine":null,"cutting":null,"denomination":null,"description":null,"drinking_water":null,"ele":null,"email":null,"emergency":null,"fee":null,"female":null,"fixme":null,"foot":null,"fuel:diesel":null,"fuel:lpg":null,"fuel:octane_95":null,"healthcare":null,"height":null,"highway":null,"historic":null,"historic:civilization":null,"holding_position:type":null,"horse":null,"iata":null,"icao":null,"indoor":null,"internet_access":null,"landuse":null,"lanes":null,"layer":null,"leisure":null,"length":null,"level":null,"lit":null,"local_ref":null,"male":null,"man_made":null,"maxheight":null,"maxheight:signed":null,"maxspeed":null,"maxweight:signed":null,"min_height":null,"motor_vehicle":null,"motorcar":null,"museum":null,"music":null,"name":null,"name:ar":null,"name:bg":null,"name:de":null,"name:en":null,"name:es":null,"name:etymology:wikidata":null,"name:fa":null,"name:it":null,"name:ko":null,"name:ru":null,"name:signed":null,"navigationaid":null,"network":null,"nobrand":null,"note":null,"office":null,"official_name":null,"official_name:it":null,"official_name:ru":null,"old_name":null,"oneway":null,"opening_hours":null,"operator":null,"operator:wikidata":null,"operator:wikipedia":null,"parking":null,"passengers":null,"payment:cash":null,"payment:credit_cards":null,"payment:mastercard":null,"payment:visa":null,"phone":null,"psv":null,"public_transport":null,"railway":null,"ref":"H2","ref:mise":null,"religion":null,"roof:colour":null,"roof:height":null,"roof:levels":null,"roof:shape":null,"ruins":null,"runway":null,"self_service":null,"service":null,"shelter_type":null,"shop":null,"short_operator":null,"sidewalk":null,"smoothness":null,"source":null,"source:date":null,"start_date":null,"surface":null,"takeaway":null,"taxi":null,"toilets":null,"toilets:disposal":null,"toilets:wheelchair":null,"tourism":null,"tourist_bus":null,"tower:type":null,"tracktype":null,"train":null,"tunnel":null,"type":null,"website":null,"website_1":null,"wheelchair":null,"width":null,"wikidata":null,"wikimedia_commons":null,"wikipedia":null},"geometry":{"type":"Point","coordinates":[12.2604838,41.797713]}},
{"type":"Feature","properties":{"id":"node/5496838270","@id":"node/5496838270","abandoned":null,"access":null,"addr:city":null,"addr:housenumber":null,"addr:postcode":null,"addr:street":null,"addr:suburb":null,"aerodrome":null,"aerodrome:type":null,"aeroway":"holding_position","air_conditioning":null,"amenity":null,"archaeological_site":null,"baby_feeding":null,"barrier":null,"bicycle":null,"branch":null,"brand":null,"brand:wikidata":null,"brand:wikipedia":null,"bridge":null,"building":null,"building:colour":null,"building:height":null,"building:levels":null,"changing_table":null,"check_date":null,"check_date:opening_hours":null,"city_served":null,"compressed_air":null,"contact:email":null,"contact:phone":null,"contact:website":null,"content":null,"covered":null,"created_by":null,"cuisine":null,"cutting":null,"denomination":null,"description":null,"drinking_water":null,"ele":null,"email":null,"emergency":null,"fee":null,"female":null,"fixme":null,"foot":null,"fuel:diesel":null,"fuel:lpg":null,"fuel:octane_95":null,"healthcare":null,"height":null,"highway":null,"historic":null,"historic:civilization":null,"holding_position:type":"runway","horse":null,"iata":null,"icao":null,"indoor":null,"internet_access":null,"landuse":null,"lanes":null,"layer":null,"leisure":null,"length":null,"level":null,"lit":null,"local_ref":null,"male":null,"man_made":null,"maxheight":null,"maxheight:signed":null,"maxspeed":null,"maxweight:signed":null,"min_height":null,"motor_vehicle":null,"motorcar":null,"museum":null,"music":null,"name":null,"name:ar":null,"name:bg":null,"name:de":null,"name:en":null,"name:es":null,"name:etymology:wikidata":null,"name:fa":null,"name:it":null,"name:ko":null,"name:ru":null,"name:signed":null,"navigationaid":null,"network":null,"nobrand":null,"note":null,"office":null,"official_name":null,"official_name:it":null,"official_name:ru":null,"old_name":null,"oneway":null,"opening_hours":null,"operator":null,"operator:wikidata":null,"operator:wikipedia":null,"parking":null,"passengers":null,"payment:cash":null,"payment:credit_cards":null,"payment:mastercard":null,"payment:visa":null,"phone":null,"psv":null,"public_transport":null,"railway":null,"ref":null,"ref:mise":null,"religion":null,"roof:colour":null,"roof:height":null,"roof:levels":null,"roof:shape":null,"ruins":null,"runway":null,"self_service":null,"service":null,"shelter_type":null,"shop":null,"short_operator":null,"sidewalk":null,"smoothness":null,"source":null,"source:date":null,"start_date":null,"surface":null,"takeaway":null,"taxi":null,"toilets":null,"toilets:disposal":null,"toilets:wheelchair":null,"tourism":null,"tourist_bus":null,"tower:type":null,"tracktype":null,"train":null,"tunnel":null,"type":null,"website":null,"website_1":null,"wheelchair":null,"width":null,"wikidata":null,"wikimedia_commons":null,"wikipedia":null},"geometry":{"type":"Point","coordinates":[12.2474082,41.8025468]}},
{"type":"Feature","properties":{"id":"node/5496911910","@id":"node/5496911910","abandoned":null,"access":null,"addr:city":null,"addr:housenumber":null,"addr:postcode":null,"addr:street":null,"addr:suburb":null,"aerodrome":null,"aerodrome:type":null,"aeroway":"holding_position","air_conditioning":null,"amenity":null,"archaeological_site":null,"baby_feeding":null,"barrier":null,"bicycle":null,"branch":null,"brand":null,"brand:wikidata":null,"brand:wikipedia":null,"bridge":null,"building":null,"building:colour":null,"building:height":null,"building:levels":null,"changing_table":null,"check_date":null,"check_date:opening_hours":null,"city_served":null,"compressed_air":null,"contact:email":null,"contact:phone":null,"contact:website":null,"content":null,"covered":null,"created_by":null,"cuisine":null,"cutting":null,"denomination":null,"description":null,"drinking_water":null,"ele":null,"email":null,"emergency":null,"fee":null,"female":null,"fixme":null,"foot":null,"fuel:diesel":null,"fuel:lpg":null,"fuel:octane_95":null,"healthcare":null,"height":null,"highway":null,"historic":null,"historic:civilization":null,"holding_position:type":"runway","horse":null,"iata":null,"icao":null,"indoor":null,"internet_access":null,"landuse":null,"lanes":null,"layer":null,"leisure":null,"length":null,"level":null,"lit":null,"local_ref":null,"male":null,"man_made":null,"maxheight":null,"maxheight:signed":null,"maxspeed":null,"maxweight:signed":null,"min_height":null,"motor_vehicle":null,"motorcar":null,"museum":null,"music":null,"name":null,"name:ar":null,"name:bg":null,"name:de":null,"name:en":null,"name:es":null,"name:etymology:wikidata":null,"name:fa":null,"name:it":null,"name:ko":null,"name:ru":null,"name:signed":null,"navigationaid":null,"network":null,"nobrand":null,"note":null,"office":null,"official_name":null,"official_name:it":null,"official_name:ru":null,"old_name":null,"oneway":null,"opening_hours":null,"operator":null,"operator:wikidata":null,"operator:wikipedia":null,"parking":null,"passengers":null,"payment:cash":null,"payment:credit_cards":null,"payment:mastercard":null,"payment:visa":null,"phone":null,"psv":null,"public_transport":null,"railway":null,"ref":null,"ref:mise":null,"religion":null,"roof:colour":null,"roof:height":null,"roof:levels":null,"roof:shape":null,"ruins":null,"runway":null,"self_service":null,"service":null,"shelter_type":null,"shop":null,"short_operator":null,"sidewalk":null,"smoothness":null,"source":null,"source:date":null,"start_date":null,"surface":null,"takeaway":null,"taxi":null,"toilets":null,"toilets:disposal":null,"toilets:wheelchair":null,"tourism":null,"tourist_bus":null,"tower:type":null,"tracktype":null,"train":null,"tunnel":null,"type":null,"website":null,"website_1":null,"wheelchair":null,"width":null,"wikidata":null,"wikimedia_commons":null,"wikipedia":null},"geometry":{"type":"Point","coordinates":[12.2400008,41.800633]}},
{"type":"Feature","properties":{"id":"node/5496912036","@id":"node/5496912036","abandoned":null,"access":null,"addr:city":null,"addr:housenumber":null,"addr:postcode":null,"addr:street":null,"addr:suburb":null,"aerodrome":null,"aerodrome:type":null,"aeroway":"holding_position","air_conditioning":null,"amenity":null,"archaeological_site":null,"baby_feeding":null,"barrier":null,"bicycle":null,"branch":null,"brand":null,"brand:wikidata":null,"brand:wikipedia":null,"bridge":null,"building":null,"building:colour":null,"building:height":null,"building:levels":null,"changing_table":null,"check_date":null,"check_date:opening_hours":null,"city_served":null,"compressed_air":null,"contact:email":null,"contact:phone":null,"contact:website":null,"content":null,"covered":null,"created_by":null,"cuisine":null,"cutting":null,"denomination":null,"description":null,"drinking_water":null,"ele":null,"email":null,"emergency":null,"fee":null,"female":null,"fixme":null,"foot":null,"fuel:diesel":null,"fuel:lpg":null,"fuel:octane_95":null,"healthcare":null,"height":null,"highway":null,"historic":null,"historic:civilization":null,"holding_position:type":"runway","horse":null,"iata":null,"icao":null,"indoor":null,"internet_access":null,"landuse":null,"lanes":null,"layer":null,"leisure":null,"length":null,"level":null,"lit":null,"local_ref":null,"male":null,"man_made":null,"maxheight":null,"maxheight:signed":null,"maxspeed":null,"maxweight:signed":null,"min_height":null,"motor_vehicle":null,"motorcar":null,"museum":null,"music":null,"name":null,"name:ar":null,"name:bg":null,"name:de":null,"name:en":null,"name:es":null,"name:etymology:wikidata":null,"name:fa":null,"name:it":null,"name:ko":null,"name:ru":null,"name:signed":null,"navigationaid":null,"network":null,"nobrand":null,"note":null,"office":null,"official_name":null,"official_name:it":null,"official_name:ru":null,"old_name":null,"oneway":null,"opening_hours":null,"operator":null,"operator:wikidata":null,"operator:wikipedia":null,"parking":null,"passengers":null,"payment:cash":null,"payment:credit_cards":null,"payment:mastercard":null,"payment:visa":null,"phone":null,"psv":null,"public_transport":null,"railway":null,"ref":null,"ref:mise":null,"religion":null,"roof:colour":null,"roof:height":null,"roof:levels":null,"roof:shape":null,"ruins":null,"runway":null,"self_service":null,"service":null,"shelter_type":null,"shop":null,"short_operator":null,"sidewalk":null,"smoothness":null,"source":null,"source:date":null,"start_date":null,"surface":null,"takeaway":null,"taxi":null,"toilets":null,"toilets:disposal":null,"toilets:wheelchair":null,"tourism":null,"tourist_bus":null,"tower:type":null,"tracktype":null,"train":null,"tunnel":null,"type":null,"website":null,"website_1":null,"wheelchair":null,"width":null,"wikidata":null,"wikimedia_commons":null,"wikipedia":null},"geometry":{"type":"Point","coordinates":[12.2282176,41.8155943]}},
{"type":"Feature","properties":{"id":"node/5496912037","@id":"node/5496912037","abandoned":null,"access":null,"addr:city":null,"addr:housenumber":null,"addr:postcode":null,"addr:street":null,"addr:suburb":null,"aerodrome":null,"aerodrome:type":null,"aeroway":"holding_position","air_conditioning":null,"amenity":null,"archaeological_site":null,"baby_feeding":null,"barrier":null,"bicycle":null,"branch":null,"brand":null,"brand:wikidata":null,"brand:wikipedia":null,"bridge":null,"building":null,"building:colour":null,"building:height":null,"building:levels":null,"changing_table":null,"check_date":null,"check_date:opening_hours":null,"city_served":null,"compressed_air":null,"contact:email":null,"contact:phone":null,"contact:website":null,"content":null,"covered":null,"created_by":null,"cuisine":null,"cutting":null,"denomination":null,"description":null,"drinking_water":null,"ele":null,"email":null,"emergency":null,"fee":null,"female":null,"fixme":null,"foot":null,"fuel:diesel":null,"fuel:lpg":null,"fuel:octane_95":null,"healthcare":null,"height":null,"highway":null,"historic":null,"historic:civilization":null,"holding_position:type":"runway","horse":null,"iata":null,"icao":null,"indoor":null,"internet_access":null,"landuse":null,"lanes":null,"layer":null,"leisure":null,"length":null,"level":null,"lit":null,"local_ref":null,"male":null,"man_made":null,"maxheight":null,"maxheight:signed":null,"maxspeed":null,"maxweight:signed":null,"min_height":null,"motor_vehicle":null,"motorcar":null,"museum":null,"music":null,"name":null,"name:ar":null,"name:bg":null,"name:de":null,"name:en":null,"name:es":null,"name:etymology:wikidata":null,"name:fa":null,"name:it":null,"name:ko":null,"name:ru":null,"name:signed":null,"navigationaid":null,"network":null,"nobrand":null,"note":null,"office":null,"official_name":null,"official_name:it":null,"official_name:ru":null,"old_name":null,"oneway":null,"opening_hours":null,"operator":null,"operator:wikidata":null,"operator:wikipedia":null,"parking":null,"passengers":null,"payment:cash":null,"payment:credit_cards":null,"payment:mastercard":null,"payment:visa":null,"phone":null,"psv":null,"public_transport":null,"railway":null,"ref":null,"ref:mise":null,"religion":null,"roof:colour":null,"roof:height":null,"roof:levels":null,"roof:shape":null,"ruins":null,"runway":null,"self_service":null,"service":null,"shelter_type":null,"shop":null,"short_operator":null,"sidewalk":null,"smoothness":null,"source":null,"source:date":null,"start_date":null,"surface":null,"takeaway":null,"taxi":null,"toilets":null,"toilets:disposal":null,"toilets:wheelchair":null,"tourism":null,"tourist_bus":null,"tower:type":null,"tracktype":null,"train":null,"tunnel":null,"type":null,"website":null,"website_1":null,"wheelchair":null,"width":null,"wikidata":null,"wikimedia_commons":null,"wikipedia":null},"geometry":{"type":"Point","coordinates":[12.2281963,41.8147421]}},
{"type":"Feature","properties":{"id":"node/5496912038","@id":"node/5496912038","abandoned":null,"access":null,"addr:city":null,"addr:housenumber":null,"addr:postcode":null,"addr:street":null,"addr:suburb":null,"aerodrome":null,"aerodrome:type":null,"aeroway":"holding_position","air_conditioning":null,"amenity":null,"archaeological_site":null,"baby_feeding":null,"barrier":null,"bicycle":null,"branch":null,"brand":null,"brand:wikidata":null,"brand:wikipedia":null,"bridge":null,"building":null,"building:colour":null,"building:height":null,"building:levels":null,"changing_table":null,"check_date":null,"check_date:opening_hours":null,"city_served":null,"compressed_air":null,"contact:email":null,"contact:phone":null,"contact:website":null,"content":null,"covered":null,"created_by":null,"cuisine":null,"cutting":null,"denomination":null,"description":null,"drinking_water":null,"ele":null,"email":null,"emergency":null,"fee":null,"female":null,"fixme":null,"foot":null,"fuel:diesel":null,"fuel:lpg":null,"fuel:octane_95":null,"healthcare":null,"height":null,"highway":null,"historic":null,"historic:civilization":null,"holding_position:type":"runway","horse":null,"iata":null,"icao":null,"indoor":null,"internet_access":null,"landuse":null,"lanes":null,"layer":null,"leisure":null,"length":null,"level":null,"lit":null,"local_ref":null,"male":null,"man_made":null,"maxheight":null,"maxheight:signed":null,"maxspeed":null,"maxweight:signed":null,"min_height":null,"motor_vehicle":null,"motorcar":null,"museum":null,"music":null,"name":null,"name:ar":null,"name:bg":null,"name:de":null,"name:en":null,"name:es":null,"name:etymology:wikidata":null,"name:fa":null,"name:it":null,"name:ko":null,"name:ru":null,"name:signed":null,"navigationaid":null,"network":null,"nobrand":null,"note":null,"office":null,"official_name":null,"official_name:it":null,"official_name:ru":null,"old_name":null,"oneway":null,"opening_hours":null,"operator":null,"operator:wikidata":null,"operator:wikipedia":null,"parking":null,"passengers":null,"payment:cash":null,"payment:credit_cards":null,"payment:mastercard":null,"payment:visa":null,"phone":null,"psv":null,"public_transport":null,"railway":null,"ref":null,"ref:mise":null,"religion":null,"roof:colour":null,"roof:height":null,"roof:levels":null,"roof:shape":null,"ruins":null,"runway":null,"self_service":null,"service":null,"shelter_type":null,"shop":null,"short_operator":null,"sidewalk":null,"smoothness":null,"source":null,"source:date":null,"start_date":null,"surface":null,"takeaway":null,"taxi":null,"toilets":null,"toilets:disposal":null,"toilets:wheelchair":null,"tourism":null,"tourist_bus":null,"tower:type":null,"tracktype":null,"train":null,"tunnel":null,"type":null,"website":null,"website_1":null,"wheelchair":null,"width":null,"wikidata":null,"wikimedia_commons":null,"wikipedia":null},"geometry":{"type":"Point","coordinates":[12.2309884,41.8081059]}},
{"type":"Feature","properties":{"id":"node/5496912039","@id":"node/5496912039","abandoned":null,"access":null,"addr:city":null,"addr:housenumber":null,"addr:postcode":null,"addr:street":null,"addr:suburb":null,"aerodrome":null,"aerodrome:type":null,"aeroway":"holding_position","air_conditioning":null,"amenity":null,"archaeological_site":null,"baby_feeding":null,"barrier":null,"bicycle":null,"branch":null,"brand":null,"brand:wikidata":null,"brand:wikipedia":null,"bridge":null,"building":null,"building:colour":null,"building:height":null,"building:levels":null,"changing_table":null,"check_date":null,"check_date:opening_hours":null,"city_served":null,"compressed_air":null,"contact:email":null,"contact:phone":null,"contact:website":null,"content":null,"covered":null,"created_by":null,"cuisine":null,"cutting":null,"denomination":null,"description":null,"drinking_water":null,"ele":null,"email":null,"emergency":null,"fee":null,"female":null,"fixme":null,"foot":null,"fuel:diesel":null,"fuel:lpg":null,"fuel:octane_95":null,"healthcare":null,"height":null,"highway":null,"historic":null,"historic:civilization":null,"holding_position:type":"intermediate","horse":null,"iata":null,"icao":null,"indoor":null,"internet_access":null,"landuse":null,"lanes":null,"layer":null,"leisure":null,"length":null,"level":null,"lit":null,"local_ref":null,"male":null,"man_made":null,"maxheight":null,"maxheight:signed":null,"maxspeed":null,"maxweight:signed":null,"min_height":null,"motor_vehicle":null,"motorcar":null,"museum":null,"music":null,"name":null,"name:ar":null,"name:bg":null,"name:de":null,"name:en":null,"name:es":null,"name:etymology:wikidata":null,"name:fa":null,"name:it":null,"name:ko":null,"name:ru":null,"name:signed":null,"navigationaid":null,"network":null,"nobrand":null,"note":null,"office":null,"official_name":null,"official_name:it":null,"official_name:ru":null,"old_name":null,"oneway":null,"opening_hours":null,"operator":null,"operator:wikidata":null,"operator:wikipedia":null,"parking":null,"passengers":null,"payment:cash":null,"payment:credit_cards":null,"payment:mastercard":null,"payment:visa":null,"phone":null,"psv":null,"public_transport":null,"railway":null,"ref":"A5","ref:mise":null,"religion":null,"roof:colour":null,"roof:height":null,"roof:levels":null,"roof:shape":null,"ruins":null,"runway":null,"self_service":null,"service":null,"shelter_type":null,"shop":null,"short_operator":null,"sidewalk":null,"smoothness":null,"source":null,"source:date":null,"start_date":null,"surface":null,"takeaway":null,"taxi":null,"toilets":null,"toilets:disposal":null,"toilets:wheelchair":null,"tourism":null,"tourist_bus":null,"tower:type":null,"tracktype":null,"train":null,"tunnel":null,"type":null,"website":null,"website_1":null,"wheelchair":null,"width":null,"wikidata":null,"wikimedia_commons":null,"wikipedia":null},"geometry":{"type":"Point","coordinates":[12.2342922,41.8044687]}},
{"type":"Feature","properties":{"id":"node/5496912042","@id":"node/5496912042","abandoned":null,"access":null,"addr:city":null,"addr:housenumber":null,"addr:postcode":null,"addr:street":null,"addr:suburb":null,"aerodrome":null,"aerodrome:type":null,"aeroway":"holding_position","air_conditioning":null,"amenity":null,"archaeological_site":null,"baby_feeding":null,"barrier":null,"bicycle":null,"branch":null,"brand":null,"brand:wikidata":null,"brand:wikipedia":null,"bridge":null,"building":null,"building:colour":null,"building:height":null,"building:levels":null,"changing_table":null,"check_date":null,"check_date:opening_hours":null,"city_served":null,"compressed_air":null,"contact:email":null,"contact:phone":null,"contact:website":null,"content":null,"covered":null,"created_by":null,"cuisine":null,"cutting":null,"denomination":null,"description":null,"drinking_water":null,"ele":null,"email":null,"emergency":null,"fee":null,"female":null,"fixme":null,"foot":null,"fuel:diesel":null,"fuel:lpg":null,"fuel:octane_95":null,"healthcare":null,"height":null,"highway":null,"historic":null,"historic:civilization":null,"holding_position:type":null,"horse":null,"iata":null,"icao":null,"indoor":null,"internet_access":null,"landuse":null,"lanes":null,"layer":null,"leisure":null,"length":null,"level":null,"lit":null,"local_ref":null,"male":null,"man_made":null,"maxheight":null,"maxheight:signed":null,"maxspeed":null,"maxweight:signed":null,"min_height":null,"motor_vehicle":null,"motorcar":null,"museum":null,"music":null,"name":null,"name:ar":null,"name:bg":null,"name:de":null,"name:en":null,"name:es":null,"name:etymology:wikidata":null,"name:fa":null,"name:it":null,"name:ko":null,"name:ru":null,"name:signed":null,"navigationaid":null,"network":null,"nobrand":null,"note":null,"office":null,"official_name":null,"official_name:it":null,"official_name:ru":null,"old_name":null,"oneway":null,"opening_hours":null,"operator":null,"operator:wikidata":null,"operator:wikipedia":null,"parking":null,"passengers":null,"payment:cash":null,"payment:credit_cards":null,"payment:mastercard":null,"payment:visa":null,"phone":null,"psv":null,"public_transport":null,"railway":null,"ref":"A6","ref:mise":null,"religion":null,"roof:colour":null,"roof:height":null,"roof:levels":null,"roof:shape":null,"ruins":null,"runway":null,"self_service":null,"service":null,"shelter_type":null,"shop":null,"short_operator":null,"sidewalk":null,"smoothness":null,"source":null,"source:date":null,"start_date":null,"surface":null,"takeaway":null,"taxi":null,"toilets":null,"toilets:disposal":null,"toilets:wheelchair":null,"tourism":null,"tourist_bus":null,"tower:type":null,"tracktype":null,"train":null,"tunnel":null,"type":null,"website":null,"website_1":null,"wheelchair":null,"width":null,"wikidata":null,"wikimedia_commons":null,"wikipedia":null},"geometry":{"type":"Point","coordinates":[12.2315118,41.811109]}},
{"type":"Feature","properties":{"id":"node/5496912056","@id":"node/5496912056","abandoned":null,"access":null,"addr:city":null,"addr:housenumber":null,"addr:postcode":null,"addr:street":null,"addr:suburb":null,"aerodrome":null,"aerodrome:type":null,"aeroway":"holding_position","air_conditioning":null,"amenity":null,"archaeological_site":null,"baby_feeding":null,"barrier":null,"bicycle":null,"branch":null,"brand":null,"brand:wikidata":null,"brand:wikipedia":null,"bridge":null,"building":null,"building:colour":null,"building:height":null,"building:levels":null,"changing_table":null,"check_date":null,"check_date:opening_hours":null,"city_served":null,"compressed_air":null,"contact:email":null,"contact:phone":null,"contact:website":null,"content":null,"covered":null,"created_by":null,"cuisine":null,"cutting":null,"denomination":null,"description":null,"drinking_water":null,"ele":null,"email":null,"emergency":null,"fee":null,"female":null,"fixme":null,"foot":null,"fuel:diesel":null,"fuel:lpg":null,"fuel:octane_95":null,"healthcare":null,"height":null,"highway":null,"historic":null,"historic:civilization":null,"holding_position:type":"runway","horse":null,"iata":null,"icao":null,"indoor":null,"internet_access":null,"landuse":null,"lanes":null,"layer":null,"leisure":null,"length":null,"level":null,"lit":null,"local_ref":null,"male":null,"man_made":null,"maxheight":null,"maxheight:signed":null,"maxspeed":null,"maxweight:signed":null,"min_height":null,"motor_vehicle":null,"motorcar":null,"museum":null,"music":null,"name":null,"name:ar":null,"name:bg":null,"name:de":null,"name:en":null,"name:es":null,"name:etymology:wikidata":null,"name:fa":null,"name:it":null,"name:ko":null,"name:ru":null,"name:signed":null,"navigationaid":null,"network":null,"nobrand":null,"note":null,"office":null,"official_name":null,"official_name:it":null,"official_name:ru":null,"old_name":null,"oneway":null,"opening_hours":null,"operator":null,"operator:wikidata":null,"operator:wikipedia":null,"parking":null,"passengers":null,"payment:cash":null,"payment:credit_cards":null,"payment:mastercard":null,"payment:visa":null,"phone":null,"psv":null,"public_transport":null,"railway":null,"ref":"A Nord","ref:mise":null,"religion":null,"roof:colour":null,"roof:height":null,"roof:levels":null,"roof:shape":null,"ruins":null,"runway":null,"self_service":null,"service":null,"shelter_type":null,"shop":null,"short_operator":null,"sidewalk":null,"smoothness":null,"source":null,"source:date":null,"start_date":null,"surface":null,"takeaway":null,"taxi":null,"toilets":null,"toilets:disposal":null,"toilets:wheelchair":null,"tourism":null,"tourist_bus":null,"tower:type":null,"tracktype":null,"train":null,"tunnel":null,"type":null,"website":null,"website_1":null,"wheelchair":null,"width":null,"wikidata":null,"wikimedia_commons":null,"wikipedia":null},"geometry":{"type":"Point","coordinates":[12.2356721,41.8011363]}},
{"type":"Feature","properties":{"id":"node/5496912057","@id":"node/5496912057","abandoned":null,"access":null,"addr:city":null,"addr:housenumber":null,"addr:postcode":null,"addr:street":null,"addr:suburb":null,"aerodrome":null,"aerodrome:type":null,"aeroway":"holding_position","air_conditioning":null,"amenity":null,"archaeological_site":null,"baby_feeding":null,"barrier":null,"bicycle":null,"branch":null,"brand":null,"brand:wikidata":null,"brand:wikipedia":null,"bridge":null,"building":null,"building:colour":null,"building:height":null,"building:levels":null,"changing_table":null,"check_date":null,"check_date:opening_hours":null,"city_served":null,"compressed_air":null,"contact:email":null,"contact:phone":null,"contact:website":null,"content":null,"covered":null,"created_by":null,"cuisine":null,"cutting":null,"denomination":null,"description":null,"drinking_water":null,"ele":null,"email":null,"emergency":null,"fee":null,"female":null,"fixme":null,"foot":null,"fuel:diesel":null,"fuel:lpg":null,"fuel:octane_95":null,"healthcare":null,"height":null,"highway":null,"historic":null,"historic:civilization":null,"holding_position:type":"runway","horse":null,"iata":null,"icao":null,"indoor":null,"internet_access":null,"landuse":null,"lanes":null,"layer":null,"leisure":null,"length":null,"level":null,"lit":null,"local_ref":null,"male":null,"man_made":null,"maxheight":null,"maxheight:signed":null,"maxspeed":null,"maxweight:signed":null,"min_height":null,"motor_vehicle":null,"motorcar":null,"museum":null,"music":null,"name":null,"name:ar":null,"name:bg":null,"name:de":null,"name:en":null,"name:es":null,"name:etymology:wikidata":null,"name:fa":null,"name:it":null,"name:ko":null,"name:ru":null,"name:signed":null,"navigationaid":null,"network":null,"nobrand":null,"note":null,"office":null,"official_name":null,"official_name:it":null,"official_name:ru":null,"old_name":null,"oneway":null,"opening_hours":null,"operator":null,"operator:wikidata":null,"operator:wikipedia":null,"parking":null,"passengers":null,"payment:cash":null,"payment:credit_cards":null,"payment:mastercard":null,"payment:visa":null,"phone":null,"psv":null,"public_transport":null,"railway":null,"ref":"A Sud","ref:mise":null,"religion":null,"roof:colour":null,"roof:height":null,"roof:levels":null,"roof:shape":null,"ruins":null,"runway":null,"self_service":null,"service":null,"shelter_type":null,"shop":null,"short_operator":null,"sidewalk":null,"smoothness":null,"source":null,"source:date":null,"start_date":null,"surface":null,"takeaway":null,"taxi":null,"toilets":null,"toilets:disposal":null,"toilets:wheelchair":null,"tourism":null,"tourist_bus":null,"tower:type":null,"tracktype":null,"train":null,"tunnel":null,"type":null,"website":null,"website_1":null,"wheelchair":null,"width":null,"wikidata":null,"wikimedia_commons":null,"wikipedia":null},"geometry":{"type":"Point","coordinates":[12.2363091,41.7996198]}},
{"type":"Feature","properties":{"id":"node/5496912058","@id":"node/5496912058","abandoned":null,"access":null,"addr:city":null,"addr:housenumber":null,"addr:postcode":null,"addr:street":null,"addr:suburb":null,"aerodrome":null,"aerodrome:type":null,"aeroway":"holding_position","air_conditioning":null,"amenity":null,"archaeological_site":null,"baby_feeding":null,"barrier":null,"bicycle":null,"branch":null,"brand":null,"brand:wikidata":null,"brand:wikipedia":null,"bridge":null,"building":null,"building:colour":null,"building:height":null,"building:levels":null,"changing_table":null,"check_date":null,"check_date:opening_hours":null,"city_served":null,"compressed_air":null,"contact:email":null,"contact:phone":null,"contact:website":null,"content":null,"covered":null,"created_by":null,"cuisine":null,"cutting":null,"denomination":null,"description":null,"drinking_water":null,"ele":null,"email":null,"emergency":null,"fee":null,"female":null,"fixme":null,"foot":null,"fuel:diesel":null,"fuel:lpg":null,"fuel:octane_95":null,"healthcare":null,"height":null,"highway":null,"historic":null,"historic:civilization":null,"holding_position:type":null,"horse":null,"iata":null,"icao":null,"indoor":null,"internet_access":null,"landuse":null,"lanes":null,"layer":null,"leisure":null,"length":null,"level":null,"lit":null,"local_ref":null,"male":null,"man_made":null,"maxheight":null,"maxheight:signed":null,"maxspeed":null,"maxweight:signed":null,"min_height":null,"motor_vehicle":null,"motorcar":null,"museum":null,"music":null,"name":null,"name:ar":null,"name:bg":null,"name:de":null,"name:en":null,"name:es":null,"name:etymology:wikidata":null,"name:fa":null,"name:it":null,"name:ko":null,"name:ru":null,"name:signed":null,"navigationaid":null,"network":null,"nobrand":null,"note":null,"office":null,"official_name":null,"official_name:it":null,"official_name:ru":null,"old_name":null,"oneway":null,"opening_hours":null,"operator":null,"operator:wikidata":null,"operator:wikipedia":null,"parking":null,"passengers":null,"payment:cash":null,"payment:credit_cards":null,"payment:mastercard":null,"payment:visa":null,"phone":null,"psv":null,"public_transport":null,"railway":null,"ref":"M1","ref:mise":null,"religion":null,"roof:colour":null,"roof:height":null,"roof:levels":null,"roof:shape":null,"ruins":null,"runway":null,"self_service":null,"service":null,"shelter_type":null,"shop":null,"short_operator":null,"sidewalk":null,"smoothness":null,"source":null,"source:date":null,"start_date":null,"surface":null,"takeaway":null,"taxi":null,"toilets":null,"toilets:disposal":null,"toilets:wheelchair":null,"tourism":null,"tourist_bus":null,"tower:type":null,"tracktype":null,"train":null,"tunnel":null,"type":null,"website":null,"website_1":null,"wheelchair":null,"width":null,"wikidata":null,"wikimedia_commons":null,"wikipedia":null},"geometry":{"type":"Point","coordinates":[12.2382155,41.7968329]}},
{"type":"Feature","properties":{"id":"node/5496912108","@id":"node/5496912108","abandoned":null,"access":null,"addr:city":null,"addr:housenumber":null,"addr:postcode":null,"addr:street":null,"addr:suburb":null,"aerodrome":null,"aerodrome:type":null,"aeroway":"holding_position","air_conditioning":null,"amenity":null,"archaeological_site":null,"baby_feeding":null,"barrier":null,"bicycle":null,"branch":null,"brand":null,"brand:wikidata":null,"brand:wikipedia":null,"bridge":null,"building":null,"building:colour":null,"building:height":null,"building:levels":null,"changing_table":null,"check_date":null,"check_date:opening_hours":null,"city_served":null,"compressed_air":null,"contact:email":null,"contact:phone":null,"contact:website":null,"content":null,"covered":null,"created_by":null,"cuisine":null,"cutting":null,"denomination":null,"description":null,"drinking_water":null,"ele":null,"email":null,"emergency":null,"fee":null,"female":null,"fixme":null,"foot":null,"fuel:diesel":null,"fuel:lpg":null,"fuel:octane_95":null,"healthcare":null,"height":null,"highway":null,"historic":null,"historic:civilization":null,"holding_position:type":"runway","horse":null,"iata":null,"icao":null,"indoor":null,"internet_access":null,"landuse":null,"lanes":null,"layer":null,"leisure":null,"length":null,"level":null,"lit":null,"local_ref":null,"male":null,"man_made":null,"maxheight":null,"maxheight:signed":null,"maxspeed":null,"maxweight:signed":null,"min_height":null,"motor_vehicle":null,"motorcar":null,"museum":null,"music":null,"name":null,"name:ar":null,"name:bg":null,"name:de":null,"name:en":null,"name:es":null,"name:etymology:wikidata":null,"name:fa":null,"name:it":null,"name:ko":null,"name:ru":null,"name:signed":null,"navigationaid":null,"network":null,"nobrand":null,"note":null,"office":null,"official_name":null,"official_name:it":null,"official_name:ru":null,"old_name":null,"oneway":null,"opening_hours":null,"operator":null,"operator:wikidata":null,"operator:wikipedia":null,"parking":null,"passengers":null,"payment:cash":null,"payment:credit_cards":null,"payment:mastercard":null,"payment:visa":null,"phone":null,"psv":null,"public_transport":null,"railway":null,"ref":null,"ref:mise":null,"religion":null,"roof:colour":null,"roof:height":null,"roof:levels":null,"roof:shape":null,"ruins":null,"runway":null,"self_service":null,"service":null,"shelter_type":null,"shop":null,"short_operator":null,"sidewalk":null,"smoothness":null,"source":null,"source:date":null,"start_date":null,"surface":null,"takeaway":null,"taxi":null,"toilets":null,"toilets:disposal":null,"toilets:wheelchair":null,"tourism":null,"tourist_bus":null,"tower:type":null,"tracktype":null,"train":null,"tunnel":null,"type":null,"website":null,"website_1":null,"wheelchair":null,"width":null,"wikidata":null,"wikimedia_commons":null,"wikipedia":null},"geometry":{"type":"Point","coordinates":[12.2419448,41.7819544]}},
{"type":"Feature","properties":{"id":"node/5496912225","@id":"node/5496912225","abandoned":null,"access":null,"addr:city":null,"addr:housenumber":null,"addr:postcode":null,"addr:street":null,"addr:suburb":null,"aerodrome":null,"aerodrome:type":null,"aeroway":"holding_position","air_conditioning":null,"amenity":null,"archaeological_site":null,"baby_feeding":null,"barrier":null,"bicycle":null,"branch":null,"brand":null,"brand:wikidata":null,"brand:wikipedia":null,"bridge":null,"building":null,"building:colour":null,"building:height":null,"building:levels":null,"changing_table":null,"check_date":null,"check_date:opening_hours":null,"city_served":null,"compressed_air":null,"contact:email":null,"contact:phone":null,"contact:website":null,"content":null,"covered":null,"created_by":null,"cuisine":null,"cutting":null,"denomination":null,"description":null,"drinking_water":null,"ele":null,"email":null,"emergency":null,"fee":null,"female":null,"fixme":null,"foot":null,"fuel:diesel":null,"fuel:lpg":null,"fuel:octane_95":null,"healthcare":null,"height":null,"highway":null,"historic":null,"historic:civilization":null,"holding_position:type":"runway","horse":null,"iata":null,"icao":null,"indoor":null,"internet_access":null,"landuse":null,"lanes":null,"layer":null,"leisure":null,"length":null,"level":null,"lit":null,"local_ref":null,"male":null,"man_made":null,"maxheight":null,"maxheight:signed":null,"maxspeed":null,"maxweight:signed":null,"min_height":null,"motor_vehicle":null,"motorcar":null,"museum":null,"music":null,"name":null,"name:ar":null,"name:bg":null,"name:de":null,"name:en":null,"name:es":null,"name:etymology:wikidata":null,"name:fa":null,"name:it":null,"name:ko":null,"name:ru":null,"name:signed":null,"navigationaid":null,"network":null,"nobrand":null,"note":null,"office":null,"official_name":null,"official_name:it":null,"official_name:ru":null,"old_name":null,"oneway":null,"opening_hours":null,"operator":null,"operator:wikidata":null,"operator:wikipedia":null,"parking":null,"passengers":null,"payment:cash":null,"payment:credit_cards":null,"payment:mastercard":null,"payment:visa":null,"phone":null,"psv":null,"public_transport":null,"railway":null,"ref":null,"ref:mise":null,"religion":null,"roof:colour":null,"roof:height":null,"roof:levels":null,"roof:shape":null,"ruins":null,"runway":null,"self_service":null,"service":null,"shelter_type":null,"shop":null,"short_operator":null,"sidewalk":null,"smoothness":null,"source":null,"source:date":null,"start_date":null,"surface":null,"takeaway":null,"taxi":null,"toilets":null,"toilets:disposal":null,"toilets:wheelchair":null,"tourism":null,"tourist_bus":null,"tower:type":null,"tracktype":null,"train":null,"tunnel":null,"type":null,"website":null,"website_1":null,"wheelchair":null,"width":null,"wikidata":null,"wikimedia_commons":null,"wikipedia":null},"geometry":{"type":"Point","coordinates":[12.2415457,41.7829426]}},
{"type":"Feature","properties":{"id":"node/5496912237","@id":"node/5496912237","abandoned":null,"access":null,"addr:city":null,"addr:housenumber":null,"addr:postcode":null,"addr:street":null,"addr:suburb":null,"aerodrome":null,"aerodrome:type":null,"aeroway":"holding_position","air_conditioning":null,"amenity":null,"archaeological_site":null,"baby_feeding":null,"barrier":null,"bicycle":null,"branch":null,"brand":null,"brand:wikidata":null,"brand:wikipedia":null,"bridge":null,"building":null,"building:colour":null,"building:height":null,"building:levels":null,"changing_table":null,"check_date":null,"check_date:opening_hours":null,"city_served":null,"compressed_air":null,"contact:email":null,"contact:phone":null,"contact:website":null,"content":null,"covered":null,"created_by":null,"cuisine":null,"cutting":null,"denomination":null,"description":null,"drinking_water":null,"ele":null,"email":null,"emergency":null,"fee":null,"female":null,"fixme":null,"foot":null,"fuel:diesel":null,"fuel:lpg":null,"fuel:octane_95":null,"healthcare":null,"height":null,"highway":null,"historic":null,"historic:civilization":null,"holding_position:type":"runway","horse":null,"iata":null,"icao":null,"indoor":null,"internet_access":null,"landuse":null,"lanes":null,"layer":null,"leisure":null,"length":null,"level":null,"lit":null,"local_ref":null,"male":null,"man_made":null,"maxheight":null,"maxheight:signed":null,"maxspeed":null,"maxweight:signed":null,"min_height":null,"motor_vehicle":null,"motorcar":null,"museum":null,"music":null,"name":null,"name:ar":null,"name:bg":null,"name:de":null,"name:en":null,"name:es":null,"name:etymology:wikidata":null,"name:fa":null,"name:it":null,"name:ko":null,"name:ru":null,"name:signed":null,"navigationaid":null,"network":null,"nobrand":null,"note":null,"office":null,"official_name":null,"official_name:it":null,"official_name:ru":null,"old_name":null,"oneway":null,"opening_hours":null,"operator":null,"operator:wikidata":null,"operator:wikipedia":null,"parking":null,"passengers":null,"payment:cash":null,"payment:credit_cards":null,"payment:mastercard":null,"payment:visa":null,"phone":null,"psv":null,"public_transport":null,"railway":null,"ref":null,"ref:mise":null,"religion":null,"roof:colour":null,"roof:height":null,"roof:levels":null,"roof:shape":null,"ruins":null,"runway":null,"self_service":null,"service":null,"shelter_type":null,"shop":null,"short_operator":null,"sidewalk":null,"smoothness":null,"source":null,"source:date":null,"start_date":null,"surface":null,"takeaway":null,"taxi":null,"toilets":null,"toilets:disposal":null,"toilets:wheelchair":null,"tourism":null,"tourist_bus":null,"tower:type":null,"tracktype":null,"train":null,"tunnel":null,"type":null,"website":null,"website_1":null,"wheelchair":null,"width":null,"wikidata":null,"wikimedia_commons":null,"wikipedia":null},"geometry":{"type":"Point","coordinates":[12.2388875,41.7899571]}},
{"type":"Feature","properties":{"id":"node/5496912247","@id":"node/5496912247","abandoned":null,"access":null,"addr:city":null,"addr:housenumber":null,"addr:postcode":null,"addr:street":null,"addr:suburb":null,"aerodrome":null,"aerodrome:type":null,"aeroway":"holding_position","air_conditioning":null,"amenity":null,"archaeological_site":null,"baby_feeding":null,"barrier":null,"bicycle":null,"branch":null,"brand":null,"brand:wikidata":null,"brand:wikipedia":null,"bridge":null,"building":null,"building:colour":null,"building:height":null,"building:levels":null,"changing_table":null,"check_date":null,"check_date:opening_hours":null,"city_served":null,"compressed_air":null,"contact:email":null,"contact:phone":null,"contact:website":null,"content":null,"covered":null,"created_by":null,"cuisine":null,"cutting":null,"denomination":null,"description":null,"drinking_water":null,"ele":null,"email":null,"emergency":null,"fee":null,"female":null,"fixme":null,"foot":null,"fuel:diesel":null,"fuel:lpg":null,"fuel:octane_95":null,"healthcare":null,"height":null,"highway":null,"historic":null,"historic:civilization":null,"holding_position:type":"runway","horse":null,"iata":null,"icao":null,"indoor":null,"internet_access":null,"landuse":null,"lanes":null,"layer":null,"leisure":null,"length":null,"level":null,"lit":null,"local_ref":null,"male":null,"man_made":null,"maxheight":null,"maxheight:signed":null,"maxspeed":null,"maxweight:signed":null,"min_height":null,"motor_vehicle":null,"motorcar":null,"museum":null,"music":null,"name":null,"name:ar":null,"name:bg":null,"name:de":null,"name:en":null,"name:es":null,"name:etymology:wikidata":null,"name:fa":null,"name:it":null,"name:ko":null,"name:ru":null,"name:signed":null,"navigationaid":null,"network":null,"nobrand":null,"note":null,"office":null,"official_name":null,"official_name:it":null,"official_name:ru":null,"old_name":null,"oneway":null,"opening_hours":null,"operator":null,"operator:wikidata":null,"operator:wikipedia":null,"parking":null,"passengers":null,"payment:cash":null,"payment:credit_cards":null,"payment:mastercard":null,"payment:visa":null,"phone":null,"psv":null,"public_transport":null,"railway":null,"ref":null,"ref:mise":null,"religion":null,"roof:colour":null,"roof:height":null,"roof:levels":null,"roof:shape":null,"ruins":null,"runway":null,"self_service":null,"service":null,"shelter_type":null,"shop":null,"short_operator":null,"sidewalk":null,"smoothness":null,"source":null,"source:date":null,"start_date":null,"surface":null,"takeaway":null,"taxi":null,"toilets":null,"toilets:disposal":null,"toilets:wheelchair":null,"tourism":null,"tourist_bus":null,"tower:type":null,"tracktype":null,"train":null,"tunnel":null,"type":null,"website":null,"website_1":null,"wheelchair":null,"width":null,"wikidata":null,"wikimedia_commons":null,"wikipedia":null},"geometry":{"type":"Point","coordinates":[12.2353758,41.7972231]}},
{"type":"Feature","properties":{"id":"node/5496912251","@id":"node/5496912251","abandoned":null,"access":null,"addr:city":null,"addr:housenumber":null,"addr:postcode":null,"addr:street":null,"addr:suburb":null,"aerodrome":null,"aerodrome:type":null,"aeroway":"holding_position","air_conditioning":null,"amenity":null,"archaeological_site":null,"baby_feeding":null,"barrier":null,"bicycle":null,"branch":null,"brand":null,"brand:wikidata":null,"brand:wikipedia":null,"bridge":null,"building":null,"building:colour":null,"building:height":null,"building:levels":null,"changing_table":null,"check_date":null,"check_date:opening_hours":null,"city_served":null,"compressed_air":null,"contact:email":null,"contact:phone":null,"contact:website":null,"content":null,"covered":null,"created_by":null,"cuisine":null,"cutting":null,"denomination":null,"description":null,"drinking_water":null,"ele":null,"email":null,"emergency":null,"fee":null,"female":null,"fixme":null,"foot":null,"fuel:diesel":null,"fuel:lpg":null,"fuel:octane_95":null,"healthcare":null,"height":null,"highway":null,"historic":null,"historic:civilization":null,"holding_position:type":"runway","horse":null,"iata":null,"icao":null,"indoor":null,"internet_access":null,"landuse":null,"lanes":null,"layer":null,"leisure":null,"length":null,"level":null,"lit":null,"local_ref":null,"male":null,"man_made":null,"maxheight":null,"maxheight:signed":null,"maxspeed":null,"maxweight:signed":null,"min_height":null,"motor_vehicle":null,"motorcar":null,"museum":null,"music":null,"name":null,"name:ar":null,"name:bg":null,"name:de":null,"name:en":null,"name:es":null,"name:etymology:wikidata":null,"name:fa":null,"name:it":null,"name:ko":null,"name:ru":null,"name:signed":null,"navigationaid":null,"network":null,"nobrand":null,"note":null,"office":null,"official_name":null,"official_name:it":null,"official_name:ru":null,"old_name":null,"oneway":null,"opening_hours":null,"operator":null,"operator:wikidata":null,"operator:wikipedia":null,"parking":null,"passengers":null,"payment:cash":null,"payment:credit_cards":null,"payment:mastercard":null,"payment:visa":null,"phone":null,"psv":null,"public_transport":null,"railway":null,"ref":null,"ref:mise":null,"religion":null,"roof:colour":null,"roof:height":null,"roof:levels":null,"roof:shape":null,"ruins":null,"runway":null,"self_service":null,"service":null,"shelter_type":null,"shop":null,"short_operator":null,"sidewalk":null,"smoothness":null,"source":null,"source:date":null,"start_date":null,"surface":null,"takeaway":null,"taxi":null,"toilets":null,"toilets:disposal":null,"toilets:wheelchair":null,"tourism":null,"tourist_bus":null,"tower:type":null,"tracktype":null,"train":null,"tunnel":null,"type":null,"website":null,"website_1":null,"wheelchair":null,"width":null,"wikidata":null,"wikimedia_commons":null,"wikipedia":null},"geometry":{"type":"Point","coordinates":[12.23532,41.797791]}},
{"type":"Feature","properties":{"id":"node/5496912274","@id":"node/5496912274","abandoned":null,"access":null,"addr:city":null,"addr:housenumber":null,"addr:postcode":null,"addr:street":null,"addr:suburb":null,"aerodrome":null,"aerodrome:type":null,"aeroway":"holding_position","air_conditioning":null,"amenity":null,"archaeological_site":null,"baby_feeding":null,"barrier":null,"bicycle":null,"branch":null,"brand":null,"brand:wikidata":null,"brand:wikipedia":null,"bridge":null,"building":null,"building:colour":null,"building:height":null,"building:levels":null,"changing_table":null,"check_date":null,"check_date:opening_hours":null,"city_served":null,"compressed_air":null,"contact:email":null,"contact:phone":null,"contact:website":null,"content":null,"covered":null,"created_by":null,"cuisine":null,"cutting":null,"denomination":null,"description":null,"drinking_water":null,"ele":null,"email":null,"emergency":null,"fee":null,"female":null,"fixme":null,"foot":null,"fuel:diesel":null,"fuel:lpg":null,"fuel:octane_95":null,"healthcare":null,"height":null,"highway":null,"historic":null,"historic:civilization":null,"holding_position:type":"runway","horse":null,"iata":null,"icao":null,"indoor":null,"internet_access":null,"landuse":null,"lanes":null,"layer":null,"leisure":null,"length":null,"level":null,"lit":null,"local_ref":null,"male":null,"man_made":null,"maxheight":null,"maxheight:signed":null,"maxspeed":null,"maxweight:signed":null,"min_height":null,"motor_vehicle":null,"motorcar":null,"museum":null,"music":null,"name":null,"name:ar":null,"name:bg":null,"name:de":null,"name:en":null,"name:es":null,"name:etymology:wikidata":null,"name:fa":null,"name:it":null,"name:ko":null,"name:ru":null,"name:signed":null,"navigationaid":null,"network":null,"nobrand":null,"note":null,"office":null,"official_name":null,"official_name:it":null,"official_name:ru":null,"old_name":null,"oneway":null,"opening_hours":null,"operator":null,"operator:wikidata":null,"operator:wikipedia":null,"parking":null,"passengers":null,"payment:cash":null,"payment:credit_cards":null,"payment:mastercard":null,"payment:visa":null,"phone":null,"psv":null,"public_transport":null,"railway":null,"ref":null,"ref:mise":null,"religion":null,"roof:colour":null,"roof:height":null,"roof:levels":null,"roof:shape":null,"ruins":null,"runway":null,"self_service":null,"service":null,"shelter_type":null,"shop":null,"short_operator":null,"sidewalk":null,"smoothness":null,"source":null,"source:date":null,"start_date":null,"surface":null,"takeaway":null,"taxi":null,"toilets":null,"toilets:disposal":null,"toilets:wheelchair":null,"tourism":null,"tourist_bus":null,"tower:type":null,"tracktype":null,"train":null,"tunnel":null,"type":null,"website":null,"website_1":null,"wheelchair":null,"width":null,"wikidata":null,"wikimedia_commons":null,"wikipedia":null},"geometry":{"type":"Point","coordinates":[12.237355,41.7937153]}},
{"type":"Feature","properties":{"id":"node/5496975514","@id":"node/5496975514","abandoned":null,"access":null,"addr:city":null,"addr:housenumber":null,"addr:postcode":null,"addr:street":null,"addr:suburb":null,"aerodrome":null,"aerodrome:type":null,"aeroway":"holding_position","air_conditioning":null,"amenity":null,"archaeological_site":null,"baby_feeding":null,"barrier":null,"bicycle":null,"branch":null,"brand":null,"brand:wikidata":null,"brand:wikipedia":null,"bridge":null,"building":null,"building:colour":null,"building:height":null,"building:levels":null,"changing_table":null,"check_date":null,"check_date:opening_hours":null,"city_served":null,"compressed_air":null,"contact:email":null,"contact:phone":null,"contact:website":null,"content":null,"covered":null,"created_by":null,"cuisine":null,"cutting":null,"denomination":null,"description":null,"drinking_water":null,"ele":null,"email":null,"emergency":null,"fee":null,"female":null,"fixme":null,"foot":null,"fuel:diesel":null,"fuel:lpg":null,"fuel:octane_95":null,"healthcare":null,"height":null,"highway":null,"historic":null,"historic:civilization":null,"holding_position:type":null,"horse":null,"iata":null,"icao":null,"indoor":null,"internet_access":null,"landuse":null,"lanes":null,"layer":null,"leisure":null,"length":null,"level":null,"lit":null,"local_ref":null,"male":null,"man_made":null,"maxheight":null,"maxheight:signed":null,"maxspeed":null,"maxweight:signed":null,"min_height":null,"motor_vehicle":null,"motorcar":null,"museum":null,"music":null,"name":null,"name:ar":null,"name:bg":null,"name:de":null,"name:en":null,"name:es":null,"name:etymology:wikidata":null,"name:fa":null,"name:it":null,"name:ko":null,"name:ru":null,"name:signed":null,"navigationaid":null,"network":null,"nobrand":null,"note":null,"office":null,"official_name":null,"official_name:it":null,"official_name:ru":null,"old_name":null,"oneway":null,"opening_hours":null,"operator":null,"operator:wikidata":null,"operator:wikipedia":null,"parking":null,"passengers":null,"payment:cash":null,"payment:credit_cards":null,"payment:mastercard":null,"payment:visa":null,"phone":null,"psv":null,"public_transport":null,"railway":null,"ref":"Y1","ref:mise":null,"religion":null,"roof:colour":null,"roof:height":null,"roof:levels":null,"roof:shape":null,"ruins":null,"runway":null,"self_service":null,"service":null,"shelter_type":null,"shop":null,"short_operator":null,"sidewalk":null,"smoothness":null,"source":null,"source:date":null,"start_date":null,"surface":null,"takeaway":null,"taxi":null,"toilets":null,"toilets:disposal":null,"toilets:wheelchair":null,"tourism":null,"tourist_bus":null,"tower:type":null,"tracktype":null,"train":null,"tunnel":null,"type":null,"website":null,"website_1":null,"wheelchair":null,"width":null,"wikidata":null,"wikimedia_commons":null,"wikipedia":null},"geometry":{"type":"Point","coordinates":[12.2413372,41.7893603]}},
{"type":"Feature","properties":{"id":"node/5496978238","@id":"node/5496978238","abandoned":null,"access":null,"addr:city":null,"addr:housenumber":null,"addr:postcode":null,"addr:street":null,"addr:suburb":null,"aerodrome":null,"aerodrome:type":null,"aeroway":"holding_position","air_conditioning":null,"amenity":null,"archaeological_site":null,"baby_feeding":null,"barrier":null,"bicycle":null,"branch":null,"brand":null,"brand:wikidata":null,"brand:wikipedia":null,"bridge":null,"building":null,"building:colour":null,"building:height":null,"building:levels":null,"changing_table":null,"check_date":null,"check_date:opening_hours":null,"city_served":null,"compressed_air":null,"contact:email":null,"contact:phone":null,"contact:website":null,"content":null,"covered":null,"created_by":null,"cuisine":null,"cutting":null,"denomination":null,"description":null,"drinking_water":null,"ele":null,"email":null,"emergency":null,"fee":null,"female":null,"fixme":null,"foot":null,"fuel:diesel":null,"fuel:lpg":null,"fuel:octane_95":null,"healthcare":null,"height":null,"highway":null,"historic":null,"historic:civilization":null,"holding_position:type":null,"horse":null,"iata":null,"icao":null,"indoor":null,"internet_access":null,"landuse":null,"lanes":null,"layer":null,"leisure":null,"length":null,"level":null,"lit":null,"local_ref":null,"male":null,"man_made":null,"maxheight":null,"maxheight:signed":null,"maxspeed":null,"maxweight:signed":null,"min_height":null,"motor_vehicle":null,"motorcar":null,"museum":null,"music":null,"name":null,"name:ar":null,"name:bg":null,"name:de":null,"name:en":null,"name:es":null,"name:etymology:wikidata":null,"name:fa":null,"name:it":null,"name:ko":null,"name:ru":null,"name:signed":null,"navigationaid":null,"network":null,"nobrand":null,"note":null,"office":null,"official_name":null,"official_name:it":null,"official_name:ru":null,"old_name":null,"oneway":null,"opening_hours":null,"operator":null,"operator:wikidata":null,"operator:wikipedia":null,"parking":null,"passengers":null,"payment:cash":null,"payment:credit_cards":null,"payment:mastercard":null,"payment:visa":null,"phone":null,"psv":null,"public_transport":null,"railway":null,"ref":"W1","ref:mise":null,"religion":null,"roof:colour":null,"roof:height":null,"roof:levels":null,"roof:shape":null,"ruins":null,"runway":null,"self_service":null,"service":null,"shelter_type":null,"shop":null,"short_operator":null,"sidewalk":null,"smoothness":null,"source":null,"source:date":null,"start_date":null,"surface":null,"takeaway":null,"taxi":null,"toilets":null,"toilets:disposal":null,"toilets:wheelchair":null,"tourism":null,"tourist_bus":null,"tower:type":null,"tracktype":null,"train":null,"tunnel":null,"type":null,"website":null,"website_1":null,"wheelchair":null,"width":null,"wikidata":null,"wikimedia_commons":null,"wikipedia":null},"geometry":{"type":"Point","coordinates":[12.2399889,41.7925821]}},
{"type":"Feature","properties":{"id":"node/5496978263","@id":"node/5496978263","abandoned":null,"access":null,"addr:city":null,"addr:housenumber":null,"addr:postcode":null,"addr:street":null,"addr:suburb":null,"aerodrome":null,"aerodrome:type":null,"aeroway":"holding_position","air_conditioning":null,"amenity":null,"archaeological_site":null,"baby_feeding":null,"barrier":null,"bicycle":null,"branch":null,"brand":null,"brand:wikidata":null,"brand:wikipedia":null,"bridge":null,"building":null,"building:colour":null,"building:height":null,"building:levels":null,"changing_table":null,"check_date":null,"check_date:opening_hours":null,"city_served":null,"compressed_air":null,"contact:email":null,"contact:phone":null,"contact:website":null,"content":null,"covered":null,"created_by":null,"cuisine":null,"cutting":null,"denomination":null,"description":null,"drinking_water":null,"ele":null,"email":null,"emergency":null,"fee":null,"female":null,"fixme":null,"foot":null,"fuel:diesel":null,"fuel:lpg":null,"fuel:octane_95":null,"healthcare":null,"height":null,"highway":null,"historic":null,"historic:civilization":null,"holding_position:type":null,"horse":null,"iata":null,"icao":null,"indoor":null,"internet_access":null,"landuse":null,"lanes":null,"layer":null,"leisure":null,"length":null,"level":null,"lit":null,"local_ref":null,"male":null,"man_made":null,"maxheight":null,"maxheight:signed":null,"maxspeed":null,"maxweight:signed":null,"min_height":null,"motor_vehicle":null,"motorcar":null,"museum":null,"music":null,"name":null,"name:ar":null,"name:bg":null,"name:de":null,"name:en":null,"name:es":null,"name:etymology:wikidata":null,"name:fa":null,"name:it":null,"name:ko":null,"name:ru":null,"name:signed":null,"navigationaid":null,"network":null,"nobrand":null,"note":null,"office":null,"official_name":null,"official_name:it":null,"official_name:ru":null,"old_name":null,"oneway":null,"opening_hours":null,"operator":null,"operator:wikidata":null,"operator:wikipedia":null,"parking":null,"passengers":null,"payment:cash":null,"payment:credit_cards":null,"payment:mastercard":null,"payment:visa":null,"phone":null,"psv":null,"public_transport":null,"railway":null,"ref":"V1","ref:mise":null,"religion":null,"roof:colour":null,"roof:height":null,"roof:levels":null,"roof:shape":null,"ruins":null,"runway":null,"self_service":null,"service":null,"shelter_type":null,"shop":null,"short_operator":null,"sidewalk":null,"smoothness":null,"source":null,"source:date":null,"start_date":null,"surface":null,"takeaway":null,"taxi":null,"toilets":null,"toilets:disposal":null,"toilets:wheelchair":null,"tourism":null,"tourist_bus":null,"tower:type":null,"tracktype":null,"train":null,"tunnel":null,"type":null,"website":null,"website_1":null,"wheelchair":null,"width":null,"wikidata":null,"wikimedia_commons":null,"wikipedia":null},"geometry":{"type":"Point","coordinates":[12.2396642,41.7933184]}},
{"type":"Feature","properties":{"id":"node/5496978264","@id":"node/5496978264","abandoned":null,"access":null,"addr:city":null,"addr:housenumber":null,"addr:postcode":null,"addr:street":null,"addr:suburb":null,"aerodrome":null,"aerodrome:type":null,"aeroway":"holding_position","air_conditioning":null,"amenity":null,"archaeological_site":null,"baby_feeding":null,"barrier":null,"bicycle":null,"branch":null,"brand":null,"brand:wikidata":null,"brand:wikipedia":null,"bridge":null,"building":null,"building:colour":null,"building:height":null,"building:levels":null,"changing_table":null,"check_date":null,"check_date:opening_hours":null,"city_served":null,"compressed_air":null,"contact:email":null,"contact:phone":null,"contact:website":null,"content":null,"covered":null,"created_by":null,"cuisine":null,"cutting":null,"denomination":null,"description":null,"drinking_water":null,"ele":null,"email":null,"emergency":null,"fee":null,"female":null,"fixme":null,"foot":null,"fuel:diesel":null,"fuel:lpg":null,"fuel:octane_95":null,"healthcare":null,"height":null,"highway":null,"historic":null,"historic:civilization":null,"holding_position:type":null,"horse":null,"iata":null,"icao":null,"indoor":null,"internet_access":null,"landuse":null,"lanes":null,"layer":null,"leisure":null,"length":null,"level":null,"lit":null,"local_ref":null,"male":null,"man_made":null,"maxheight":null,"maxheight:signed":null,"maxspeed":null,"maxweight:signed":null,"min_height":null,"motor_vehicle":null,"motorcar":null,"museum":null,"music":null,"name":null,"name:ar":null,"name:bg":null,"name:de":null,"name:en":null,"name:es":null,"name:etymology:wikidata":null,"name:fa":null,"name:it":null,"name:ko":null,"name:ru":null,"name:signed":null,"navigationaid":null,"network":null,"nobrand":null,"note":null,"office":null,"official_name":null,"official_name:it":null,"official_name:ru":null,"old_name":null,"oneway":null,"opening_hours":null,"operator":null,"operator:wikidata":null,"operator:wikipedia":null,"parking":null,"passengers":null,"payment:cash":null,"payment:credit_cards":null,"payment:mastercard":null,"payment:visa":null,"phone":null,"psv":null,"public_transport":null,"railway":null,"ref":"A3","ref:mise":null,"religion":null,"roof:colour":null,"roof:height":null,"roof:levels":null,"roof:shape":null,"ruins":null,"runway":null,"self_service":null,"service":null,"shelter_type":null,"shop":null,"short_operator":null,"sidewalk":null,"smoothness":null,"source":null,"source:date":null,"start_date":null,"surface":null,"takeaway":null,"taxi":null,"toilets":null,"toilets:disposal":null,"toilets:wheelchair":null,"tourism":null,"tourist_bus":null,"tower:type":null,"tracktype":null,"train":null,"tunnel":null,"type":null,"website":null,"website_1":null,"wheelchair":null,"width":null,"wikidata":null,"wikimedia_commons":null,"wikipedia":null},"geometry":{"type":"Point","coordinates":[12.2383022,41.7948864]}},
{"type":"Feature","properties":{"id":"node/5496978265","@id":"node/5496978265","abandoned":null,"access":null,"addr:city":null,"addr:housenumber":null,"addr:postcode":null,"addr:street":null,"addr:suburb":null,"aerodrome":null,"aerodrome:type":null,"aeroway":"holding_position","air_conditioning":null,"amenity":null,"archaeological_site":null,"baby_feeding":null,"barrier":null,"bicycle":null,"branch":null,"brand":null,"brand:wikidata":null,"brand:wikipedia":null,"bridge":null,"building":null,"building:colour":null,"building:height":null,"building:levels":null,"changing_table":null,"check_date":null,"check_date:opening_hours":null,"city_served":null,"compressed_air":null,"contact:email":null,"contact:phone":null,"contact:website":null,"content":null,"covered":null,"created_by":null,"cuisine":null,"cutting":null,"denomination":null,"description":null,"drinking_water":null,"ele":null,"email":null,"emergency":null,"fee":null,"female":null,"fixme":null,"foot":null,"fuel:diesel":null,"fuel:lpg":null,"fuel:octane_95":null,"healthcare":null,"height":null,"highway":null,"historic":null,"historic:civilization":null,"holding_position:type":null,"horse":null,"iata":null,"icao":null,"indoor":null,"internet_access":null,"landuse":null,"lanes":null,"layer":null,"leisure":null,"length":null,"level":null,"lit":null,"local_ref":null,"male":null,"man_made":null,"maxheight":null,"maxheight:signed":null,"maxspeed":null,"maxweight:signed":null,"min_height":null,"motor_vehicle":null,"motorcar":null,"museum":null,"music":null,"name":null,"name:ar":null,"name:bg":null,"name:de":null,"name:en":null,"name:es":null,"name:etymology:wikidata":null,"name:fa":null,"name:it":null,"name:ko":null,"name:ru":null,"name:signed":null,"navigationaid":null,"network":null,"nobrand":null,"note":null,"office":null,"official_name":null,"official_name:it":null,"official_name:ru":null,"old_name":null,"oneway":null,"opening_hours":null,"operator":null,"operator:wikidata":null,"operator:wikipedia":null,"parking":null,"passengers":null,"payment:cash":null,"payment:credit_cards":null,"payment:mastercard":null,"payment:visa":null,"phone":null,"psv":null,"public_transport":null,"railway":null,"ref":"A4","ref:mise":null,"religion":null,"roof:colour":null,"roof:height":null,"roof:levels":null,"roof:shape":null,"ruins":null,"runway":null,"self_service":null,"service":null,"shelter_type":null,"shop":null,"short_operator":null,"sidewalk":null,"smoothness":null,"source":null,"source:date":null,"start_date":null,"surface":null,"takeaway":null,"taxi":null,"toilets":null,"toilets:disposal":null,"toilets:wheelchair":null,"tourism":null,"tourist_bus":null,"tower:type":null,"tracktype":null,"train":null,"tunnel":null,"type":null,"website":null,"website_1":null,"wheelchair":null,"width":null,"wikidata":null,"wikimedia_commons":null,"wikipedia":null},"geometry":{"type":"Point","coordinates":[12.2371672,41.797583]}},
{"type":"Feature","properties":{"id":"node/5496978448","@id":"node/5496978448","abandoned":null,"access":null,"addr:city":null,"addr:housenumber":null,"addr:postcode":null,"addr:street":null,"addr:suburb":null,"aerodrome":null,"aerodrome:type":null,"aeroway":"holding_position","air_conditioning":null,"amenity":null,"archaeological_site":null,"baby_feeding":null,"barrier":null,"bicycle":null,"branch":null,"brand":null,"brand:wikidata":null,"brand:wikipedia":null,"bridge":null,"building":null,"building:colour":null,"building:height":null,"building:levels":null,"changing_table":null,"check_date":null,"check_date:opening_hours":null,"city_served":null,"compressed_air":null,"contact:email":null,"contact:phone":null,"contact:website":null,"content":null,"covered":null,"created_by":null,"cuisine":null,"cutting":null,"denomination":null,"description":null,"drinking_water":null,"ele":null,"email":null,"emergency":null,"fee":null,"female":null,"fixme":null,"foot":null,"fuel:diesel":null,"fuel:lpg":null,"fuel:octane_95":null,"healthcare":null,"height":null,"highway":null,"historic":null,"historic:civilization":null,"holding_position:type":"intermediate","horse":null,"iata":null,"icao":null,"indoor":null,"internet_access":null,"landuse":null,"lanes":null,"layer":null,"leisure":null,"length":null,"level":null,"lit":null,"local_ref":null,"male":null,"man_made":null,"maxheight":null,"maxheight:signed":null,"maxspeed":null,"maxweight:signed":null,"min_height":null,"motor_vehicle":null,"motorcar":null,"museum":null,"music":null,"name":null,"name:ar":null,"name:bg":null,"name:de":null,"name:en":null,"name:es":null,"name:etymology:wikidata":null,"name:fa":null,"name:it":null,"name:ko":null,"name:ru":null,"name:signed":null,"navigationaid":null,"network":null,"nobrand":null,"note":null,"office":null,"official_name":null,"official_name:it":null,"official_name:ru":null,"old_name":null,"oneway":null,"opening_hours":null,"operator":null,"operator:wikidata":null,"operator:wikipedia":null,"parking":null,"passengers":null,"payment:cash":null,"payment:credit_cards":null,"payment:mastercard":null,"payment:visa":null,"phone":null,"psv":null,"public_transport":null,"railway":null,"ref":"A2","ref:mise":null,"religion":null,"roof:colour":null,"roof:height":null,"roof:levels":null,"roof:shape":null,"ruins":null,"runway":null,"self_service":null,"service":null,"shelter_type":null,"shop":null,"short_operator":null,"sidewalk":null,"smoothness":null,"source":null,"source:date":null,"start_date":null,"surface":null,"takeaway":null,"taxi":null,"toilets":null,"toilets:disposal":null,"toilets:wheelchair":null,"tourism":null,"tourist_bus":null,"tower:type":null,"tracktype":null,"train":null,"tunnel":null,"type":null,"website":null,"website_1":null,"wheelchair":null,"width":null,"wikidata":null,"wikimedia_commons":null,"wikipedia":null},"geometry":{"type":"Point","coordinates":[12.2400026,41.7908157]}},
{"type":"Feature","properties":{"id":"node/5496978450","@id":"node/5496978450","abandoned":null,"access":null,"addr:city":null,"addr:housenumber":null,"addr:postcode":null,"addr:street":null,"addr:suburb":null,"aerodrome":null,"aerodrome:type":null,"aeroway":"holding_position","air_conditioning":null,"amenity":null,"archaeological_site":null,"baby_feeding":null,"barrier":null,"bicycle":null,"branch":null,"brand":null,"brand:wikidata":null,"brand:wikipedia":null,"bridge":null,"building":null,"building:colour":null,"building:height":null,"building:levels":null,"changing_table":null,"check_date":null,"check_date:opening_hours":null,"city_served":null,"compressed_air":null,"contact:email":null,"contact:phone":null,"contact:website":null,"content":null,"covered":null,"created_by":null,"cuisine":null,"cutting":null,"denomination":null,"description":null,"drinking_water":null,"ele":null,"email":null,"emergency":null,"fee":null,"female":null,"fixme":null,"foot":null,"fuel:diesel":null,"fuel:lpg":null,"fuel:octane_95":null,"healthcare":null,"height":null,"highway":null,"historic":null,"historic:civilization":null,"holding_position:type":null,"horse":null,"iata":null,"icao":null,"indoor":null,"internet_access":null,"landuse":null,"lanes":null,"layer":null,"leisure":null,"length":null,"level":null,"lit":null,"local_ref":null,"male":null,"man_made":null,"maxheight":null,"maxheight:signed":null,"maxspeed":null,"maxweight:signed":null,"min_height":null,"motor_vehicle":null,"motorcar":null,"museum":null,"music":null,"name":null,"name:ar":null,"name:bg":null,"name:de":null,"name:en":null,"name:es":null,"name:etymology:wikidata":null,"name:fa":null,"name:it":null,"name:ko":null,"name:ru":null,"name:signed":null,"navigationaid":null,"network":null,"nobrand":null,"note":null,"office":null,"official_name":null,"official_name:it":null,"official_name:ru":null,"old_name":null,"oneway":null,"opening_hours":null,"operator":null,"operator:wikidata":null,"operator:wikipedia":null,"parking":null,"passengers":null,"payment:cash":null,"payment:credit_cards":null,"payment:mastercard":null,"payment:visa":null,"phone":null,"psv":null,"public_transport":null,"railway":null,"ref":"H1","ref:mise":null,"religion":null,"roof:colour":null,"roof:height":null,"roof:levels":null,"roof:shape":null,"ruins":null,"runway":null,"self_service":null,"service":null,"shelter_type":null,"shop":null,"short_operator":null,"sidewalk":null,"smoothness":null,"source":null,"source:date":null,"start_date":null,"surface":null,"takeaway":null,"taxi":null,"toilets":null,"toilets:disposal":null,"toilets:wheelchair":null,"tourism":null,"tourist_bus":null,"tower:type":null,"tracktype":null,"train":null,"tunnel":null,"type":null,"website":null,"website_1":null,"wheelchair":null,"width":null,"wikidata":null,"wikimedia_commons":null,"wikipedia":null},"geometry":{"type":"Point","coordinates":[12.2387783,41.7987513]}},
{"type":"Feature","properties":{"id":"node/5496978451","@id":"node/5496978451","abandoned":null,"access":null,"addr:city":null,"addr:housenumber":null,"addr:postcode":null,"addr:street":null,"addr:suburb":null,"aerodrome":null,"aerodrome:type":null,"aeroway":"holding_position","air_conditioning":null,"amenity":null,"archaeological_site":null,"baby_feeding":null,"barrier":null,"bicycle":null,"branch":null,"brand":null,"brand:wikidata":null,"brand:wikipedia":null,"bridge":null,"building":null,"building:colour":null,"building:height":null,"building:levels":null,"changing_table":null,"check_date":null,"check_date:opening_hours":null,"city_served":null,"compressed_air":null,"contact:email":null,"contact:phone":null,"contact:website":null,"content":null,"covered":null,"created_by":null,"cuisine":null,"cutting":null,"denomination":null,"description":null,"drinking_water":null,"ele":null,"email":null,"emergency":null,"fee":null,"female":null,"fixme":null,"foot":null,"fuel:diesel":null,"fuel:lpg":null,"fuel:octane_95":null,"healthcare":null,"height":null,"highway":null,"historic":null,"historic:civilization":null,"holding_position:type":null,"horse":null,"iata":null,"icao":null,"indoor":null,"internet_access":null,"landuse":null,"lanes":null,"layer":null,"leisure":null,"length":null,"level":null,"lit":null,"local_ref":null,"male":null,"man_made":null,"maxheight":null,"maxheight:signed":null,"maxspeed":null,"maxweight:signed":null,"min_height":null,"motor_vehicle":null,"motorcar":null,"museum":null,"music":null,"name":null,"name:ar":null,"name:bg":null,"name:de":null,"name:en":null,"name:es":null,"name:etymology:wikidata":null,"name:fa":null,"name:it":null,"name:ko":null,"name:ru":null,"name:signed":null,"navigationaid":null,"network":null,"nobrand":null,"note":null,"office":null,"official_name":null,"official_name:it":null,"official_name:ru":null,"old_name":null,"oneway":null,"opening_hours":null,"operator":null,"operator:wikidata":null,"operator:wikipedia":null,"parking":null,"passengers":null,"payment:cash":null,"payment:credit_cards":null,"payment:mastercard":null,"payment:visa":null,"phone":null,"psv":null,"public_transport":null,"railway":null,"ref":"T1","ref:mise":null,"religion":null,"roof:colour":null,"roof:height":null,"roof:levels":null,"roof:shape":null,"ruins":null,"runway":null,"self_service":null,"service":null,"shelter_type":null,"shop":null,"short_operator":null,"sidewalk":null,"smoothness":null,"source":null,"source:date":null,"start_date":null,"surface":null,"takeaway":null,"taxi":null,"toilets":null,"toilets:disposal":null,"toilets:wheelchair":null,"tourism":null,"tourist_bus":null,"tower:type":null,"tracktype":null,"train":null,"tunnel":null,"type":null,"website":null,"website_1":null,"wheelchair":null,"width":null,"wikidata":null,"wikimedia_commons":null,"wikipedia":null},"geometry":{"type":"Point","coordinates":[12.2422564,41.799761]}},
{"type":"Feature","properties":{"id":"node/5496978452","@id":"node/5496978452","abandoned":null,"access":null,"addr:city":null,"addr:housenumber":null,"addr:postcode":null,"addr:street":null,"addr:suburb":null,"aerodrome":null,"aerodrome:type":null,"aeroway":"holding_position","air_conditioning":null,"amenity":null,"archaeological_site":null,"baby_feeding":null,"barrier":null,"bicycle":null,"branch":null,"brand":null,"brand:wikidata":null,"brand:wikipedia":null,"bridge":null,"building":null,"building:colour":null,"building:height":null,"building:levels":null,"changing_table":null,"check_date":null,"check_date:opening_hours":null,"city_served":null,"compressed_air":null,"contact:email":null,"contact:phone":null,"contact:website":null,"content":null,"covered":null,"created_by":null,"cuisine":null,"cutting":null,"denomination":null,"description":null,"drinking_water":null,"ele":null,"email":null,"emergency":null,"fee":null,"female":null,"fixme":null,"foot":null,"fuel:diesel":null,"fuel:lpg":null,"fuel:octane_95":null,"healthcare":null,"height":null,"highway":null,"historic":null,"historic:civilization":null,"holding_position:type":null,"horse":null,"iata":null,"icao":null,"indoor":null,"internet_access":null,"landuse":null,"lanes":null,"layer":null,"leisure":null,"length":null,"level":null,"lit":null,"local_ref":null,"male":null,"man_made":null,"maxheight":null,"maxheight:signed":null,"maxspeed":null,"maxweight:signed":null,"min_height":null,"motor_vehicle":null,"motorcar":null,"museum":null,"music":null,"name":null,"name:ar":null,"name:bg":null,"name:de":null,"name:en":null,"name:es":null,"name:etymology:wikidata":null,"name:fa":null,"name:it":null,"name:ko":null,"name:ru":null,"name:signed":null,"navigationaid":null,"network":null,"nobrand":null,"note":null,"office":null,"official_name":null,"official_name:it":null,"official_name:ru":null,"old_name":null,"oneway":null,"opening_hours":null,"operator":null,"operator:wikidata":null,"operator:wikipedia":null,"parking":null,"passengers":null,"payment:cash":null,"payment:credit_cards":null,"payment:mastercard":null,"payment:visa":null,"phone":null,"psv":null,"public_transport":null,"railway":null,"ref":"B2","ref:mise":null,"religion":null,"roof:colour":null,"roof:height":null,"roof:levels":null,"roof:shape":null,"ruins":null,"runway":null,"self_service":null,"service":null,"shelter_type":null,"shop":null,"short_operator":null,"sidewalk":null,"smoothness":null,"source":null,"source:date":null,"start_date":null,"surface":null,"takeaway":null,"taxi":null,"toilets":null,"toilets:disposal":null,"toilets:wheelchair":null,"tourism":null,"tourist_bus":null,"tower:type":null,"tracktype":null,"train":null,"tunnel":null,"type":null,"website":null,"website_1":null,"wheelchair":null,"width":null,"wikidata":null,"wikimedia_commons":null,"wikipedia":null},"geometry":{"type":"Point","coordinates":[12.2444093,41.8008794]}},
{"type":"Feature","properties":{"id":"node/7942307688","@id":"node/7942307688","abandoned":null,"access":null,"addr:city":null,"addr:housenumber":null,"addr:postcode":null,"addr:street":null,"addr:suburb":null,"aerodrome":null,"aerodrome:type":null,"aeroway":"holding_position","air_conditioning":null,"amenity":null,"archaeological_site":null,"baby_feeding":null,"barrier":null,"bicycle":null,"branch":null,"brand":null,"brand:wikidata":null,"brand:wikipedia":null,"bridge":null,"building":null,"building:colour":null,"building:height":null,"building:levels":null,"changing_table":null,"check_date":null,"check_date:opening_hours":null,"city_served":null,"compressed_air":null,"contact:email":null,"contact:phone":null,"contact:website":null,"content":null,"covered":null,"created_by":null,"cuisine":null,"cutting":null,"denomination":null,"description":null,"drinking_water":null,"ele":null,"email":null,"emergency":null,"fee":null,"female":null,"fixme":null,"foot":null,"fuel:diesel":null,"fuel:lpg":null,"fuel:octane_95":null,"healthcare":null,"height":null,"highway":null,"historic":null,"historic:civilization":null,"holding_position:type":null,"horse":null,"iata":null,"icao":null,"indoor":null,"internet_access":null,"landuse":null,"lanes":null,"layer":null,"leisure":null,"length":null,"level":null,"lit":null,"local_ref":null,"male":null,"man_made":null,"maxheight":null,"maxheight:signed":null,"maxspeed":null,"maxweight:signed":null,"min_height":null,"motor_vehicle":null,"motorcar":null,"museum":null,"music":null,"name":null,"name:ar":null,"name:bg":null,"name:de":null,"name:en":null,"name:es":null,"name:etymology:wikidata":null,"name:fa":null,"name:it":null,"name:ko":null,"name:ru":null,"name:signed":null,"navigationaid":null,"network":null,"nobrand":null,"note":null,"office":null,"official_name":null,"official_name:it":null,"official_name:ru":null,"old_name":null,"oneway":null,"opening_hours":null,"operator":null,"operator:wikidata":null,"operator:wikipedia":null,"parking":null,"passengers":null,"payment:cash":null,"payment:credit_cards":null,"payment:mastercard":null,"payment:visa":null,"phone":null,"psv":null,"public_transport":null,"railway":null,"ref":"B1","ref:mise":null,"religion":null,"roof:colour":null,"roof:height":null,"roof:levels":null,"roof:shape":null,"ruins":null,"runway":null,"self_service":null,"service":null,"shelter_type":null,"shop":null,"short_operator":null,"sidewalk":null,"smoothness":null,"source":null,"source:date":null,"start_date":null,"surface":null,"takeaway":null,"taxi":null,"toilets":null,"toilets:disposal":null,"toilets:wheelchair":null,"tourism":null,"tourist_bus":null,"tower:type":null,"tracktype":null,"train":null,"tunnel":null,"type":null,"website":null,"website_1":null,"wheelchair":null,"width":null,"wikidata":null,"wikimedia_commons":null,"wikipedia":null},"geometry":{"type":"Point","coordinates":[12.2384553,41.7994045]}},
{"type":"Feature","properties":{"id":"node/8149921084","@id":"node/8149921084","abandoned":null,"access":null,"addr:city":null,"addr:housenumber":null,"addr:postcode":null,"addr:street":null,"addr:suburb":null,"aerodrome":null,"aerodrome:type":null,"aeroway":"holding_position","air_conditioning":null,"amenity":null,"archaeological_site":null,"baby_feeding":null,"barrier":null,"bicycle":null,"branch":null,"brand":null,"brand:wikidata":null,"brand:wikipedia":null,"bridge":null,"building":null,"building:colour":null,"building:height":null,"building:levels":null,"changing_table":null,"check_date":null,"check_date:opening_hours":null,"city_served":null,"compressed_air":null,"contact:email":null,"contact:phone":null,"contact:website":null,"content":null,"covered":null,"created_by":null,"cuisine":null,"cutting":null,"denomination":null,"description":null,"drinking_water":null,"ele":null,"email":null,"emergency":null,"fee":null,"female":null,"fixme":null,"foot":null,"fuel:diesel":null,"fuel:lpg":null,"fuel:octane_95":null,"healthcare":null,"height":null,"highway":null,"historic":null,"historic:civilization":null,"holding_position:type":null,"horse":null,"iata":null,"icao":null,"indoor":null,"internet_access":null,"landuse":null,"lanes":null,"layer":null,"leisure":null,"length":null,"level":null,"lit":null,"local_ref":null,"male":null,"man_made":null,"maxheight":null,"maxheight:signed":null,"maxspeed":null,"maxweight:signed":null,"min_height":null,"motor_vehicle":null,"motorcar":null,"museum":null,"music":null,"name":null,"name:ar":null,"name:bg":null,"name:de":null,"name:en":null,"name:es":null,"name:etymology:wikidata":null,"name:fa":null,"name:it":null,"name:ko":null,"name:ru":null,"name:signed":null,"navigationaid":null,"network":null,"nobrand":null,"note":null,"office":null,"official_name":null,"official_name:it":null,"official_name:ru":null,"old_name":null,"oneway":null,"opening_hours":null,"operator":null,"operator:wikidata":null,"operator:wikipedia":null,"parking":null,"passengers":null,"payment:cash":null,"payment:credit_cards":null,"payment:mastercard":null,"payment:visa":null,"phone":null,"psv":null,"public_transport":null,"railway":null,"ref":"H3","ref:mise":null,"religion":null,"roof:colour":null,"roof:height":null,"roof:levels":null,"roof:shape":null,"ruins":null,"runway":null,"self_service":null,"service":null,"shelter_type":null,"shop":null,"short_operator":null,"sidewalk":null,"smoothness":null,"source":null,"source:date":null,"start_date":null,"surface":null,"takeaway":null,"taxi":null,"toilets":null,"toilets:disposal":null,"toilets:wheelchair":null,"tourism":null,"tourist_bus":null,"tower:type":null,"tracktype":null,"train":null,"tunnel":null,"type":null,"website":null,"website_1":null,"wheelchair":null,"width":null,"wikidata":null,"wikimedia_commons":null,"wikipedia":null},"geometry":{"type":"Point","coordinates":[12.263162,41.7963011]}},
{"type":"Feature","properties":{"id":"node/8149925787","@id":"node/8149925787","abandoned":null,"access":null,"addr:city":null,"addr:housenumber":null,"addr:postcode":null,"addr:street":null,"addr:suburb":null,"aerodrome":null,"aerodrome:type":null,"aeroway":"holding_position","air_conditioning":null,"amenity":null,"archaeological_site":null,"baby_feeding":null,"barrier":null,"bicycle":null,"branch":null,"brand":null,"brand:wikidata":null,"brand:wikipedia":null,"bridge":null,"building":null,"building:colour":null,"building:height":null,"building:levels":null,"changing_table":null,"check_date":null,"check_date:opening_hours":null,"city_served":null,"compressed_air":null,"contact:email":null,"contact:phone":null,"contact:website":null,"content":null,"covered":null,"created_by":null,"cuisine":null,"cutting":null,"denomination":null,"description":null,"drinking_water":null,"ele":null,"email":null,"emergency":null,"fee":null,"female":null,"fixme":null,"foot":null,"fuel:diesel":null,"fuel:lpg":null,"fuel:octane_95":null,"healthcare":null,"height":null,"highway":null,"historic":null,"historic:civilization":null,"holding_position:type":null,"horse":null,"iata":null,"icao":null,"indoor":null,"internet_access":null,"landuse":null,"lanes":null,"layer":null,"leisure":null,"length":null,"level":null,"lit":null,"local_ref":null,"male":null,"man_made":null,"maxheight":null,"maxheight:signed":null,"maxspeed":null,"maxweight:signed":null,"min_height":null,"motor_vehicle":null,"motorcar":null,"museum":null,"music":null,"name":null,"name:ar":null,"name:bg":null,"name:de":null,"name:en":null,"name:es":null,"name:etymology:wikidata":null,"name:fa":null,"name:it":null,"name:ko":null,"name:ru":null,"name:signed":null,"navigationaid":null,"network":null,"nobrand":null,"note":null,"office":null,"official_name":null,"official_name:it":null,"official_name:ru":null,"old_name":null,"oneway":null,"opening_hours":null,"operator":null,"operator:wikidata":null,"operator:wikipedia":null,"parking":null,"passengers":null,"payment:cash":null,"payment:credit_cards":null,"payment:mastercard":null,"payment:visa":null,"phone":null,"psv":null,"public_transport":null,"railway":null,"ref":"A1","ref:mise":null,"religion":null,"roof:colour":null,"roof:height":null,"roof:levels":null,"roof:shape":null,"ruins":null,"runway":null,"self_service":null,"service":null,"shelter_type":null,"shop":null,"short_operator":null,"sidewalk":null,"smoothness":null,"source":null,"source:date":null,"start_date":null,"surface":null,"takeaway":null,"taxi":null,"toilets":null,"toilets:disposal":null,"toilets:wheelchair":null,"tourism":null,"tourist_bus":null,"tower:type":null,"tracktype":null,"train":null,"tunnel":null,"type":null,"website":null,"website_1":null,"wheelchair":null,"width":null,"wikidata":null,"wikimedia_commons":null,"wikipedia":null},"geometry":{"type":"Point","coordinates":[12.2414424,41.7873923]}}
]
}
