{
"type": "FeatureCollection",
"name": "stands",
"crs": { "type": "name", "properties": { "name": "urn:ogc:def:crs:OGC:1.3:CRS84" } },
"features": [
{"type":"Feature","properties":{"id":"node/5239992857","@id":"node/5239992857","abandoned":null,"access":null,"addr:city":null,"addr:housenumber":null,"addr:postcode":null,"addr:street":null,"addr:suburb":null,"aerodrome":null,"aerodrome:type":null,"aeroway":"parking_position","air_conditioning":null,"amenity":null,"archaeological_site":null,"baby_feeding":null,"barrier":null,"bicycle":null,"branch":null,"brand":null,"brand:wikidata":null,"brand:wikipedia":null,"bridge":null,"building":null,"building:colour":null,"building:height":null,"building:levels":null,"changing_table":null,"check_date":null,"check_date:opening_hours":null,"city_served":null,"compressed_air":null,"contact:email":null,"contact:phone":null,"contact:website":null,"content":null,"covered":null,"created_by":null,"cuisine":null,"cutting":null,"denomination":null,"description":null,"drinking_water":null,"ele":null,"email":null,"emergency":null,"fee":null,"female":null,"fixme":null,"foot":null,"fuel:diesel":null,"fuel:lpg":null,"fuel:octane_95":null,"healthcare":null,"height":null,"highway":null,"historic":null,"historic:civilization":null,"holding_position:type":null,"horse":null,"iata":null,"icao":null,"indoor":null,"internet_access":null,"landuse":null,"lanes":null,"layer":null,"leisure":null,"length":null,"level":null,"lit":null,"local_ref":null,"male":null,"man_made":null,"maxheight":null,"maxheight:signed":null,"maxspeed":null,"maxweight:signed":null,"min_height":null,"motor_vehicle":null,"motorcar":null,"museum":null,"music":null,"name":null,"name:ar":null,"name:bg":null,"name:de":null,"name:en":null,"name:es":null,"name:etymology:wikidata":null,"name:fa":null,"name:it":null,"name:ko":null,"name:ru":null,"name:signed":null,"navigationaid":null,"network":null,"nobrand":null,"note":null,"office":null,"official_name":null,"official_name:it":null,"official_name:ru":null,"old_name":null,"oneway":null,"opening_hours":null,"operator":null,"operator:wikidata":null,"operator:wikipedia":null,"parking":null,"passengers":null,"payment:cash":null,"payment:credit_cards":null,"payment:mastercard":null,"payment:visa":null,"phone":null,"psv":null,"public_transport":null,"railway":null,"ref":"105","ref:mise":null,"religion":null,"roof:colour":null,"roof:height":null,"roof:levels":null,"roof:shape":null,"ruins":null,"runway":null,"self_service":null,"service":null,"shelter_type":null,"shop":null,"short_operator":null,"sidewalk":null,"smoothness":null,"source":null,"source:date":null,"start_date":null,"surface":null,"takeaway":null,"taxi":null,"toilets":null,"toilets:disposal":null,"toilets:wheelchair":null,"tourism":null,"tourist_bus":null,"tower:type":null,"tracktype":null,"train":null,"tunnel":null,"type":null,"website":null,"website_1":null,"wheelchair":null,"width":null,"wikidata":null,"wikimedia_commons":null,"wikipedia":null},"geometry":{"type":"Point","coordinates":[12.2705662,41.8039153]}},
{"type":"Feature","properties":{"id":"node/5239992859","@id":"node/5239992859","abandoned":null,"access":null,"addr:city":null,"addr:housenumber":null,"addr:postcode":null,"addr:street":null,"addr:suburb":null,"aerodrome":null,"aerodrome:type":null,"aeroway":"parking_position","air_conditioning":null,"amenity":null,"archaeological_site":null,"baby_feeding":null,"barrier":null,"bicycle":null,"branch":null,"brand":null,"brand:wikidata":null,"brand:wikipedia":null,"bridge":null,"building":null,"building:colour":null,"building:height":null,"building:levels":null,"changing_table":null,"check_date":null,"check_date:opening_hours":null,"city_served":null,"compressed_air":null,"contact:email":null,"contact:phone":null,"contact:website":null,"content":null,"covered":null,"created_by":null,"cuisine":null,"cutting":null,"denomination":null,"description":null,"drinking_water":null,"ele":null,"email":null,"emergency":null,"fee":null,"female":null,"fixme":null,"foot":null,"fuel:diesel":null,"fuel:lpg":null,"fuel:octane_95":null,"healthcare":null,"height":null,"highway":null,"historic":null,"historic:civilization":null,"holding_position:type":null,"horse":null,"iata":null,"icao":null,"indoor":null,"internet_access":null,"landuse":null,"lanes":null,"layer":null,"leisure":null,"length":null,"level":null,"lit":null,"local_ref":null,"male":null,"man_made":null,"maxheight":null,"maxheight:signed":null,"maxspeed":null,"maxweight:signed":null,"min_height":null,"motor_vehicle":null,"motorcar":null,"museum":null,"music":null,"name":null,"name:ar":null,"name:bg":null,"name:de":null,"name:en":null,"name:es":null,"name:etymology:wikidata":null,"name:fa":null,"name:it":null,"name:ko":null,"name:ru":null,"name:signed":null,"navigationaid":null,"network":null,"nobrand":null,"note":null,"office":null,"official_name":null,"official_name:it":null,"official_name:ru":null,"old_name":null,"oneway":null,"opening_hours":null,"operator":null,"operator:wikidata":null,"operator:wikipedia":null,"parking":null,"passengers":null,"payment:cash":null,"payment:credit_cards":null,"payment:mastercard":null,"payment:visa":null,"phone":null,"psv":null,"public_transport":null,"railway":null,"ref":"104","ref:mise":null,"religion":null,"roof:colour":null,"roof:height":null,"roof:levels":null,"roof:shape":null,"ruins":null,"runway":null,"self_service":null,"service":null,"shelter_type":null,"shop":null,"short_operator":null,"sidewalk":null,"smoothness":null,"source":null,"source:date":null,"start_date":null,"surface":null,"takeaway":null,"taxi":null,"toilets":null,"toilets:disposal":null,"toilets:wheelchair":null,"tourism":null,"tourist_bus":null,"tower:type":null,"tracktype":null,"train":null,"tunnel":null,"type":null,"website":null,"website_1":null,"wheelchair":null,"width":null,"wikidata":null,"wikimedia_commons":null,"wikipedia":null},"geometry":{"type":"Point","coordinates":[12.2708865,41.8040046]}},
{"type":"Feature","properties":{"id":"node/5239992860","@id":"node/5239992860","abandoned":null,"access":null,"addr:city":null,"addr:housenumber":null,"addr:postcode":null,"addr:street":null,"addr:suburb":null,"aerodrome":null,"aerodrome:type":null,"aeroway":"parking_position","air_conditioning":null,"amenity":null,"archaeological_site":null,"baby_feeding":null,"barrier":null,"bicycle":null,"branch":null,"brand":null,"brand:wikidata":null,"brand:wikipedia":null,"bridge":null,"building":null,"building:colour":null,"building:height":null,"building:levels":null,"changing_table":null,"check_date":null,"check_date:opening_hours":null,"city_served":null,"compressed_air":null,"contact:email":null,"contact:phone":null,"contact:website":null,"content":null,"covered":null,"created_by":null,"cuisine":null,"cutting":null,"denomination":null,"description":null,"drinking_water":null,"ele":null,"email":null,"emergency":null,"fee":null,"female":null,"fixme":null,"foot":null,"fuel:diesel":null,"fuel:lpg":null,"fuel:octane_95":null,"healthcare":null,"height":null,"highway":null,"historic":null,"historic:civilization":null,"holding_position:type":null,"horse":null,"iata":null,"icao":null,"indoor":null,"internet_access":null,"landuse":null,"lanes":null,"layer":null,"leisure":null,"length":null,"level":null,"lit":null,"local_ref":null,"male":null,"man_made":null,"maxheight":null,"maxheight:signed":null,"maxspeed":null,"maxweight:signed":null,"min_height":null,"motor_vehicle":null,"motorcar":null,"museum":null,"music":null,"name":null,"name:ar":null,"name:bg":null,"name:de":null,"name:en":null,"name:es":null,"name:etymology:wikidata":null,"name:fa":null,"name:it":null,"name:ko":null,"name:ru":null,"name:signed":null,"navigationaid":null,"network":null,"nobrand":null,"note":null,"office":null,"official_name":null,"official_name:it":null,"official_name:ru":null,"old_name":null,"oneway":null,"opening_hours":null,"operator":null,"operator:wikidata":null,"operator:wikipedia":null,"parking":null,"passengers":null,"payment:cash":null,"payment:credit_cards":null,"payment:mastercard":null,"payment:visa":null,"phone":null,"psv":null,"public_transport":null,"railway":null,"ref":"102","ref:mise":null,"religion":null,"roof:colour":null,"roof:height":null,"roof:levels":null,"roof:shape":null,"ruins":null,"runway":null,"self_service":null,"service":null,"shelter_type":null,"shop":null,"short_operator":null,"sidewalk":null,"smoothness":null,"source":null,"source:date":null,"start_date":null,"surface":null,"takeaway":null,"taxi":null,"toilets":null,"toilets:disposal":null,"toilets:wheelchair":null,"tourism":null,"tourist_bus":null,"tower:type":null,"tracktype":null,"train":null,"tunnel":null,"type":null,"website":null,"website_1":null,"wheelchair":null,"width":null,"wikidata":null,"wikimedia_commons":null,"wikipedia":null},"geometry":{"type":"Point","coordinates":[12.2712501,41.8041067]}},
{"type":"Feature","properties":{"id":"node/5239992861","@id":"node/5239992861","abandoned":null,"access":null,"addr:city":null,"addr:housenumber":null,"addr:postcode":null,"addr:street":null,"addr:suburb":null,"aerodrome":null,"aerodrome:type":null,"aeroway":"parking_position","air_conditioning":null,"amenity":null,"archaeological_site":null,"baby_feeding":null,"barrier":null,"bicycle":null,"branch":null,"brand":null,"brand:wikidata":null,"brand:wikipedia":null,"bridge":null,"building":null,"building:colour":null,"building:height":null,"building:levels":null,"changing_table":null,"check_date":null,"check_date:opening_hours":null,"city_served":null,"compressed_air":null,"contact:email":null,"contact:phone":null,"contact:website":null,"content":null,"covered":null,"created_by":null,"cuisine":null,"cutting":null,"denomination":null,"description":null,"drinking_water":null,"ele":null,"email":null,"emergency":null,"fee":null,"female":null,"fixme":null,"foot":null,"fuel:diesel":null,"fuel:lpg":null,"fuel:octane_95":null,"healthcare":null,"height":null,"highway":null,"historic":null,"historic:civilization":null,"holding_position:type":null,"horse":null,"iata":null,"icao":null,"indoor":null,"internet_access":null,"landuse":null,"lanes":null,"layer":null,"leisure":null,"length":null,"level":null,"lit":null,"local_ref":null,"male":null,"man_made":null,"maxheight":null,"maxheight:signed":null,"maxspeed":null,"maxweight:signed":null,"min_height":null,"motor_vehicle":null,"motorcar":null,"museum":null,"music":null,"name":null,"name:ar":null,"name:bg":null,"name:de":null,"name:en":null,"name:es":null,"name:etymology:wikidata":null,"name:fa":null,"name:it":null,"name:ko":null,"name:ru":null,"name:signed":null,"navigationaid":null,"network":null,"nobrand":null,"note":null,"office":null,"official_name":null,"official_name:it":null,"official_name:ru":null,"old_name":null,"oneway":null,"opening_hours":null,"operator":null,"operator:wikidata":null,"operator:wikipedia":null,"parking":null,"passengers":null,"payment:cash":null,"payment:credit_cards":null,"payment:mastercard":null,"payment:visa":null,"phone":null,"psv":null,"public_transport":null,"railway":null,"ref":"101","ref:mise":null,"religion":null,"roof:colour":null,"roof:height":null,"roof:levels":null,"roof:shape":null,"ruins":null,"runway":null,"self_service":null,"service":null,"shelter_type":null,"shop":null,"short_operator":null,"sidewalk":null,"smoothness":null,"source":null,"source:date":null,"start_date":null,"surface":null,"takeaway":null,"taxi":null,"toilets":null,"toilets:disposal":null,"toilets:wheelchair":null,"tourism":null,"tourist_bus":null,"tower:type":null,"tracktype":null,"train":null,"tunnel":null,"type":null,"website":null,"website_1":null,"wheelchair":null,"width":null,"wikidata":null,"wikimedia_commons":null,"wikipedia":null},"geometry":{"type":"Point","coordinates":[12.2719952,41.8043119]}},
{"type":"Feature","properties":{"id":"node/5239992862","@id":"node/5239992862","abandoned":null,"access":null,"addr:city":null,"addr:housenumber":null,"addr:postcode":null,"addr:street":null,"addr:suburb":null,"aerodrome":null,"aerodrome:type":null,"aeroway":"parking_position","air_conditioning":null,"amenity":null,"archaeological_site":null,"baby_feeding":null,"barrier":null,"bicycle":null,"branch":null,"brand":null,"brand:wikidata":null,"brand:wikipedia":null,"bridge":null,"building":null,"building:colour":null,"building:height":null,"building:levels":null,"changing_table":null,"check_date":null,"check_date:opening_hours":null,"city_served":null,"compressed_air":null,"contact:email":null,"contact:phone":null,"contact:website":null,"content":null,"covered":null,"created_by":null,"cuisine":null,"cutting":null,"denomination":null,"description":null,"drinking_water":null,"ele":null,"email":null,"emergency":null,"fee":null,"female":null,"fixme":null,"foot":null,"fuel:diesel":null,"fuel:lpg":null,"fuel:octane_95":null,"healthcare":null,"height":null,"highway":null,"historic":null,"historic:civilization":null,"holding_position:type":null,"horse":null,"iata":null,"icao":null,"indoor":null,"internet_access":null,"landuse":null,"lanes":null,"layer":null,"leisure":null,"length":null,"level":null,"lit":null,"local_ref":null,"male":null,"man_made":null,"maxheight":null,"maxheight:signed":null,"maxspeed":null,"maxweight:signed":null,"min_height":null,"motor_vehicle":null,"motorcar":null,"museum":null,"music":null,"name":null,"name:ar":null,"name:bg":null,"name:de":null,"name:en":null,"name:es":null,"name:etymology:wikidata":null,"name:fa":null,"name:it":null,"name:ko":null,"name:ru":null,"name:signed":null,"navigationaid":null,"network":null,"nobrand":null,"note":null,"office":null,"official_name":null,"official_name:it":null,"official_name:ru":null,"old_name":null,"oneway":null,"opening_hours":null,"operator":null,"operator:wikidata":null,"operator:wikipedia":null,"parking":null,"passengers":null,"payment:cash":null,"payment:credit_cards":null,"payment:mastercard":null,"payment:visa":null,"phone":null,"psv":null,"public_transport":null,"railway":null,"ref":"103","ref:mise":null,"religion":null,"roof:colour":null,"roof:height":null,"roof:levels":null,"roof:shape":null,"ruins":null,"runway":null,"self_service":null,"service":null,"shelter_type":null,"shop":null,"short_operator":null,"sidewalk":null,"smoothness":null,"source":null,"source:date":null,"start_date":null,"surface":null,"takeaway":null,"taxi":null,"toilets":null,"toilets:disposal":null,"toilets:wheelchair":null,"tourism":null,"tourist_bus":null,"tower:type":null,"tracktype":null,"train":null,"tunnel":null,"type":null,"website":null,"website_1":null,"wheelchair":null,"width":null,"wikidata":null,"wikimedia_commons":null,"wikipedia":null},"geometry":{"type":"Point","coordinates":[12.2721658,41.8042356]}},
{"type":"Feature","properties":{"id":"node/5497177594","@id":"node/5497177594","abandoned":null,"access":null,"addr:city":null,"addr:housenumber":null,"addr:postcode":null,"addr:street":null,"addr:suburb":null,"aerodrome":null,"aerodrome:type":null,"aeroway":"parking_position","air_conditioning":null,"amenity":null,"archaeological_site":null,"baby_feeding":null,"barrier":null,"bicycle":null,"branch":null,"brand":null,"brand:wikidata":null,"brand:wikipedia":null,"bridge":null,"building":null,"building:colour":null,"building:height":null,"building:levels":null,"changing_table":null,"check_date":null,"check_date:opening_hours":null,"city_served":null,"compressed_air":null,"contact:email":null,"contact:phone":null,"contact:website":null,"content":null,"covered":null,"created_by":null,"cuisine":null,"cutting":null,"denomination":null,"description":null,"drinking_water":null,"ele":null,"email":null,"emergency":null,"fee":null,"female":null,"fixme":null,"foot":null,"fuel:diesel":null,"fuel:lpg":null,"fuel:octane_95":null,"healthcare":null,"height":null,"highway":null,"historic":null,"historic:civilization":null,"holding_position:type":null,"horse":null,"iata":null,"icao":null,"indoor":null,"internet_access":null,"landuse":null,"lanes":null,"layer":null,"leisure":null,"length":null,"level":null,"lit":null,"local_ref":null,"male":null,"man_made":null,"maxheight":null,"maxheight:signed":null,"maxspeed":null,"maxweight:signed":null,"min_height":null,"motor_vehicle":null,"motorcar":null,"museum":null,"music":null,"name":null,"name:ar":null,"name:bg":null,"name:de":null,"name:en":null,"name:es":null,"name:etymology:wikidata":null,"name:fa":null,"name:it":null,"name:ko":null,"name:ru":null,"name:signed":null,"navigationaid":null,"network":null,"nobrand":null,"note":null,"office":null,"official_name":null,"official_name:it":null,"official_name:ru":null,"old_name":null,"oneway":null,"opening_hours":null,"operator":null,"operator:wikidata":null,"operator:wikipedia":null,"parking":null,"passengers":null,"payment:cash":null,"payment:credit_cards":null,"payment:mastercard":null,"payment:visa":null,"phone":null,"psv":null,"public_transport":null,"railway":null,"ref":"203","ref:mise":null,"religion":null,"roof:colour":null,"roof:height":null,"roof:levels":null,"roof:shape":null,"ruins":null,"runway":null,"self_service":null,"service":null,"shelter_type":null,"shop":null,"short_operator":null,"sidewalk":null,"smoothness":null,"source":null,"source:date":null,"start_date":null,"surface":null,"takeaway":null,"taxi":null,"toilets":null,"toilets:disposal":null,"toilets:wheelchair":null,"tourism":null,"tourist_bus":null,"tower:type":null,"tracktype":null,"train":null,"tunnel":null,"type":null,"website":null,"website_1":null,"wheelchair":null,"width":null,"wikidata":null,"wikimedia_commons":null,"wikipedia":null},"geometry":{"type":"Point","coordinates":[12.2607391,41.8009461]}},
{"type":"Feature","properties":{"id":"node/5497177616","@id":"node/5497177616","abandoned":null,"access":null,"addr:city":null,"addr:housenumber":null,"addr:postcode":null,"addr:street":null,"addr:suburb":null,"aerodrome":null,"aerodrome:type":null,"aeroway":"parking_position","air_conditioning":null,"amenity":null,"archaeological_site":null,"baby_feeding":null,"barrier":null,"bicycle":null,"branch":null,"brand":null,"brand:wikidata":null,"brand:wikipedia":null,"bridge":null,"building":null,"building:colour":null,"building:height":null,"building:levels":null,"changing_table":null,"check_date":null,"check_date:opening_hours":null,"city_served":null,"compressed_air":null,"contact:email":null,"contact:phone":null,"contact:website":null,"content":null,"covered":null,"created_by":null,"cuisine":null,"cutting":null,"denomination":null,"description":null,"drinking_water":null,"ele":null,"email":null,"emergency":null,"fee":null,"female":null,"fixme":null,"foot":null,"fuel:diesel":null,"fuel:lpg":null,"fuel:octane_95":null,"healthcare":null,"height":null,"highway":null,"historic":null,"historic:civilization":null,"holding_position:type":null,"horse":null,"iata":null,"icao":null,"indoor":null,"internet_access":null,"landuse":null,"lanes":null,"layer":null,"leisure":null,"length":null,"level":null,"lit":null,"local_ref":null,"male":null,"man_made":null,"maxheight":null,"maxheight:signed":null,"maxspeed":null,"maxweight:signed":null,"min_height":null,"motor_vehicle":null,"motorcar":null,"museum":null,"music":null,"name":null,"name:ar":null,"name:bg":null,"name:de":null,"name:en":null,"name:es":null,"name:etymology:wikidata":null,"name:fa":null,"name:it":null,"name:ko":null,"name:ru":null,"name:signed":null,"navigationaid":null,"network":null,"nobrand":null,"note":null,"office":null,"official_name":null,"official_name:it":null,"official_name:ru":null,"old_name":null,"oneway":null,"opening_hours":null,"operator":null,"operator:wikidata":null,"operator:wikipedia":null,"parking":null,"passengers":null,"payment:cash":null,"payment:credit_cards":null,"payment:mastercard":null,"payment:visa":null,"phone":null,"psv":null,"public_transport":null,"railway":null,"ref":"314","ref:mise":null,"religion":null,"roof:colour":null,"roof:height":null,"roof:levels":null,"roof:shape":null,"ruins":null,"runway":null,"self_service":null,"service":null,"shelter_type":null,"shop":null,"short_operator":null,"sidewalk":null,"smoothness":null,"source":null,"source:date":null,"start_date":null,"surface":null,"takeaway":null,"taxi":null,"toilets":null,"toilets:disposal":null,"toilets:wheelchair":null,"tourism":null,"tourist_bus":null,"tower:type":null,"tracktype":null,"train":null,"tunnel":null,"type":null,"website":null,"website_1":null,"wheelchair":null,"width":null,"wikidata":null,"wikimedia_commons":null,"wikipedia":null},"geometry":{"type":"Point","coordinates":[12.2623417,41.7962494]}},
{"type":"Feature","properties":{"id":"node/5497177618","@id":"node/5497177618","abandoned":null,"access":null,"addr:city":null,"addr:housenumber":null,"addr:postcode":null,"addr:street":null,"addr:suburb":null,"aerodrome":null,"aerodrome:type":null,"aeroway":"parking_position","air_conditioning":null,"amenity":null,"archaeological_site":null,"baby_feeding":null,"barrier":null,"bicycle":null,"branch":null,"brand":null,"brand:wikidata":null,"brand:wikipedia":null,"bridge":null,"building":null,"building:colour":null,"building:height":null,"building:levels":null,"changing_table":null,"check_date":null,"check_date:opening_hours":null,"city_served":null,"compressed_air":null,"contact:email":null,"contact:phone":null,"contact:website":null,"content":null,"covered":null,"created_by":null,"cuisine":null,"cutting":null,"denomination":null,"description":null,"drinking_water":null,"ele":null,"email":null,"emergency":null,"fee":null,"female":null,"fixme":null,"foot":null,"fuel:diesel":null,"fuel:lpg":null,"fuel:octane_95":null,"healthcare":null,"height":null,"highway":null,"historic":null,"historic:civilization":null,"holding_position:type":null,"horse":null,"iata":null,"icao":null,"indoor":null,"internet_access":null,"landuse":null,"lanes":null,"layer":null,"leisure":null,"length":null,"level":null,"lit":null,"local_ref":null,"male":null,"man_made":null,"maxheight":null,"maxheight:signed":null,"maxspeed":null,"maxweight:signed":null,"min_height":null,"motor_vehicle":null,"motorcar":null,"museum":null,"music":null,"name":null,"name:ar":null,"name:bg":null,"name:de":null,"name:en":null,"name:es":null,"name:etymology:wikidata":null,"name:fa":null,"name:it":null,"name:ko":null,"name:ru":null,"name:signed":null,"navigationaid":null,"network":null,"nobrand":null,"note":null,"office":null,"official_name":null,"official_name:it":null,"official_name:ru":null,"old_name":null,"oneway":null,"opening_hours":null,"operator":null,"operator:wikidata":null,"operator:wikipedia":null,"parking":null,"passengers":null,"payment:cash":null,"payment:credit_cards":null,"payment:mastercard":null,"payment:visa":null,"phone":null,"psv":null,"public_transport":null,"railway":null,"ref":"315","ref:mise":null,"religion":null,"roof:colour":null,"roof:height":null,"roof:levels":null,"roof:shape":null,"ruins":null,"runway":null,"self_service":null,"service":null,"shelter_type":null,"shop":null,"short_operator":null,"sidewalk":null,"smoothness":null,"source":null,"source:date":null,"start_date":null,"surface":null,"takeaway":null,"taxi":null,"toilets":null,"toilets:disposal":null,"toilets:wheelchair":null,"tourism":null,"tourist_bus":null,"tower:type":null,"tracktype":null,"train":null,"tunnel":null,"type":null,"website":null,"website_1":null,"wheelchair":null,"width":null,"wikidata":null,"wikimedia_commons":null,"wikipedia":null},"geometry":{"type":"Point","coordinates":[12.2620659,41.7958065]}},
{"type":"Feature","properties":{"id":"node/5497177619","@id":"node/5497177619","abandoned":null,"access":null,"addr:city":null,"addr:housenumber":null,"addr:postcode":null,"addr:street":null,"addr:suburb":null,"aerodrome":null,"aerodrome:type":null,"aeroway":"parking_position","air_conditioning":null,"amenity":null,"archaeological_site":null,"baby_feeding":null,"barrier":null,"bicycle":null,"branch":null,"brand":null,"brand:wikidata":null,"brand:wikipedia":null,"bridge":null,"building":null,"building:colour":null,"building:height":null,"building:levels":null,"changing_table":null,"check_date":null,"check_date:opening_hours":null,"city_served":null,"compressed_air":null,"contact:email":null,"contact:phone":null,"contact:website":null,"content":null,"covered":null,"created_by":null,"cuisine":null,"cutting":null,"denomination":null,"description":null,"drinking_water":null,"ele":null,"email":null,"emergency":null,"fee":null,"female":null,"fixme":null,"foot":null,"fuel:diesel":null,"fuel:lpg":null,"fuel:octane_95":null,"healthcare":null,"height":null,"highway":null,"historic":null,"historic:civilization":null,"holding_position:type":null,"horse":null,"iata":null,"icao":null,"indoor":null,"internet_access":null,"landuse":null,"lanes":null,"layer":null,"leisure":null,"length":null,"level":null,"lit":null,"local_ref":null,"male":null,"man_made":null,"maxheight":null,"maxheight:signed":null,"maxspeed":null,"maxweight:signed":null,"min_height":null,"motor_vehicle":null,"motorcar":null,"museum":null,"music":null,"name":null,"name:ar":null,"name:bg":null,"name:de":null,"name:en":null,"name:es":null,"name:etymology:wikidata":null,"name:fa":null,"name:it":null,"name:ko":null,"name:ru":null,"name:signed":null,"navigationaid":null,"network":null,"nobrand":null,"note":null,"office":null,"official_name":null,"official_name:it":null,"official_name:ru":null,"old_name":null,"oneway":null,"opening_hours":null,"operator":null,"operator:wikidata":null,"operator:wikipedia":null,"parking":null,"passengers":null,"payment:cash":null,"payment:credit_cards":null,"payment:mastercard":null,"payment:visa":null,"phone":null,"psv":null,"public_transport":null,"railway":null,"ref":"318","ref:mise":null,"religion":null,"roof:colour":null,"roof:height":null,"roof:levels":null,"roof:shape":null,"ruins":null,"runway":null,"self_service":null,"service":null,"shelter_type":null,"shop":null,"short_operator":null,"sidewalk":null,"smoothness":null,"source":null,"source:date":null,"start_date":null,"surface":null,"takeaway":null,"taxi":null,"toilets":null,"toilets:disposal":null,"toilets:wheelchair":null,"tourism":null,"tourist_bus":null,"tower:type":null,"tracktype":null,"train":null,"tunnel":null,"type":null,"website":null,"website_1":null,"wheelchair":null,"width":null,"wikidata":null,"wikimedia_commons":null,"wikipedia":null},"geometry":{"type":"Point","coordinates":[12.2613331,41.7946393]}},
{"type":"Feature","properties":{"id":"node/5497177621","@id":"node/5497177621","abandoned":null,"access":null,"addr:city":null,"addr:housenumber":null,"addr:postcode":null,"addr:street":null,"addr:suburb":null,"aerodrome":null,"aerodrome:type":null,"aeroway":"parking_position","air_conditioning":null,"amenity":null,"archaeological_site":null,"baby_feeding":null,"barrier":null,"bicycle":null,"branch":null,"brand":null,"brand:wikidata":null,"brand:wikipedia":null,"bridge":null,"building":null,"building:colour":null,"building:height":null,"building:levels":null,"changing_table":null,"check_date":null,"check_date:opening_hours":null,"city_served":null,"compressed_air":null,"contact:email":null,"contact:phone":null,"contact:website":null,"content":null,"covered":null,"created_by":null,"cuisine":null,"cutting":null,"denomination":null,"description":null,"drinking_water":null,"ele":null,"email":null,"emergency":null,"fee":null,"female":null,"fixme":null,"foot":null,"fuel:diesel":null,"fuel:lpg":null,"fuel:octane_95":null,"healthcare":null,"height":null,"highway":null,"historic":null,"historic:civilization":null,"holding_position:type":null,"horse":null,"iata":null,"icao":null,"indoor":null,"internet_access":null,"landuse":null,"lanes":null,"layer":null,"leisure":null,"length":null,"level":null,"lit":null,"local_ref":null,"male":null,"man_made":null,"maxheight":null,"maxheight:signed":null,"maxspeed":null,"maxweight:signed":null,"min_height":null,"motor_vehicle":null,"motorcar":null,"museum":null,"music":null,"name":null,"name:ar":null,"name:bg":null,"name:de":null,"name:en":null,"name:es":null,"name:etymology:wikidata":null,"name:fa":null,"name:it":null,"name:ko":null,"name:ru":null,"name:signed":null,"navigationaid":null,"network":null,"nobrand":null,"note":null,"office":null,"official_name":null,"official_name:it":null,"official_name:ru":null,"old_name":null,"oneway":null,"opening_hours":null,"operator":null,"operator:wikidata":null,"operator:wikipedia":null,"parking":null,"passengers":null,"payment:cash":null,"payment:credit_cards":null,"payment:mastercard":null,"payment:visa":null,"phone":null,"psv":null,"public_transport":null,"railway":null,"ref":"317","ref:mise":null,"religion":null,"roof:colour":null,"roof:height":null,"roof:levels":null,"roof:shape":null,"ruins":null,"runway":null,"self_service":null,"service":null,"shelter_type":null,"shop":null,"short_operator":null,"sidewalk":null,"smoothness":null,"source":null,"source:date":null,"start_date":null,"surface":null,"takeaway":null,"taxi":null,"toilets":null,"toilets:disposal":null,"toilets:wheelchair":null,"tourism":null,"tourist_bus":null,"tower:type":null,"tracktype":null,"train":null,"tunnel":null,"type":null,"website":null,"website_1":null,"wheelchair":null,"width":null,"wikidata":null,"wikimedia_commons":null,"wikipedia":null},"geometry":{"type":"Point","coordinates":[12.2615678,41.7950154]}},
{"type":"Feature","properties":{"id":"node/5497177623","@id":"node/5497177623","abandoned":null,"access":null,"addr:city":null,"addr:housenumber":null,"addr:postcode":null,"addr:street":null,"addr:suburb":null,"aerodrome":null,"aerodrome:type":null,"aeroway":"parking_position","air_conditioning":null,"amenity":null,"archaeological_site":null,"baby_feeding":null,"barrier":null,"bicycle":null,"branch":null,"brand":null,"brand:wikidata":null,"brand:wikipedia":null,"bridge":null,"building":null,"building:colour":null,"building:height":null,"building:levels":null,"changing_table":null,"check_date":null,"check_date:opening_hours":null,"city_served":null,"compressed_air":null,"contact:email":null,"contact:phone":null,"contact:website":null,"content":null,"covered":null,"created_by":null,"cuisine":null,"cutting":null,"denomination":null,"description":null,"drinking_water":null,"ele":null,"email":null,"emergency":null,"fee":null,"female":null,"fixme":null,"foot":null,"fuel:diesel":null,"fuel:lpg":null,"fuel:octane_95":null,"healthcare":null,"height":null,"highway":null,"historic":null,"historic:civilization":null,"holding_position:type":null,"horse":null,"iata":null,"icao":null,"indoor":null,"internet_access":null,"landuse":null,"lanes":null,"layer":null,"leisure":null,"length":null,"level":null,"lit":null,"local_ref":null,"male":null,"man_made":null,"maxheight":null,"maxheight:signed":null,"maxspeed":null,"maxweight:signed":null,"min_height":null,"motor_vehicle":null,"motorcar":null,"museum":null,"music":null,"name":null,"name:ar":null,"name:bg":null,"name:de":null,"name:en":null,"name:es":null,"name:etymology:wikidata":null,"name:fa":null,"name:it":null,"name:ko":null,"name:ru":null,"name:signed":null,"navigationaid":null,"network":null,"nobrand":null,"note":null,"office":null,"official_name":null,"official_name:it":null,"official_name:ru":null,"old_name":null,"oneway":null,"opening_hours":null,"operator":null,"operator:wikidata":null,"operator:wikipedia":null,"parking":null,"passengers":null,"payment:cash":null,"payment:credit_cards":null,"payment:mastercard":null,"payment:visa":null,"phone":null,"psv":null,"public_transport":null,"railway":null,"ref":"316","ref:mise":null,"religion":null,"roof:colour":null,"roof:height":null,"roof:levels":null,"roof:shape":null,"ruins":null,"runway":null,"self_service":null,"service":null,"shelter_type":null,"shop":null,"short_operator":null,"sidewalk":null,"smoothness":null,"source":null,"source:date":null,"start_date":null,"surface":null,"takeaway":null,"taxi":null,"toilets":null,"toilets:disposal":null,"toilets:wheelchair":null,"tourism":null,"tourist_bus":null,"tower:type":null,"tracktype":null,"train":null,"tunnel":null,"type":null,"website":null,"website_1":null,"wheelchair":null,"width":null,"wikidata":null,"wikimedia_commons":null,"wikipedia":null},"geometry":{"type":"Point","coordinates":[12.261837,41.7954438]}},
{"type":"Feature","properties":{"id":"node/5497177652","@id":"node/5497177652","abandoned":null,"access":null,"addr:city":null,"addr:housenumber":null,"addr:postcode":null,"addr:street":null,"addr:suburb":null,"aerodrome":null,"aerodrome:type":null,"aeroway":"parking_position","air_conditioning":null,"amenity":null,"archaeological_site":null,"baby_feeding":null,"barrier":null,"bicycle":null,"branch":null,"brand":null,"brand:wikidata":null,"brand:wikipedia":null,"bridge":null,"building":null,"building:colour":null,"building:height":null,"building:levels":null,"changing_table":null,"check_date":null,"check_date:opening_hours":null,"city_served":null,"compressed_air":null,"contact:email":null,"contact:phone":null,"contact:website":null,"content":null,"covered":null,"created_by":null,"cuisine":null,"cutting":null,"denomination":null,"description":null,"drinking_water":null,"ele":null,"email":null,"emergency":null,"fee":null,"female":null,"fixme":null,"foot":null,"fuel:diesel":null,"fuel:lpg":null,"fuel:octane_95":null,"healthcare":null,"height":null,"highway":null,"historic":null,"historic:civilization":null,"holding_position:type":null,"horse":null,"iata":null,"icao":null,"indoor":null,"internet_access":null,"landuse":null,"lanes":null,"layer":null,"leisure":null,"length":null,"level":null,"lit":null,"local_ref":null,"male":null,"man_made":null,"maxheight":null,"maxheight:signed":null,"maxspeed":null,"maxweight:signed":null,"min_height":null,"motor_vehicle":null,"motorcar":null,"museum":null,"music":null,"name":null,"name:ar":null,"name:bg":null,"name:de":null,"name:en":null,"name:es":null,"name:etymology:wikidata":null,"name:fa":null,"name:it":null,"name:ko":null,"name:ru":null,"name:signed":null,"navigationaid":null,"network":null,"nobrand":null,"note":null,"office":null,"official_name":null,"official_name:it":null,"official_name:ru":null,"old_name":null,"oneway":null,"opening_hours":null,"operator":null,"operator:wikidata":null,"operator:wikipedia":null,"parking":null,"passengers":null,"payment:cash":null,"payment:credit_cards":null,"payment:mastercard":null,"payment:visa":null,"phone":null,"psv":null,"public_transport":null,"railway":null,"ref":"404","ref:mise":null,"religion":null,"roof:colour":null,"roof:height":null,"roof:levels":null,"roof:shape":null,"ruins":null,"runway":null,"self_service":null,"service":null,"shelter_type":null,"shop":null,"short_operator":null,"sidewalk":null,"smoothness":null,"source":null,"source:date":null,"start_date":null,"surface":null,"takeaway":null,"taxi":null,"toilets":null,"toilets:disposal":null,"toilets:wheelchair":null,"tourism":null,"tourist_bus":null,"tower:type":null,"tracktype":null,"train":null,"tunnel":null,"type":null,"website":null,"website_1":null,"wheelchair":null,"width":null,"wikidata":null,"wikimedia_commons":null,"wikipedia":null},"geometry":{"type":"Point","coordinates":[12.2554093,41.7978963]}},
{"type":"Feature","properties":{"id":"node/5497177654","@id":"node/5497177654","abandoned":null,"access":null,"addr:city":null,"addr:housenumber":null,"addr:postcode":null,"addr:street":null,"addr:suburb":null,"aerodrome":null,"aerodrome:type":null,"aeroway":"parking_position","air_conditioning":null,"amenity":null,"archaeological_site":null,"baby_feeding":null,"barrier":null,"bicycle":null,"branch":null,"brand":null,"brand:wikidata":null,"brand:wikipedia":null,"bridge":null,"building":null,"building:colour":null,"building:height":null,"building:levels":null,"changing_table":null,"check_date":null,"check_date:opening_hours":null,"city_served":null,"compressed_air":null,"contact:email":null,"contact:phone":null,"contact:website":null,"content":null,"covered":null,"created_by":null,"cuisine":null,"cutting":null,"denomination":null,"description":null,"drinking_water":null,"ele":null,"email":null,"emergency":null,"fee":null,"female":null,"fixme":null,"foot":null,"fuel:diesel":null,"fuel:lpg":null,"fuel:octane_95":null,"healthcare":null,"height":null,"highway":null,"historic":null,"historic:civilization":null,"holding_position:type":null,"horse":null,"iata":null,"icao":null,"indoor":null,"internet_access":null,"landuse":null,"lanes":null,"layer":null,"leisure":null,"length":null,"level":null,"lit":null,"local_ref":null,"male":null,"man_made":null,"maxheight":null,"maxheight:signed":null,"maxspeed":null,"maxweight:signed":null,"min_height":null,"motor_vehicle":null,"motorcar":null,"museum":null,"music":null,"name":null,"name:ar":null,"name:bg":null,"name:de":null,"name:en":null,"name:es":null,"name:etymology:wikidata":null,"name:fa":null,"name:it":null,"name:ko":null,"name:ru":null,"name:signed":null,"navigationaid":null,"network":null,"nobrand":null,"note":null,"office":null,"official_name":null,"official_name:it":null,"official_name:ru":null,"old_name":null,"oneway":null,"opening_hours":null,"operator":null,"operator:wikidata":null,"operator:wikipedia":null,"parking":null,"passengers":null,"payment:cash":null,"payment:credit_cards":null,"payment:mastercard":null,"payment:visa":null,"phone":null,"psv":null,"public_transport":null,"railway":null,"ref":"403","ref:mise":null,"religion":null,"roof:colour":null,"roof:height":null,"roof:levels":null,"roof:shape":null,"ruins":null,"runway":null,"self_service":null,"service":null,"shelter_type":null,"shop":null,"short_operator":null,"sidewalk":null,"smoothness":null,"source":null,"source:date":null,"start_date":null,"surface":null,"takeaway":null,"taxi":null,"toilets":null,"toilets:disposal":null,"toilets:wheelchair":null,"tourism":null,"tourist_bus":null,"tower:type":null,"tracktype":null,"train":null,"tunnel":null,"type":null,"website":null,"website_1":null,"wheelchair":null,"width":null,"wikidata":null,"wikimedia_commons":null,"wikipedia":null},"geometry":{"type":"Point","coordinates":[12.2551887,41.7975139]}},
{"type":"Feature","properties":{"id":"node/5497177656","@id":"node/5497177656","abandoned":null,"access":null,"addr:city":null,"addr:housenumber":null,"addr:postcode":null,"addr:street":null,"addr:suburb":null,"aerodrome":null,"aerodrome:type":null,"aeroway":"parking_position","air_conditioning":null,"amenity":null,"archaeological_site":null,"baby_feeding":null,"barrier":null,"bicycle":null,"branch":null,"brand":null,"brand:wikidata":null,"brand:wikipedia":null,"bridge":null,"building":null,"building:colour":null,"building:height":null,"building:levels":null,"changing_table":null,"check_date":null,"check_date:opening_hours":null,"city_served":null,"compressed_air":null,"contact:email":null,"contact:phone":null,"contact:website":null,"content":null,"covered":null,"created_by":null,"cuisine":null,"cutting":null,"denomination":null,"description":null,"drinking_water":null,"ele":null,"email":null,"emergency":null,"fee":null,"female":null,"fixme":null,"foot":null,"fuel:diesel":null,"fuel:lpg":null,"fuel:octane_95":null,"healthcare":null,"height":null,"highway":null,"historic":null,"historic:civilization":null,"holding_position:type":null,"horse":null,"iata":null,"icao":null,"indoor":null,"internet_access":null,"landuse":null,"lanes":null,"layer":null,"leisure":null,"length":null,"level":null,"lit":null,"local_ref":null,"male":null,"man_made":null,"maxheight":null,"maxheight:signed":null,"maxspeed":null,"maxweight:signed":null,"min_height":null,"motor_vehicle":null,"motorcar":null,"museum":null,"music":null,"name":null,"name:ar":null,"name:bg":null,"name:de":null,"name:en":null,"name:es":null,"name:etymology:wikidata":null,"name:fa":null,"name:it":null,"name:ko":null,"name:ru":null,"name:signed":null,"navigationaid":null,"network":null,"nobrand":null,"note":null,"office":null,"official_name":null,"official_name:it":null,"official_name:ru":null,"old_name":null,"oneway":null,"opening_hours":null,"operator":null,"operator:wikidata":null,"operator:wikipedia":null,"parking":null,"passengers":null,"payment:cash":null,"payment:credit_cards":null,"payment:mastercard":null,"payment:visa":null,"phone":null,"psv":null,"public_transport":null,"railway":null,"ref":"402","ref:mise":null,"religion":null,"roof:colour":null,"roof:height":null,"roof:levels":null,"roof:shape":null,"ruins":null,"runway":null,"self_service":null,"service":null,"shelter_type":null,"shop":null,"short_operator":null,"sidewalk":null,"smoothness":null,"source":null,"source:date":null,"start_date":null,"surface":null,"takeaway":null,"taxi":null,"toilets":null,"toilets:disposal":null,"toilets:wheelchair":null,"tourism":null,"tourist_bus":null,"tower:type":null,"tracktype":null,"train":null,"tunnel":null,"type":null,"website":null,"website_1":null,"wheelchair":null,"width":null,"wikidata":null,"wikimedia_commons":null,"wikipedia":null},"geometry":{"type":"Point","coordinates":[12.254946,41.7971192]}},
{"type":"Feature","properties":{"id":"node/5497177658","@id":"node/5497177658","abandoned":null,"access":null,"addr:city":null,"addr:housenumber":null,"addr:postcode":null,"addr:street":null,"addr:suburb":null,"aerodrome":null,"aerodrome:type":null,"aeroway":"parking_position","air_conditioning":null,"amenity":null,"archaeological_site":null,"baby_feeding":null,"barrier":null,"bicycle":null,"branch":null,"brand":null,"brand:wikidata":null,"brand:wikipedia":null,"bridge":null,"building":null,"building:colour":null,"building:height":null,"building:levels":null,"changing_table":null,"check_date":null,"check_date:opening_hours":null,"city_served":null,"compressed_air":null,"contact:email":null,"contact:phone":null,"contact:website":null,"content":null,"covered":null,"created_by":null,"cuisine":null,"cutting":null,"denomination":null,"description":null,"drinking_water":null,"ele":null,"email":null,"emergency":null,"fee":null,"female":null,"fixme":null,"foot":null,"fuel:diesel":null,"fuel:lpg":null,"fuel:octane_95":null,"healthcare":null,"height":null,"highway":null,"historic":null,"historic:civilization":null,"holding_position:type":null,"horse":null,"iata":null,"icao":null,"indoor":null,"internet_access":null,"landuse":null,"lanes":null,"layer":null,"leisure":null,"length":null,"level":null,"lit":null,"local_ref":null,"male":null,"man_made":null,"maxheight":null,"maxheight:signed":null,"maxspeed":null,"maxweight:signed":null,"min_height":null,"motor_vehicle":null,"motorcar":null,"museum":null,"music":null,"name":null,"name:ar":null,"name:bg":null,"name:de":null,"name:en":null,"name:es":null,"name:etymology:wikidata":null,"name:fa":null,"name:it":null,"name:ko":null,"name:ru":null,"name:signed":null,"navigationaid":null,"network":null,"nobrand":null,"note":null,"office":null,"official_name":null,"official_name:it":null,"official_name:ru":null,"old_name":null,"oneway":null,"opening_hours":null,"operator":null,"operator:wikidata":null,"operator:wikipedia":null,"parking":null,"passengers":null,"payment:cash":null,"payment:credit_cards":null,"payment:mastercard":null,"payment:visa":null,"phone":null,"psv":null,"public_transport":null,"railway":null,"ref":"401","ref:mise":null,"religion":null,"roof:colour":null,"roof:height":null,"roof:levels":null,"roof:shape":null,"ruins":null,"runway":null,"self_service":null,"service":null,"shelter_type":null,"shop":null,"short_operator":null,"sidewalk":null,"smoothness":null,"source":null,"source:date":null,"start_date":null,"surface":null,"takeaway":null,"taxi":null,"toilets":null,"toilets:disposal":null,"toilets:wheelchair":null,"tourism":null,"tourist_bus":null,"tower:type":null,"tracktype":null,"train":null,"tunnel":null,"type":null,"website":null,"website_1":null,"wheelchair":null,"width":null,"wikidata":null,"wikimedia_commons":null,"wikipedia":null},"geometry":{"type":"Point","coordinates":[12.2546888,41.7966983]}},
{"type":"Feature","properties":{"id":"node/5497177659","@id":"node/5497177659","abandoned":null,"access":null,"addr:city":null,"addr:housenumber":null,"addr:postcode":null,"addr:street":null,"addr:suburb":null,"aerodrome":null,"aerodrome:type":null,"aeroway":"parking_position","air_conditioning":null,"amenity":null,"archaeological_site":null,"baby_feeding":null,"barrier":null,"bicycle":null,"branch":null,"brand":null,"brand:wikidata":null,"brand:wikipedia":null,"bridge":null,"building":null,"building:colour":null,"building:height":null,"building:levels":null,"changing_table":null,"check_date":null,"check_date:opening_hours":null,"city_served":null,"compressed_air":null,"contact:email":null,"contact:phone":null,"contact:website":null,"content":null,"covered":null,"created_by":null,"cuisine":null,"cutting":null,"denomination":null,"description":null,"drinking_water":null,"ele":null,"email":null,"emergency":null,"fee":null,"female":null,"fixme":null,"foot":null,"fuel:diesel":null,"fuel:lpg":null,"fuel:octane_95":null,"healthcare":null,"height":null,"highway":null,"historic":null,"historic:civilization":null,"holding_position:type":null,"horse":null,"iata":null,"icao":null,"indoor":null,"internet_access":null,"landuse":null,"lanes":null,"layer":null,"leisure":null,"length":null,"level":null,"lit":null,"local_ref":null,"male":null,"man_made":null,"maxheight":null,"maxheight:signed":null,"maxspeed":null,"maxweight:signed":null,"min_height":null,"motor_vehicle":null,"motorcar":null,"museum":null,"music":null,"name":null,"name:ar":null,"name:bg":null,"name:de":null,"name:en":null,"name:es":null,"name:etymology:wikidata":null,"name:fa":null,"name:it":null,"name:ko":null,"name:ru":null,"name:signed":null,"navigationaid":null,"network":null,"nobrand":null,"note":null,"office":null,"official_name":null,"official_name:it":null,"official_name:ru":null,"old_name":null,"oneway":null,"opening_hours":null,"operator":null,"operator:wikidata":null,"operator:wikipedia":null,"parking":null,"passengers":null,"payment:cash":null,"payment:credit_cards":null,"payment:mastercard":null,"payment:visa":null,"phone":null,"psv":null,"public_transport":null,"railway":null,"ref":"502","ref:mise":null,"religion":null,"roof:colour":null,"roof:height":null,"roof:levels":null,"roof:shape":null,"ruins":null,"runway":null,"self_service":null,"service":null,"shelter_type":null,"shop":null,"short_operator":null,"sidewalk":null,"smoothness":null,"source":null,"source:date":null,"start_date":null,"surface":null,"takeaway":null,"taxi":null,"toilets":null,"toilets:disposal":null,"toilets:wheelchair":null,"tourism":null,"tourist_bus":null,"tower:type":null,"tracktype":null,"train":null,"tunnel":null,"type":null,"website":null,"website_1":null,"wheelchair":null,"width":null,"wikidata":null,"wikimedia_commons":null,"wikipedia":null},"geometry":{"type":"Point","coordinates":[12.2528128,41.7977477]}},
{"type":"Feature","properties":{"id":"node/5497177661","@id":"node/5497177661","abandoned":null,"access":null,"addr:city":null,"addr:housenumber":null,"addr:postcode":null,"addr:street":null,"addr:suburb":null,"aerodrome":null,"aerodrome:type":null,"aeroway":"parking_position","air_conditioning":null,"amenity":null,"archaeological_site":null,"baby_feeding":null,"barrier":null,"bicycle":null,"branch":null,"brand":null,"brand:wikidata":null,"brand:wikipedia":null,"bridge":null,"building":null,"building:colour":null,"building:height":null,"building:levels":null,"changing_table":null,"check_date":null,"check_date:opening_hours":null,"city_served":null,"compressed_air":null,"contact:email":null,"contact:phone":null,"contact:website":null,"content":null,"covered":null,"created_by":null,"cuisine":null,"cutting":null,"denomination":null,"description":null,"drinking_water":null,"ele":null,"email":null,"emergency":null,"fee":null,"female":null,"fixme":null,"foot":null,"fuel:diesel":null,"fuel:lpg":null,"fuel:octane_95":null,"healthcare":null,"height":null,"highway":null,"historic":null,"historic:civilization":null,"holding_position:type":null,"horse":null,"iata":null,"icao":null,"indoor":null,"internet_access":null,"landuse":null,"lanes":null,"layer":null,"leisure":null,"length":null,"level":null,"lit":null,"local_ref":null,"male":null,"man_made":null,"maxheight":null,"maxheight:signed":null,"maxspeed":null,"maxweight:signed":null,"min_height":null,"motor_vehicle":null,"motorcar":null,"museum":null,"music":null,"name":null,"name:ar":null,"name:bg":null,"name:de":null,"name:en":null,"name:es":null,"name:etymology:wikidata":null,"name:fa":null,"name:it":null,"name:ko":null,"name:ru":null,"name:signed":null,"navigationaid":null,"network":null,"nobrand":null,"note":null,"office":null,"official_name":null,"official_name:it":null,"official_name:ru":null,"old_name":null,"oneway":null,"opening_hours":null,"operator":null,"operator:wikidata":null,"operator:wikipedia":null,"parking":null,"passengers":null,"payment:cash":null,"payment:credit_cards":null,"payment:mastercard":null,"payment:visa":null,"phone":null,"psv":null,"public_transport":null,"railway":null,"ref":"504","ref:mise":null,"religion":null,"roof:colour":null,"roof:height":null,"roof:levels":null,"roof:shape":null,"ruins":null,"runway":null,"self_service":null,"service":null,"shelter_type":null,"shop":null,"short_operator":null,"sidewalk":null,"smoothness":null,"source":null,"source:date":null,"start_date":null,"surface":null,"takeaway":null,"taxi":null,"toilets":null,"toilets:disposal":null,"toilets:wheelchair":null,"tourism":null,"tourist_bus":null,"tower:type":null,"tracktype":null,"train":null,"tunnel":null,"type":null,"website":null,"website_1":null,"wheelchair":null,"width":null,"wikidata":null,"wikimedia_commons":null,"wikipedia":null},"geometry":{"type":"Point","coordinates":[12.2531204,41.7981964]}},
{"type":"Feature","properties":{"id":"node/5497177663","@id":"node/5497177663","abandoned":null,"access":null,"addr:city":null,"addr:housenumber":null,"addr:postcode":null,"addr:street":null,"addr:suburb":null,"aerodrome":null,"aerodrome:type":null,"aeroway":"parking_position","air_conditioning":null,"amenity":null,"archaeological_site":null,"baby_feeding":null,"barrier":null,"bicycle":null,"branch":null,"brand":null,"brand:wikidata":null,"brand:wikipedia":null,"bridge":null,"building":null,"building:colour":null,"building:height":null,"building:levels":null,"changing_table":null,"check_date":null,"check_date:opening_hours":null,"city_served":null,"compressed_air":null,"contact:email":null,"contact:phone":null,"contact:website":null,"content":null,"covered":null,"created_by":null,"cuisine":null,"cutting":null,"denomination":null,"description":null,"drinking_water":null,"ele":null,"email":null,"emergency":null,"fee":null,"female":null,"fixme":null,"foot":null,"fuel:diesel":null,"fuel:lpg":null,"fuel:octane_95":null,"healthcare":null,"height":null,"highway":null,"historic":null,"historic:civilization":null,"holding_position:type":null,"horse":null,"iata":null,"icao":null,"indoor":null,"internet_access":null,"landuse":null,"lanes":null,"layer":null,"leisure":null,"length":null,"level":null,"lit":null,"local_ref":null,"male":null,"man_made":null,"maxheight":null,"maxheight:signed":null,"maxspeed":null,"maxweight:signed":null,"min_height":null,"motor_vehicle":null,"motorcar":null,"museum":null,"music":null,"name":null,"name:ar":null,"name:bg":null,"name:de":null,"name:en":null,"name:es":null,"name:etymology:wikidata":null,"name:fa":null,"name:it":null,"name:ko":null,"name:ru":null,"name:signed":null,"navigationaid":null,"network":null,"nobrand":null,"note":null,"office":null,"official_name":null,"official_name:it":null,"official_name:ru":null,"old_name":null,"oneway":null,"opening_hours":null,"operator":null,"operator:wikidata":null,"operator:wikipedia":null,"parking":null,"passengers":null,"payment:cash":null,"payment:credit_cards":null,"payment:mastercard":null,"payment:visa":null,"phone":null,"psv":null,"public_transport":null,"railway":null,"ref":"506","ref:mise":null,"religion":null,"roof:colour":null,"roof:height":null,"roof:levels":null,"roof:shape":null,"ruins":null,"runway":null,"self_service":null,"service":null,"shelter_type":null,"shop":null,"short_operator":null,"sidewalk":null,"smoothness":null,"source":null,"source:date":null,"start_date":null,"surface":null,"takeaway":null,"taxi":null,"toilets":null,"toilets:disposal":null,"toilets:wheelchair":null,"tourism":null,"tourist_bus":null,"tower:type":null,"tracktype":null,"train":null,"tunnel":null,"type":null,"website":null,"website_1":null,"wheelchair":null,"width":null,"wikidata":null,"wikimedia_commons":null,"wikipedia":null},"geometry":{"type":"Point","coordinates":[12.2534025,41.7986393]}},
{"type":"Feature","properties":{"id":"node/5497177665","@id":"node/5497177665","abandoned":null,"access":null,"addr:city":null,"addr:housenumber":null,"addr:postcode":null,"addr:street":null,"addr:suburb":null,"aerodrome":null,"aerodrome:type":null,"aeroway":"parking_position","air_conditioning":null,"amenity":null,"archaeological_site":null,"baby_feeding":null,"barrier":null,"bicycle":null,"branch":null,"brand":null,"brand:wikidata":null,"brand:wikipedia":null,"bridge":null,"building":null,"building:colour":null,"building:height":null,"building:levels":null,"changing_table":null,"check_date":null,"check_date:opening_hours":null,"city_served":null,"compressed_air":null,"contact:email":null,"contact:phone":null,"contact:website":null,"content":null,"covered":null,"created_by":null,"cuisine":null,"cutting":null,"denomination":null,"description":null,"drinking_water":null,"ele":null,"email":null,"emergency":null,"fee":null,"female":null,"fixme":null,"foot":null,"fuel:diesel":null,"fuel:lpg":null,"fuel:octane_95":null,"healthcare":null,"height":null,"highway":null,"historic":null,"historic:civilization":null,"holding_position:type":null,"horse":null,"iata":null,"icao":null,"indoor":null,"internet_access":null,"landuse":null,"lanes":null,"layer":null,"leisure":null,"length":null,"level":null,"lit":null,"local_ref":null,"male":null,"man_made":null,"maxheight":null,"maxheight:signed":null,"maxspeed":null,"maxweight:signed":null,"min_height":null,"motor_vehicle":null,"motorcar":null,"museum":null,"music":null,"name":null,"name:ar":null,"name:bg":null,"name:de":null,"name:en":null,"name:es":null,"name:etymology:wikidata":null,"name:fa":null,"name:it":null,"name:ko":null,"name:ru":null,"name:signed":null,"navigationaid":null,"network":null,"nobrand":null,"note":null,"office":null,"official_name":null,"official_name:it":null,"official_name:ru":null,"old_name":null,"oneway":null,"opening_hours":null,"operator":null,"operator:wikidata":null,"operator:wikipedia":null,"parking":null,"passengers":null,"payment:cash":null,"payment:credit_cards":null,"payment:mastercard":null,"payment:visa":null,"phone":null,"psv":null,"public_transport":null,"railway":null,"ref":"518","ref:mise":null,"religion":null,"roof:colour":null,"roof:height":null,"roof:levels":null,"roof:shape":null,"ruins":null,"runway":null,"self_service":null,"service":null,"shelter_type":null,"shop":null,"short_operator":null,"sidewalk":null,"smoothness":null,"source":null,"source:date":null,"start_date":null,"surface":null,"takeaway":null,"taxi":null,"toilets":null,"toilets:disposal":null,"toilets:wheelchair":null,"tourism":null,"tourist_bus":null,"tower:type":null,"tracktype":null,"train":null,"tunnel":null,"type":null,"website":null,"website_1":null,"wheelchair":null,"width":null,"wikidata":null,"wikimedia_commons":null,"wikipedia":null},"geometry":{"type":"Point","coordinates":[12.2536941,41.7990532]}},
{"type":"Feature","properties":{"id":"node/5497177667","@id":"node/5497177667","abandoned":null,"access":null,"addr:city":null,"addr:housenumber":null,"addr:postcode":null,"addr:street":null,"addr:suburb":null,"aerodrome":null,"aerodrome:type":null,"aeroway":"parking_position","air_conditioning":null,"amenity":null,"archaeological_site":null,"baby_feeding":null,"barrier":null,"bicycle":null,"branch":null,"brand":null,"brand:wikidata":null,"brand:wikipedia":null,"bridge":null,"building":null,"building:colour":null,"building:height":null,"building:levels":null,"changing_table":null,"check_date":null,"check_date:opening_hours":null,"city_served":null,"compressed_air":null,"contact:email":null,"contact:phone":null,"contact:website":null,"content":null,"covered":null,"created_by":null,"cuisine":null,"cutting":null,"denomination":null,"description":null,"drinking_water":null,"ele":null,"email":null,"emergency":null,"fee":null,"female":null,"fixme":null,"foot":null,"fuel:diesel":null,"fuel:lpg":null,"fuel:octane_95":null,"healthcare":null,"height":null,"highway":null,"historic":null,"historic:civilization":null,"holding_position:type":null,"horse":null,"iata":null,"icao":null,"indoor":null,"internet_access":null,"landuse":null,"lanes":null,"layer":null,"leisure":null,"length":null,"level":null,"lit":null,"local_ref":null,"male":null,"man_made":null,"maxheight":null,"maxheight:signed":null,"maxspeed":null,"maxweight:signed":null,"min_height":null,"motor_vehicle":null,"motorcar":null,"museum":null,"music":null,"name":null,"name:ar":null,"name:bg":null,"name:de":null,"name:en":null,"name:es":null,"name:etymology:wikidata":null,"name:fa":null,"name:it":null,"name:ko":null,"name:ru":null,"name:signed":null,"navigationaid":null,"network":null,"nobrand":null,"note":null,"office":null,"official_name":null,"official_name:it":null,"official_name:ru":null,"old_name":null,"oneway":null,"opening_hours":null,"operator":null,"operator:wikidata":null,"operator:wikipedia":null,"parking":null,"passengers":null,"payment:cash":null,"payment:credit_cards":null,"payment:mastercard":null,"payment:visa":null,"phone":null,"psv":null,"public_transport":null,"railway":null,"ref":"508","ref:mise":null,"religion":null,"roof:colour":null,"roof:height":null,"roof:levels":null,"roof:shape":null,"ruins":null,"runway":null,"self_service":null,"service":null,"shelter_type":null,"shop":null,"short_operator":null,"sidewalk":null,"smoothness":null,"source":null,"source:date":null,"start_date":null,"surface":null,"takeaway":null,"taxi":null,"toilets":null,"toilets:disposal":null,"toilets:wheelchair":null,"tourism":null,"tourist_bus":null,"tower:type":null,"tracktype":null,"train":null,"tunnel":null,"type":null,"website":null,"website_1":null,"wheelchair":null,"width":null,"wikidata":null,"wikimedia_commons":null,"wikipedia":null},"geometry":{"type":"Point","coordinates":[12.2536058,41.7990804]}},
{"type":"Feature","properties":{"id":"node/5497177671","@id":"node/5497177671","abandoned":null,"access":null,"addr:city":null,"addr:housenumber":null,"addr:postcode":null,"addr:street":null,"addr:suburb":null,"aerodrome":null,"aerodrome:type":null,"aeroway":"parking_position","air_conditioning":null,"amenity":null,"archaeological_site":null,"baby_feeding":null,"barrier":null,"bicycle":null,"branch":null,"brand":null,"brand:wikidata":null,"brand:wikipedia":null,"bridge":null,"building":null,"building:colour":null,"building:height":null,"building:levels":null,"changing_table":null,"check_date":null,"check_date:opening_hours":null,"city_served":null,"compressed_air":null,"contact:email":null,"contact:phone":null,"contact:website":null,"content":null,"covered":null,"created_by":null,"cuisine":null,"cutting":null,"denomination":null,"description":null,"drinking_water":null,"ele":null,"email":null,"emergency":null,"fee":null,"female":null,"fixme":null,"foot":null,"fuel:diesel":null,"fuel:lpg":null,"fuel:octane_95":null,"healthcare":null,"height":null,"highway":null,"historic":null,"historic:civilization":null,"holding_position:type":null,"horse":null,"iata":null,"icao":null,"indoor":null,"internet_access":null,"landuse":null,"lanes":null,"layer":null,"leisure":null,"length":null,"level":null,"lit":null,"local_ref":null,"male":null,"man_made":null,"maxheight":null,"maxheight:signed":null,"maxspeed":null,"maxweight:signed":null,"min_height":null,"motor_vehicle":null,"motorcar":null,"museum":null,"music":null,"name":null,"name:ar":null,"name:bg":null,"name:de":null,"name:en":null,"name:es":null,"name:etymology:wikidata":null,"name:fa":null,"name:it":null,"name:ko":null,"name:ru":null,"name:signed":null,"navigationaid":null,"network":null,"nobrand":null,"note":null,"office":null,"official_name":null,"official_name:it":null,"official_name:ru":null,"old_name":null,"oneway":null,"opening_hours":null,"operator":null,"operator:wikidata":null,"operator:wikipedia":null,"parking":null,"passengers":null,"payment:cash":null,"payment:credit_cards":null,"payment:mastercard":null,"payment:visa":null,"phone":null,"psv":null,"public_transport":null,"railway":null,"ref":"510","ref:mise":null,"religion":null,"roof:colour":null,"roof:height":null,"roof:levels":null,"roof:shape":null,"ruins":null,"runway":null,"self_service":null,"service":null,"shelter_type":null,"shop":null,"short_operator":null,"sidewalk":null,"smoothness":null,"source":null,"source:date":null,"start_date":null,"surface":null,"takeaway":null,"taxi":null,"toilets":null,"toilets:disposal":null,"toilets:wheelchair":null,"tourism":null,"tourist_bus":null,"tower:type":null,"tracktype":null,"train":null,"tunnel":null,"type":null,"website":null,"website_1":null,"wheelchair":null,"width":null,"wikidata":null,"wikimedia_commons":null,"wikipedia":null},"geometry":{"type":"Point","coordinates":[12.2531632,41.7993168]}},
{"type":"Feature","properties":{"id":"node/5497177672","@id":"node/5497177672","abandoned":null,"access":null,"addr:city":null,"addr:housenumber":null,"addr:postcode":null,"addr:street":null,"addr:suburb":null,"aerodrome":null,"aerodrome:type":null,"aeroway":"parking_position","air_conditioning":null,"amenity":null,"archaeological_site":null,"baby_feeding":null,"barrier":null,"bicycle":null,"branch":null,"brand":null,"brand:wikidata":null,"brand:wikipedia":null,"bridge":null,"building":null,"building:colour":null,"building:height":null,"building:levels":null,"changing_table":null,"check_date":null,"check_date:opening_hours":null,"city_served":null,"compressed_air":null,"contact:email":null,"contact:phone":null,"contact:website":null,"content":null,"covered":null,"created_by":null,"cuisine":null,"cutting":null,"denomination":null,"description":null,"drinking_water":null,"ele":null,"email":null,"emergency":null,"fee":null,"female":null,"fixme":null,"foot":null,"fuel:diesel":null,"fuel:lpg":null,"fuel:octane_95":null,"healthcare":null,"height":null,"highway":null,"historic":null,"historic:civilization":null,"holding_position:type":null,"horse":null,"iata":null,"icao":null,"indoor":null,"internet_access":null,"landuse":null,"lanes":null,"layer":null,"leisure":null,"length":null,"level":null,"lit":null,"local_ref":null,"male":null,"man_made":null,"maxheight":null,"maxheight:signed":null,"maxspeed":null,"maxweight:signed":null,"min_height":null,"motor_vehicle":null,"motorcar":null,"museum":null,"music":null,"name":null,"name:ar":null,"name:bg":null,"name:de":null,"name:en":null,"name:es":null,"name:etymology:wikidata":null,"name:fa":null,"name:it":null,"name:ko":null,"name:ru":null,"name:signed":null,"navigationaid":null,"network":null,"nobrand":null,"note":null,"office":null,"official_name":null,"official_name:it":null,"official_name:ru":null,"old_name":null,"oneway":null,"opening_hours":null,"operator":null,"operator:wikidata":null,"operator:wikipedia":null,"parking":null,"passengers":null,"payment:cash":null,"payment:credit_cards":null,"payment:mastercard":null,"payment:visa":null,"phone":null,"psv":null,"public_transport":null,"railway":null,"ref":"509","ref:mise":null,"religion":null,"roof:colour":null,"roof:height":null,"roof:levels":null,"roof:shape":null,"ruins":null,"runway":null,"self_service":null,"service":null,"shelter_type":null,"shop":null,"short_operator":null,"sidewalk":null,"smoothness":null,"source":null,"source:date":null,"start_date":null,"surface":null,"takeaway":null,"taxi":null,"toilets":null,"toilets:disposal":null,"toilets:wheelchair":null,"tourism":null,"tourist_bus":null,"tower:type":null,"tracktype":null,"train":null,"tunnel":null,"type":null,"website":null,"website_1":null,"wheelchair":null,"width":null,"wikidata":null,"wikimedia_commons":null,"wikipedia":null},"geometry":{"type":"Point","coordinates":[12.2524373,41.7993785]}},
{"type":"Feature","properties":{"id":"node/5497177674","@id":"node/5497177674","abandoned":null,"access":null,"addr:city":null,"addr:housenumber":null,"addr:postcode":null,"addr:street":null,"addr:suburb":null,"aerodrome":null,"aerodrome:type":null,"aeroway":"parking_position","air_conditioning":null,"amenity":null,"archaeological_site":null,"baby_feeding":null,"barrier":null,"bicycle":null,"branch":null,"brand":null,"brand:wikidata":null,"brand:wikipedia":null,"bridge":null,"building":null,"building:colour":null,"building:height":null,"building:levels":null,"changing_table":null,"check_date":null,"check_date:opening_hours":null,"city_served":null,"compressed_air":null,"contact:email":null,"contact:phone":null,"contact:website":null,"content":null,"covered":null,"created_by":null,"cuisine":null,"cutting":null,"denomination":null,"description":null,"drinking_water":null,"ele":null,"email":null,"emergency":null,"fee":null,"female":null,"fixme":null,"foot":null,"fuel:diesel":null,"fuel:lpg":null,"fuel:octane_95":null,"healthcare":null,"height":null,"highway":null,"historic":null,"historic:civilization":null,"holding_position:type":null,"horse":null,"iata":null,"icao":null,"indoor":null,"internet_access":null,"landuse":null,"lanes":null,"layer":null,"leisure":null,"length":null,"level":null,"lit":null,"local_ref":null,"male":null,"man_made":null,"maxheight":null,"maxheight:signed":null,"maxspeed":null,"maxweight:signed":null,"min_height":null,"motor_vehicle":null,"motorcar":null,"museum":null,"music":null,"name":null,"name:ar":null,"name:bg":null,"name:de":null,"name:en":null,"name:es":null,"name:etymology:wikidata":null,"name:fa":null,"name:it":null,"name:ko":null,"name:ru":null,"name:signed":null,"navigationaid":null,"network":null,"nobrand":null,"note":null,"office":null,"official_name":null,"official_name:it":null,"official_name:ru":null,"old_name":null,"oneway":null,"opening_hours":null,"operator":null,"operator:wikidata":null,"operator:wikipedia":null,"parking":null,"passengers":null,"payment:cash":null,"payment:credit_cards":null,"payment:mastercard":null,"payment:visa":null,"phone":null,"psv":null,"public_transport":null,"railway":null,"ref":"507","ref:mise":null,"religion":null,"roof:colour":null,"roof:height":null,"roof:levels":null,"roof:shape":null,"ruins":null,"runway":null,"self_service":null,"service":null,"shelter_type":null,"shop":null,"short_operator":null,"sidewalk":null,"smoothness":null,"source":null,"source:date":null,"start_date":null,"surface":null,"takeaway":null,"taxi":null,"toilets":null,"toilets:disposal":null,"toilets:wheelchair":null,"tourism":null,"tourist_bus":null,"tower:type":null,"tracktype":null,"train":null,"tunnel":null,"type":null,"website":null,"website_1":null,"wheelchair":null,"width":null,"wikidata":null,"wikimedia_commons":null,"wikipedia":null},"geometry":{"type":"Point","coordinates":[12.2522545,41.7988707]}},
{"type":"Feature","properties":{"id":"node/5497177676","@id":"node/5497177676","abandoned":null,"access":null,"addr:city":null,"addr:housenumber":null,"addr:postcode":null,"addr:street":null,"addr:suburb":null,"aerodrome":null,"aerodrome:type":null,"aeroway":"parking_position","air_conditioning":null,"amenity":null,"archaeological_site":null,"baby_feeding":null,"barrier":null,"bicycle":null,"branch":null,"brand":null,"brand:wikidata":null,"brand:wikipedia":null,"bridge":null,"building":null,"building:colour":null,"building:height":null,"building:levels":null,"changing_table":null,"check_date":null,"check_date:opening_hours":null,"city_served":null,"compressed_air":null,"contact:email":null,"contact:phone":null,"contact:website":null,"content":null,"covered":null,"created_by":null,"cuisine":null,"cutting":null,"denomination":null,"description":null,"drinking_water":null,"ele":null,"email":null,"emergency":null,"fee":null,"female":null,"fixme":null,"foot":null,"fuel:diesel":null,"fuel:lpg":null,"fuel:octane_95":null,"healthcare":null,"height":null,"highway":null,"historic":null,"historic:civilization":null,"holding_position:type":null,"horse":null,"iata":null,"icao":null,"indoor":null,"internet_access":null,"landuse":null,"lanes":null,"layer":null,"leisure":null,"length":null,"level":null,"lit":null,"local_ref":null,"male":null,"man_made":null,"maxheight":null,"maxheight:signed":null,"maxspeed":null,"maxweight:signed":null,"min_height":null,"motor_vehicle":null,"motorcar":null,"museum":null,"music":null,"name":null,"name:ar":null,"name:bg":null,"name:de":null,"name:en":null,"name:es":null,"name:etymology:wikidata":null,"name:fa":null,"name:it":null,"name:ko":null,"name:ru":null,"name:signed":null,"navigationaid":null,"network":null,"nobrand":null,"note":null,"office":null,"official_name":null,"official_name:it":null,"official_name:ru":null,"old_name":null,"oneway":null,"opening_hours":null,"operator":null,"operator:wikidata":null,"operator:wikipedia":null,"parking":null,"passengers":null,"payment:cash":null,"payment:credit_cards":null,"payment:mastercard":null,"payment:visa":null,"phone":null,"psv":null,"public_transport":null,"railway":null,"ref":"505","ref:mise":null,"religion":null,"roof:colour":null,"roof:height":null,"roof:levels":null,"roof:shape":null,"ruins":null,"runway":null,"self_service":null,"service":null,"shelter_type":null,"shop":null,"short_operator":null,"sidewalk":null,"smoothness":null,"source":null,"source:date":null,"start_date":null,"surface":null,"takeaway":null,"taxi":null,"toilets":null,"toilets:disposal":null,"toilets:wheelchair":null,"tourism":null,"tourist_bus":null,"tower:type":null,"tracktype":null,"train":null,"tunnel":null,"type":null,"website":null,"website_1":null,"wheelchair":null,"width":null,"wikidata":null,"wikimedia_commons":null,"wikipedia":null},"geometry":{"type":"Point","coordinates":[12.2518337,41.798267]}},
{"type":"Feature","properties":{"id":"node/5497177678","@id":"node/5497177678","abandoned":null,"access":null,"addr:city":null,"addr:housenumber":null,"addr:postcode":null,"addr:street":null,"addr:suburb":null,"aerodrome":null,"aerodrome:type":null,"aeroway":"parking_position","air_conditioning":null,"amenity":null,"archaeological_site":null,"baby_feeding":null,"barrier":null,"bicycle":null,"branch":null,"brand":null,"brand:wikidata":null,"brand:wikipedia":null,"bridge":null,"building":null,"building:colour":null,"building:height":null,"building:levels":null,"changing_table":null,"check_date":null,"check_date:opening_hours":null,"city_served":null,"compressed_air":null,"contact:email":null,"contact:phone":null,"contact:website":null,"content":null,"covered":null,"created_by":null,"cuisine":null,"cutting":null,"denomination":null,"description":null,"drinking_water":null,"ele":null,"email":null,"emergency":null,"fee":null,"female":null,"fixme":null,"foot":null,"fuel:diesel":null,"fuel:lpg":null,"fuel:octane_95":null,"healthcare":null,"height":null,"highway":null,"historic":null,"historic:civilization":null,"holding_position:type":null,"horse":null,"iata":null,"icao":null,"indoor":null,"internet_access":null,"landuse":null,"lanes":null,"layer":null,"leisure":null,"length":null,"level":null,"lit":null,"local_ref":null,"male":null,"man_made":null,"maxheight":null,"maxheight:signed":null,"maxspeed":null,"maxweight:signed":null,"min_height":null,"motor_vehicle":null,"motorcar":null,"museum":null,"music":null,"name":null,"name:ar":null,"name:bg":null,"name:de":null,"name:en":null,"name:es":null,"name:etymology:wikidata":null,"name:fa":null,"name:it":null,"name:ko":null,"name:ru":null,"name:signed":null,"navigationaid":null,"network":null,"nobrand":null,"note":null,"office":null,"official_name":null,"official_name:it":null,"official_name:ru":null,"old_name":null,"oneway":null,"opening_hours":null,"operator":null,"operator:wikidata":null,"operator:wikipedia":null,"parking":null,"passengers":null,"payment:cash":null,"payment:credit_cards":null,"payment:mastercard":null,"payment:visa":null,"phone":null,"psv":null,"public_transport":null,"railway":null,"ref":"503","ref:mise":null,"religion":null,"roof:colour":null,"roof:height":null,"roof:levels":null,"roof:shape":null,"ruins":null,"runway":null,"self_service":null,"service":null,"shelter_type":null,"shop":null,"short_operator":null,"sidewalk":null,"smoothness":null,"source":null,"source:date":null,"start_date":null,"surface":null,"takeaway":null,"taxi":null,"toilets":null,"toilets:disposal":null,"toilets:wheelchair":null,"tourism":null,"tourist_bus":null,"tower:type":null,"tracktype":null,"train":null,"tunnel":null,"type":null,"website":null,"website_1":null,"wheelchair":null,"width":null,"wikidata":null,"wikimedia_commons":null,"wikipedia":null},"geometry":{"type":"Point","coordinates":[12.2514437,41.7976705]}},
{"type":"Feature","properties":{"id":"node/5497177680","@id":"node/5497177680","abandoned":null,"access":null,"addr:city":null,"addr:housenumber":null,"addr:postcode":null,"addr:street":null,"addr:suburb":null,"aerodrome":null,"aerodrome:type":null,"aeroway":"parking_position","air_conditioning":null,"amenity":null,"archaeological_site":null,"baby_feeding":null,"barrier":null,"bicycle":null,"branch":null,"brand":null,"brand:wikidata":null,"brand:wikipedia":null,"bridge":null,"building":null,"building:colour":null,"building:height":null,"building:levels":null,"changing_table":null,"check_date":null,"check_date:opening_hours":null,"city_served":null,"compressed_air":null,"contact:email":null,"contact:phone":null,"contact:website":null,"content":null,"covered":null,"created_by":null,"cuisine":null,"cutting":null,"denomination":null,"description":null,"drinking_water":null,"ele":null,"email":null,"emergency":null,"fee":null,"female":null,"fixme":null,"foot":null,"fuel:diesel":null,"fuel:lpg":null,"fuel:octane_95":null,"healthcare":null,"height":null,"highway":null,"historic":null,"historic:civilization":null,"holding_position:type":null,"horse":null,"iata":null,"icao":null,"indoor":null,"internet_access":null,"landuse":null,"lanes":null,"layer":null,"leisure":null,"length":null,"level":null,"lit":null,"local_ref":null,"male":null,"man_made":null,"maxheight":null,"maxheight:signed":null,"maxspeed":null,"maxweight:signed":null,"min_height":null,"motor_vehicle":null,"motorcar":null,"museum":null,"music":null,"name":null,"name:ar":null,"name:bg":null,"name:de":null,"name:en":null,"name:es":null,"name:etymology:wikidata":null,"name:fa":null,"name:it":null,"name:ko":null,"name:ru":null,"name:signed":null,"navigationaid":null,"network":null,"nobrand":null,"note":null,"office":null,"official_name":null,"official_name:it":null,"official_name:ru":null,"old_name":null,"oneway":null,"opening_hours":null,"operator":null,"operator:wikidata":null,"operator:wikipedia":null,"parking":null,"passengers":null,"payment:cash":null,"payment:credit_cards":null,"payment:mastercard":null,"payment:visa":null,"phone":null,"psv":null,"public_transport":null,"railway":null,"ref":"501","ref:mise":null,"religion":null,"roof:colour":null,"roof:height":null,"roof:levels":null,"roof:shape":null,"ruins":null,"runway":null,"self_service":null,"service":null,"shelter_type":null,"shop":null,"short_operator":null,"sidewalk":null,"smoothness":null,"source":null,"source:date":null,"start_date":null,"surface":null,"takeaway":null,"taxi":null,"toilets":null,"toilets:disposal":null,"toilets:wheelchair":null,"tourism":null,"tourist_bus":null,"tower:type":null,"tracktype":null,"train":null,"tunnel":null,"type":null,"website":null,"website_1":null,"wheelchair":null,"width":null,"wikidata":null,"wikimedia_commons":null,"wikipedia":null},"geometry":{"type":"Point","coordinates":[12.2510935,41.7972245]}},
{"type":"Feature","properties":{"id":"node/7933836998","@id":"node/7933836998","abandoned":null,"access":null,"addr:city":null,"addr:housenumber":null,"addr:postcode":null,"addr:street":null,"addr:suburb":null,"aerodrome":null,"aerodrome:type":null,"aeroway":"parking_position","air_conditioning":null,"amenity":null,"archaeological_site":null,"baby_feeding":null,"barrier":null,"bicycle":null,"branch":null,"brand":null,"brand:wikidata":null,"brand:wikipedia":null,"bridge":null,"building":null,"building:colour":null,"building:height":null,"building:levels":null,"changing_table":null,"check_date":null,"check_date:opening_hours":null,"city_served":null,"compressed_air":null,"contact:email":null,"contact:phone":null,"contact:website":null,"content":null,"covered":null,"created_by":null,"cuisine":null,"cutting":null,"denomination":null,"description":null,"drinking_water":null,"ele":null,"email":null,"emergency":null,"fee":null,"female":null,"fixme":null,"foot":null,"fuel:diesel":null,"fuel:lpg":null,"fuel:octane_95":null,"healthcare":null,"height":null,"highway":null,"historic":null,"historic:civilization":null,"holding_position:type":null,"horse":null,"iata":null,"icao":null,"indoor":null,"internet_access":null,"landuse":null,"lanes":null,"layer":null,"leisure":null,"length":null,"level":null,"lit":null,"local_ref":null,"male":null,"man_made":null,"maxheight":null,"maxheight:signed":null,"maxspeed":null,"maxweight:signed":null,"min_height":null,"motor_vehicle":null,"motorcar":null,"museum":null,"music":null,"name":null,"name:ar":null,"name:bg":null,"name:de":null,"name:en":null,"name:es":null,"name:etymology:wikidata":null,"name:fa":null,"name:it":null,"name:ko":null,"name:ru":null,"name:signed":null,"navigationaid":null,"network":null,"nobrand":null,"note":null,"office":null,"official_name":null,"official_name:it":null,"official_name:ru":null,"old_name":null,"oneway":null,"opening_hours":null,"operator":null,"operator:wikidata":null,"operator:wikipedia":null,"parking":null,"passengers":null,"payment:cash":null,"payment:credit_cards":null,"payment:mastercard":null,"payment:visa":null,"phone":null,"psv":null,"public_transport":null,"railway":null,"ref":"408","ref:mise":null,"religion":null,"roof:colour":null,"roof:height":null,"roof:levels":null,"roof:shape":null,"ruins":null,"runway":null,"self_service":null,"service":null,"shelter_type":null,"shop":null,"short_operator":null,"sidewalk":null,"smoothness":null,"source":null,"source:date":null,"start_date":null,"surface":null,"takeaway":null,"taxi":null,"toilets":null,"toilets:disposal":null,"toilets:wheelchair":null,"tourism":null,"tourist_bus":null,"tower:type":null,"tracktype":null,"train":null,"tunnel":null,"type":null,"website":null,"website_1":null,"wheelchair":null,"width":null,"wikidata":null,"wikimedia_commons":null,"wikipedia":null},"geometry":{"type":"Point","coordinates":[12.2564737,41.7977339]}},
{"type":"Feature","properties":{"id":"node/7933836999","@id":"node/7933836999","abandoned":null,"access":null,"addr:city":null,"addr:housenumber":null,"addr:postcode":null,"addr:street":null,"addr:suburb":null,"aerodrome":null,"aerodrome:type":null,"aeroway":"parking_position","air_conditioning":null,"amenity":null,"archaeological_site":null,"baby_feeding":null,"barrier":null,"bicycle":null,"branch":null,"brand":null,"brand:wikidata":null,"brand:wikipedia":null,"bridge":null,"building":null,"building:colour":null,"building:height":null,"building:levels":null,"changing_table":null,"check_date":null,"check_date:opening_hours":null,"city_served":null,"compressed_air":null,"contact:email":null,"contact:phone":null,"contact:website":null,"content":null,"covered":null,"created_by":null,"cuisine":null,"cutting":null,"denomination":null,"description":null,"drinking_water":null,"ele":null,"email":null,"emergency":null,"fee":null,"female":null,"fixme":null,"foot":null,"fuel:diesel":null,"fuel:lpg":null,"fuel:octane_95":null,"healthcare":null,"height":null,"highway":null,"historic":null,"historic:civilization":null,"holding_position:type":null,"horse":null,"iata":null,"icao":null,"indoor":null,"internet_access":null,"landuse":null,"lanes":null,"layer":null,"leisure":null,"length":null,"level":null,"lit":null,"local_ref":null,"male":null,"man_made":null,"maxheight":null,"maxheight:signed":null,"maxspeed":null,"maxweight:signed":null,"min_height":null,"motor_vehicle":null,"motorcar":null,"museum":null,"music":null,"name":null,"name:ar":null,"name:bg":null,"name:de":null,"name:en":null,"name:es":null,"name:etymology:wikidata":null,"name:fa":null,"name:it":null,"name:ko":null,"name:ru":null,"name:signed":null,"navigationaid":null,"network":null,"nobrand":null,"note":null,"office":null,"official_name":null,"official_name:it":null,"official_name:ru":null,"old_name":null,"oneway":null,"opening_hours":null,"operator":null,"operator:wikidata":null,"operator:wikipedia":null,"parking":null,"passengers":null,"payment:cash":null,"payment:credit_cards":null,"payment:mastercard":null,"payment:visa":null,"phone":null,"psv":null,"public_transport":null,"railway":null,"ref":"409","ref:mise":null,"religion":null,"roof:colour":null,"roof:height":null,"roof:levels":null,"roof:shape":null,"ruins":null,"runway":null,"self_service":null,"service":null,"shelter_type":null,"shop":null,"short_operator":null,"sidewalk":null,"smoothness":null,"source":null,"source:date":null,"start_date":null,"surface":null,"takeaway":null,"taxi":null,"toilets":null,"toilets:disposal":null,"toilets:wheelchair":null,"tourism":null,"tourist_bus":null,"tower:type":null,"tracktype":null,"train":null,"tunnel":null,"type":null,"website":null,"website_1":null,"wheelchair":null,"width":null,"wikidata":null,"wikimedia_commons":null,"wikipedia":null},"geometry":{"type":"Point","coordinates":[12.2562319,41.797309]}},
{"type":"Feature","properties":{"id":"node/7933837000","@id":"node/7933837000","abandoned":null,"access":null,"addr:city":null,"addr:housenumber":null,"addr:postcode":null,"addr:street":null,"addr:suburb":null,"aerodrome":null,"aerodrome:type":null,"aeroway":"parking_position","air_conditioning":null,"amenity":null,"archaeological_site":null,"baby_feeding":null,"barrier":null,"bicycle":null,"branch":null,"brand":null,"brand:wikidata":null,"brand:wikipedia":null,"bridge":null,"building":null,"building:colour":null,"building:height":null,"building:levels":null,"changing_table":null,"check_date":null,"check_date:opening_hours":null,"city_served":null,"compressed_air":null,"contact:email":null,"contact:phone":null,"contact:website":null,"content":null,"covered":null,"created_by":null,"cuisine":null,"cutting":null,"denomination":null,"description":null,"drinking_water":null,"ele":null,"email":null,"emergency":null,"fee":null,"female":null,"fixme":null,"foot":null,"fuel:diesel":null,"fuel:lpg":null,"fuel:octane_95":null,"healthcare":null,"height":null,"highway":null,"historic":null,"historic:civilization":null,"holding_position:type":null,"horse":null,"iata":null,"icao":null,"indoor":null,"internet_access":null,"landuse":null,"lanes":null,"layer":null,"leisure":null,"length":null,"level":null,"lit":null,"local_ref":null,"male":null,"man_made":null,"maxheight":null,"maxheight:signed":null,"maxspeed":null,"maxweight:signed":null,"min_height":null,"motor_vehicle":null,"motorcar":null,"museum":null,"music":null,"name":null,"name:ar":null,"name:bg":null,"name:de":null,"name:en":null,"name:es":null,"name:etymology:wikidata":null,"name:fa":null,"name:it":null,"name:ko":null,"name:ru":null,"name:signed":null,"navigationaid":null,"network":null,"nobrand":null,"note":null,"office":null,"official_name":null,"official_name:it":null,"official_name:ru":null,"old_name":null,"oneway":null,"opening_hours":null,"operator":null,"operator:wikidata":null,"operator:wikipedia":null,"parking":null,"passengers":null,"payment:cash":null,"payment:credit_cards":null,"payment:mastercard":null,"payment:visa":null,"phone":null,"psv":null,"public_transport":null,"railway":null,"ref":"410","ref:mise":null,"religion":null,"roof:colour":null,"roof:height":null,"roof:levels":null,"roof:shape":null,"ruins":null,"runway":null,"self_service":null,"service":null,"shelter_type":null,"shop":null,"short_operator":null,"sidewalk":null,"smoothness":null,"source":null,"source:date":null,"start_date":null,"surface":null,"takeaway":null,"taxi":null,"toilets":null,"toilets:disposal":null,"toilets:wheelchair":null,"tourism":null,"tourist_bus":null,"tower:type":null,"tracktype":null,"train":null,"tunnel":null,"type":null,"website":null,"website_1":null,"wheelchair":null,"width":null,"wikidata":null,"wikimedia_commons":null,"wikipedia":null},"geometry":{"type":"Point","coordinates":[12.2559993,41.7969372]}},
{"type":"Feature","properties":{"id":"node/11110415936","@id":"node/11110415936","abandoned":null,"access":null,"addr:city":null,"addr:housenumber":null,"addr:postcode":null,"addr:street":null,"addr:suburb":null,"aerodrome":null,"aerodrome:type":null,"aeroway":"parking_position","air_conditioning":null,"amenity":null,"archaeological_site":null,"baby_feeding":null,"barrier":null,"bicycle":null,"branch":null,"brand":null,"brand:wikidata":null,"brand:wikipedia":null,"bridge":null,"building":null,"building:colour":null,"building:height":null,"building:levels":null,"changing_table":null,"check_date":null,"check_date:opening_hours":null,"city_served":null,"compressed_air":null,"contact:email":null,"contact:phone":null,"contact:website":null,"content":null,"covered":null,"created_by":null,"cuisine":null,"cutting":null,"denomination":null,"description":null,"drinking_water":null,"ele":null,"email":null,"emergency":null,"fee":null,"female":null,"fixme":null,"foot":null,"fuel:diesel":null,"fuel:lpg":null,"fuel:octane_95":null,"healthcare":null,"height":null,"highway":null,"historic":null,"historic:civilization":null,"holding_position:type":null,"horse":null,"iata":null,"icao":null,"indoor":null,"internet_access":null,"landuse":null,"lanes":null,"layer":null,"leisure":null,"length":null,"level":null,"lit":null,"local_ref":null,"male":null,"man_made":null,"maxheight":null,"maxheight:signed":null,"maxspeed":null,"maxweight:signed":null,"min_height":null,"motor_vehicle":null,"motorcar":null,"museum":null,"music":null,"name":null,"name:ar":null,"name:bg":null,"name:de":null,"name:en":null,"name:es":null,"name:etymology:wikidata":null,"name:fa":null,"name:it":null,"name:ko":null,"name:ru":null,"name:signed":null,"navigationaid":null,"network":null,"nobrand":null,"note":null,"office":null,"official_name":null,"official_name:it":null,"official_name:ru":null,"old_name":null,"oneway":null,"opening_hours":null,"operator":null,"operator:wikidata":null,"operator:wikipedia":null,"parking":null,"passengers":null,"payment:cash":null,"payment:credit_cards":null,"payment:mastercard":null,"payment:visa":null,"phone":null,"psv":null,"public_transport":null,"railway":null,"ref":"405","ref:mise":null,"religion":null,"roof:colour":null,"roof:height":null,"roof:levels":null,"roof:shape":null,"ruins":null,"runway":null,"self_service":null,"service":null,"shelter_type":null,"shop":null,"short_operator":null,"sidewalk":null,"smoothness":null,"source":null,"source:date":null,"start_date":null,"surface":null,"takeaway":null,"taxi":null,"toilets":null,"toilets:disposal":null,"toilets:wheelchair":null,"tourism":null,"tourist_bus":null,"tower:type":null,"tracktype":null,"train":null,"tunnel":null,"type":null,"website":null,"website_1":null,"wheelchair":null,"width":null,"wikidata":null,"wikimedia_commons":null,"wikipedia":null},"geometry":{"type":"Point","coordinates":[12.2556541,41.7982765]}},
{"type":"Feature","properties":{"id":"node/11110415937","@id":"node/11110415937","abandoned":null,"access":null,"addr:city":null,"addr:housenumber":null,"addr:postcode":null,"addr:street":null,"addr:suburb":null,"aerodrome":null,"aerodrome:type":null,"aeroway":"parking_position","air_conditioning":null,"amenity":null,"archaeological_site":null,"baby_feeding":null,"barrier":null,"bicycle":null,"branch":null,"brand":null,"brand:wikidata":null,"brand:wikipedia":null,"bridge":null,"building":null,"building:colour":null,"building:height":null,"building:levels":null,"changing_table":null,"check_date":null,"check_date:opening_hours":null,"city_served":null,"compressed_air":null,"contact:email":null,"contact:phone":null,"contact:website":null,"content":null,"covered":null,"created_by":null,"cuisine":null,"cutting":null,"denomination":null,"description":null,"drinking_water":null,"ele":null,"email":null,"emergency":null,"fee":null,"female":null,"fixme":null,"foot":null,"fuel:diesel":null,"fuel:lpg":null,"fuel:octane_95":null,"healthcare":null,"height":null,"highway":null,"historic":null,"historic:civilization":null,"holding_position:type":null,"horse":null,"iata":null,"icao":null,"indoor":null,"internet_access":null,"landuse":null,"lanes":null,"layer":null,"leisure":null,"length":null,"level":null,"lit":null,"local_ref":null,"male":null,"man_made":null,"maxheight":null,"maxheight:signed":null,"maxspeed":null,"maxweight:signed":null,"min_height":null,"motor_vehicle":null,"motorcar":null,"museum":null,"music":null,"name":null,"name:ar":null,"name:bg":null,"name:de":null,"name:en":null,"name:es":null,"name:etymology:wikidata":null,"name:fa":null,"name:it":null,"name:ko":null,"name:ru":null,"name:signed":null,"navigationaid":null,"network":null,"nobrand":null,"note":null,"office":null,"official_name":null,"official_name:it":null,"official_name:ru":null,"old_name":null,"oneway":null,"opening_hours":null,"operator":null,"operator:wikidata":null,"operator:wikipedia":null,"parking":null,"passengers":null,"payment:cash":null,"payment:credit_cards":null,"payment:mastercard":null,"payment:visa":null,"phone":null,"psv":null,"public_transport":null,"railway":null,"ref":"406","ref:mise":null,"religion":null,"roof:colour":null,"roof:height":null,"roof:levels":null,"roof:shape":null,"ruins":null,"runway":null,"self_service":null,"service":null,"shelter_type":null,"shop":null,"short_operator":null,"sidewalk":null,"smoothness":null,"source":null,"source:date":null,"start_date":null,"surface":null,"takeaway":null,"taxi":null,"toilets":null,"toilets:disposal":null,"toilets:wheelchair":null,"tourism":null,"tourist_bus":null,"tower:type":null,"tracktype":null,"train":null,"tunnel":null,"type":null,"website":null,"website_1":null,"wheelchair":null,"width":null,"wikidata":null,"wikimedia_commons":null,"wikipedia":null},"geometry":{"type":"Point","coordinates":[12.2557028,41.7983618]}},
{"type":"Feature","properties":{"id":"node/11110415939","@id":"node/11110415939","abandoned":null,"access":null,"addr:city":null,"addr:housenumber":null,"addr:postcode":null,"addr:street":null,"addr:suburb":null,"aerodrome":null,"aerodrome:type":null,"aeroway":"parking_position","air_conditioning":null,"amenity":null,"archaeological_site":null,"baby_feeding":null,"barrier":null,"bicycle":null,"branch":null,"brand":null,"brand:wikidata":null,"brand:wikipedia":null,"bridge":null,"building":null,"building:colour":null,"building:height":null,"building:levels":null,"changing_table":null,"check_date":null,"check_date:opening_hours":null,"city_served":null,"compressed_air":null,"contact:email":null,"contact:phone":null,"contact:website":null,"content":null,"covered":null,"created_by":null,"cuisine":null,"cutting":null,"denomination":null,"description":null,"drinking_water":null,"ele":null,"email":null,"emergency":null,"fee":null,"female":null,"fixme":null,"foot":null,"fuel:diesel":null,"fuel:lpg":null,"fuel:octane_95":null,"healthcare":null,"height":null,"highway":null,"historic":null,"historic:civilization":null,"holding_position:type":null,"horse":null,"iata":null,"icao":null,"indoor":null,"internet_access":null,"landuse":null,"lanes":null,"layer":null,"leisure":null,"length":null,"level":null,"lit":null,"local_ref":null,"male":null,"man_made":null,"maxheight":null,"maxheight:signed":null,"maxspeed":null,"maxweight:signed":null,"min_height":null,"motor_vehicle":null,"motorcar":null,"museum":null,"music":null,"name":null,"name:ar":null,"name:bg":null,"name:de":null,"name:en":null,"name:es":null,"name:etymology:wikidata":null,"name:fa":null,"name:it":null,"name:ko":null,"name:ru":null,"name:signed":null,"navigationaid":null,"network":null,"nobrand":null,"note":null,"office":null,"official_name":null,"official_name:it":null,"official_name:ru":null,"old_name":null,"oneway":null,"opening_hours":null,"operator":null,"operator:wikidata":null,"operator:wikipedia":null,"parking":null,"passengers":null,"payment:cash":null,"payment:credit_cards":null,"payment:mastercard":null,"payment:visa":null,"phone":null,"psv":null,"public_transport":null,"railway":null,"ref":"407","ref:mise":null,"religion":null,"roof:colour":null,"roof:height":null,"roof:levels":null,"roof:shape":null,"ruins":null,"runway":null,"self_service":null,"service":null,"shelter_type":null,"shop":null,"short_operator":null,"sidewalk":null,"smoothness":null,"source":null,"source:date":null,"start_date":null,"surface":null,"takeaway":null,"taxi":null,"toilets":null,"toilets:disposal":null,"toilets:wheelchair":null,"tourism":null,"tourist_bus":null,"tower:type":null,"tracktype":null,"train":null,"tunnel":null,"type":null,"website":null,"website_1":null,"wheelchair":null,"width":null,"wikidata":null,"wikimedia_commons":null,"wikipedia":null},"geometry":{"type":"Point","coordinates":[12.2567998,41.7981879]}},
{"type":"Feature","properties":{"id":"node/11110415941","@id":"node/11110415941","abandoned":null,"access":null,"addr:city":null,"addr:housenumber":null,"addr:postcode":null,"addr:street":null,"addr:suburb":null,"aerodrome":null,"aerodrome:type":null,"aeroway":"parking_position","air_conditioning":null,"amenity":null,"archaeological_site":null,"baby_feeding":null,"barrier":null,"bicycle":null,"branch":null,"brand":null,"brand:wikidata":null,"brand:wikipedia":null,"bridge":null,"building":null,"building:colour":null,"building:height":null,"building:levels":null,"changing_table":null,"check_date":null,"check_date:opening_hours":null,"city_served":null,"compressed_air":null,"contact:email":null,"contact:phone":null,"contact:website":null,"content":null,"covered":null,"created_by":null,"cuisine":null,"cutting":null,"denomination":null,"description":null,"drinking_water":null,"ele":null,"email":null,"emergency":null,"fee":null,"female":null,"fixme":null,"foot":null,"fuel:diesel":null,"fuel:lpg":null,"fuel:octane_95":null,"healthcare":null,"height":null,"highway":null,"historic":null,"historic:civilization":null,"holding_position:type":null,"horse":null,"iata":null,"icao":null,"indoor":null,"internet_access":null,"landuse":null,"lanes":null,"layer":null,"leisure":null,"length":null,"level":null,"lit":null,"local_ref":null,"male":null,"man_made":null,"maxheight":null,"maxheight:signed":null,"maxspeed":null,"maxweight:signed":null,"min_height":null,"motor_vehicle":null,"motorcar":null,"museum":null,"music":null,"name":null,"name:ar":null,"name:bg":null,"name:de":null,"name:en":null,"name:es":null,"name:etymology:wikidata":null,"name:fa":null,"name:it":null,"name:ko":null,"name:ru":null,"name:signed":null,"navigationaid":null,"network":null,"nobrand":null,"note":null,"office":null,"official_name":null,"official_name:it":null,"official_name:ru":null,"old_name":null,"oneway":null,"opening_hours":null,"operator":null,"operator:wikidata":null,"operator:wikipedia":null,"parking":null,"passengers":null,"payment:cash":null,"payment:credit_cards":null,"payment:mastercard":null,"payment:visa":null,"phone":null,"psv":null,"public_transport":null,"railway":null,"ref":"411","ref:mise":null,"religion":null,"roof:colour":null,"roof:height":null,"roof:levels":null,"roof:shape":null,"ruins":null,"runway":null,"self_service":null,"service":null,"shelter_type":null,"shop":null,"short_operator":null,"sidewalk":null,"smoothness":null,"source":null,"source:date":null,"start_date":null,"surface":null,"takeaway":null,"taxi":null,"toilets":null,"toilets:disposal":null,"toilets:wheelchair":null,"tourism":null,"tourist_bus":null,"tower:type":null,"tracktype":null,"train":null,"tunnel":null,"type":null,"website":null,"website_1":null,"wheelchair":null,"width":null,"wikidata":null,"wikimedia_commons":null,"wikipedia":null},"geometry":{"type":"Point","coordinates":[12.2558262,41.7965542]}},
{"type":"Feature","properties":{"id":"node/11110415943","@id":"node/11110415943","abandoned":null,"access":null,"addr:city":null,"addr:housenumber":null,"addr:postcode":null,"addr:street":null,"addr:suburb":null,"aerodrome":null,"aerodrome:type":null,"aeroway":"parking_position","air_conditioning":null,"amenity":null,"archaeological_site":null,"baby_feeding":null,"barrier":null,"bicycle":null,"branch":null,"brand":null,"brand:wikidata":null,"brand:wikipedia":null,"bridge":null,"building":null,"building:colour":null,"building:height":null,"building:levels":null,"changing_table":null,"check_date":null,"check_date:opening_hours":null,"city_served":null,"compressed_air":null,"contact:email":null,"contact:phone":null,"contact:website":null,"content":null,"covered":null,"created_by":null,"cuisine":null,"cutting":null,"denomination":null,"description":null,"drinking_water":null,"ele":null,"email":null,"emergency":null,"fee":null,"female":null,"fixme":null,"foot":null,"fuel:diesel":null,"fuel:lpg":null,"fuel:octane_95":null,"healthcare":null,"height":null,"highway":null,"historic":null,"historic:civilization":null,"holding_position:type":null,"horse":null,"iata":null,"icao":null,"indoor":null,"internet_access":null,"landuse":null,"lanes":null,"layer":null,"leisure":null,"length":null,"level":null,"lit":null,"local_ref":null,"male":null,"man_made":null,"maxheight":null,"maxheight:signed":null,"maxspeed":null,"maxweight:signed":null,"min_height":null,"motor_vehicle":null,"motorcar":null,"museum":null,"music":null,"name":null,"name:ar":null,"name:bg":null,"name:de":null,"name:en":null,"name:es":null,"name:etymology:wikidata":null,"name:fa":null,"name:it":null,"name:ko":null,"name:ru":null,"name:signed":null,"navigationaid":null,"network":null,"nobrand":null,"note":null,"office":null,"official_name":null,"official_name:it":null,"official_name:ru":null,"old_name":null,"oneway":null,"opening_hours":null,"operator":null,"operator:wikidata":null,"operator:wikipedia":null,"parking":null,"passengers":null,"payment:cash":null,"payment:credit_cards":null,"payment:mastercard":null,"payment:visa":null,"phone":null,"psv":null,"public_transport":null,"railway":null,"ref":"412","ref:mise":null,"religion":null,"roof:colour":null,"roof:height":null,"roof:levels":null,"roof:shape":null,"ruins":null,"runway":null,"self_service":null,"service":null,"shelter_type":null,"shop":null,"short_operator":null,"sidewalk":null,"smoothness":null,"source":null,"source:date":null,"start_date":null,"surface":null,"takeaway":null,"taxi":null,"toilets":null,"toilets:disposal":null,"toilets:wheelchair":null,"tourism":null,"tourist_bus":null,"tower:type":null,"tracktype":null,"train":null,"tunnel":null,"type":null,"website":null,"website_1":null,"wheelchair":null,"width":null,"wikidata":null,"wikimedia_commons":null,"wikipedia":null},"geometry":{"type":"Point","coordinates":[12.2555767,41.7962363]}},
{"type":"Feature","properties":{"id":"node/11110415988","@id":"node/11110415988","abandoned":null,"access":null,"addr:city":null,"addr:housenumber":null,"addr:postcode":null,"addr:street":null,"addr:suburb":null,"aerodrome":null,"aerodrome:type":null,"aeroway":"parking_position","air_conditioning":null,"amenity":null,"archaeological_site":null,"baby_feeding":null,"barrier":null,"bicycle":null,"branch":null,"brand":null,"brand:wikidata":null,"brand:wikipedia":null,"bridge":null,"building":null,"building:colour":null,"building:height":null,"building:levels":null,"changing_table":null,"check_date":null,"check_date:opening_hours":null,"city_served":null,"compressed_air":null,"contact:email":null,"contact:phone":null,"contact:website":null,"content":null,"covered":null,"created_by":null,"cuisine":null,"cutting":null,"denomination":null,"description":null,"drinking_water":null,"ele":null,"email":null,"emergency":null,"fee":null,"female":null,"fixme":null,"foot":null,"fuel:diesel":null,"fuel:lpg":null,"fuel:octane_95":null,"healthcare":null,"height":null,"highway":null,"historic":null,"historic:civilization":null,"holding_position:type":null,"horse":null,"iata":null,"icao":null,"indoor":null,"internet_access":null,"landuse":null,"lanes":null,"layer":null,"leisure":null,"length":null,"level":null,"lit":null,"local_ref":null,"male":null,"man_made":null,"maxheight":null,"maxheight:signed":null,"maxspeed":null,"maxweight:signed":null,"min_height":null,"motor_vehicle":null,"motorcar":null,"museum":null,"music":null,"name":null,"name:ar":null,"name:bg":null,"name:de":null,"name:en":null,"name:es":null,"name:etymology:wikidata":null,"name:fa":null,"name:it":null,"name:ko":null,"name:ru":null,"name:signed":null,"navigationaid":null,"network":null,"nobrand":null,"note":null,"office":null,"official_name":null,"official_name:it":null,"official_name:ru":null,"old_name":null,"oneway":null,"opening_hours":null,"operator":null,"operator:wikidata":null,"operator:wikipedia":null,"parking":null,"passengers":null,"payment:cash":null,"payment:credit_cards":null,"payment:mastercard":null,"payment:visa":null,"phone":null,"psv":null,"public_transport":null,"railway":null,"ref":"306","ref:mise":null,"religion":null,"roof:colour":null,"roof:height":null,"roof:levels":null,"roof:shape":null,"ruins":null,"runway":null,"self_service":null,"service":null,"shelter_type":null,"shop":null,"short_operator":null,"sidewalk":null,"smoothness":null,"source":null,"source:date":null,"start_date":null,"surface":null,"takeaway":null,"taxi":null,"toilets":null,"toilets:disposal":null,"toilets:wheelchair":null,"tourism":null,"tourist_bus":null,"tower:type":null,"tracktype":null,"train":null,"tunnel":null,"type":null,"website":null,"website_1":null,"wheelchair":null,"width":null,"wikidata":null,"wikimedia_commons":null,"wikipedia":null},"geometry":{"type":"Point","coordinates":[12.2588209,41.7972985]}},
{"type":"Feature","properties":{"id":"node/11110415989","@id":"node/11110415989","abandoned":null,"access":null,"addr:city":null,"addr:housenumber":null,"addr:postcode":null,"addr:street":null,"addr:suburb":null,"aerodrome":null,"aerodrome:type":null,"aeroway":"parking_position","air_conditioning":null,"amenity":null,"archaeological_site":null,"baby_feeding":null,"barrier":null,"bicycle":null,"branch":null,"brand":null,"brand:wikidata":null,"brand:wikipedia":null,"bridge":null,"building":null,"building:colour":null,"building:height":null,"building:levels":null,"changing_table":null,"check_date":null,"check_date:opening_hours":null,"city_served":null,"compressed_air":null,"contact:email":null,"contact:phone":null,"contact:website":null,"content":null,"covered":null,"created_by":null,"cuisine":null,"cutting":null,"denomination":null,"description":null,"drinking_water":null,"ele":null,"email":null,"emergency":null,"fee":null,"female":null,"fixme":null,"foot":null,"fuel:diesel":null,"fuel:lpg":null,"fuel:octane_95":null,"healthcare":null,"height":null,"highway":null,"historic":null,"historic:civilization":null,"holding_position:type":null,"horse":null,"iata":null,"icao":null,"indoor":null,"internet_access":null,"landuse":null,"lanes":null,"layer":null,"leisure":null,"length":null,"level":null,"lit":null,"local_ref":null,"male":null,"man_made":null,"maxheight":null,"maxheight:signed":null,"maxspeed":null,"maxweight:signed":null,"min_height":null,"motor_vehicle":null,"motorcar":null,"museum":null,"music":null,"name":null,"name:ar":null,"name:bg":null,"name:de":null,"name:en":null,"name:es":null,"name:etymology:wikidata":null,"name:fa":null,"name:it":null,"name:ko":null,"name:ru":null,"name:signed":null,"navigationaid":null,"network":null,"nobrand":null,"note":null,"office":null,"official_name":null,"official_name:it":null,"official_name:ru":null,"old_name":null,"oneway":null,"opening_hours":null,"operator":null,"operator:wikidata":null,"operator:wikipedia":null,"parking":null,"passengers":null,"payment:cash":null,"payment:credit_cards":null,"payment:mastercard":null,"payment:visa":null,"phone":null,"psv":null,"public_transport":null,"railway":null,"ref":"307","ref:mise":null,"religion":null,"roof:colour":null,"roof:height":null,"roof:levels":null,"roof:shape":null,"ruins":null,"runway":null,"self_service":null,"service":null,"shelter_type":null,"shop":null,"short_operator":null,"sidewalk":null,"smoothness":null,"source":null,"source:date":null,"start_date":null,"surface":null,"takeaway":null,"taxi":null,"toilets":null,"toilets:disposal":null,"toilets:wheelchair":null,"tourism":null,"tourist_bus":null,"tower:type":null,"tracktype":null,"train":null,"tunnel":null,"type":null,"website":null,"website_1":null,"wheelchair":null,"width":null,"wikidata":null,"wikimedia_commons":null,"wikipedia":null},"geometry":{"type":"Point","coordinates":[12.2593578,41.7971967]}},
{"type":"Feature","properties":{"id":"node/11110430511","@id":"node/11110430511","abandoned":null,"access":null,"addr:city":null,"addr:housenumber":null,"addr:postcode":null,"addr:street":null,"addr:suburb":null,"aerodrome":null,"aerodrome:type":null,"aeroway":"parking_position","air_conditioning":null,"amenity":null,"archaeological_site":null,"baby_feeding":null,"barrier":null,"bicycle":null,"branch":null,"brand":null,"brand:wikidata":null,"brand:wikipedia":null,"bridge":null,"building":null,"building:colour":null,"building:height":null,"building:levels":null,"changing_table":null,"check_date":null,"check_date:opening_hours":null,"city_served":null,"compressed_air":null,"contact:email":null,"contact:phone":null,"contact:website":null,"content":null,"covered":null,"created_by":null,"cuisine":null,"cutting":null,"denomination":null,"description":null,"drinking_water":null,"ele":null,"email":null,"emergency":null,"fee":null,"female":null,"fixme":null,"foot":null,"fuel:diesel":null,"fuel:lpg":null,"fuel:octane_95":null,"healthcare":null,"height":null,"highway":null,"historic":null,"historic:civilization":null,"holding_position:type":null,"horse":null,"iata":null,"icao":null,"indoor":null,"internet_access":null,"landuse":null,"lanes":null,"layer":null,"leisure":null,"length":null,"level":null,"lit":null,"local_ref":null,"male":null,"man_made":null,"maxheight":null,"maxheight:signed":null,"maxspeed":null,"maxweight:signed":null,"min_height":null,"motor_vehicle":null,"motorcar":null,"museum":null,"music":null,"name":null,"name:ar":null,"name:bg":null,"name:de":null,"name:en":null,"name:es":null,"name:etymology:wikidata":null,"name:fa":null,"name:it":null,"name:ko":null,"name:ru":null,"name:signed":null,"navigationaid":null,"network":null,"nobrand":null,"note":null,"office":null,"official_name":null,"official_name:it":null,"official_name:ru":null,"old_name":null,"oneway":null,"opening_hours":null,"operator":null,"operator:wikidata":null,"operator:wikipedia":null,"parking":null,"passengers":null,"payment:cash":null,"payment:credit_cards":null,"payment:mastercard":null,"payment:visa":null,"phone":null,"psv":null,"public_transport":null,"railway":null,"ref":"304","ref:mise":null,"religion":null,"roof:colour":null,"roof:height":null,"roof:levels":null,"roof:shape":null,"ruins":null,"runway":null,"self_service":null,"service":null,"shelter_type":null,"shop":null,"short_operator":null,"sidewalk":null,"smoothness":null,"source":null,"source:date":null,"start_date":null,"surface":null,"takeaway":null,"taxi":null,"toilets":null,"toilets:disposal":null,"toilets:wheelchair":null,"tourism":null,"tourist_bus":null,"tower:type":null,"tracktype":null,"train":null,"tunnel":null,"type":null,"website":null,"website_1":null,"wheelchair":null,"width":null,"wikidata":null,"wikimedia_commons":null,"wikipedia":null},"geometry":{"type":"Point","coordinates":[12.2583793,41.7965635]}},
{"type":"Feature","properties":{"id":"node/11110430513","@id":"node/11110430513","abandoned":null,"access":null,"addr:city":null,"addr:housenumber":null,"addr:postcode":null,"addr:street":null,"addr:suburb":null,"aerodrome":null,"aerodrome:type":null,"aeroway":"parking_position","air_conditioning":null,"amenity":null,"archaeological_site":null,"baby_feeding":null,"barrier":null,"bicycle":null,"branch":null,"brand":null,"brand:wikidata":null,"brand:wikipedia":null,"bridge":null,"building":null,"building:colour":null,"building:height":null,"building:levels":null,"changing_table":null,"check_date":null,"check_date:opening_hours":null,"city_served":null,"compressed_air":null,"contact:email":null,"contact:phone":null,"contact:website":null,"content":null,"covered":null,"created_by":null,"cuisine":null,"cutting":null,"denomination":null,"description":null,"drinking_water":null,"ele":null,"email":null,"emergency":null,"fee":null,"female":null,"fixme":null,"foot":null,"fuel:diesel":null,"fuel:lpg":null,"fuel:octane_95":null,"healthcare":null,"height":null,"highway":null,"historic":null,"historic:civilization":null,"holding_position:type":null,"horse":null,"iata":null,"icao":null,"indoor":null,"internet_access":null,"landuse":null,"lanes":null,"layer":null,"leisure":null,"length":null,"level":null,"lit":null,"local_ref":null,"male":null,"man_made":null,"maxheight":null,"maxheight:signed":null,"maxspeed":null,"maxweight:signed":null,"min_height":null,"motor_vehicle":null,"motorcar":null,"museum":null,"music":null,"name":null,"name:ar":null,"name:bg":null,"name:de":null,"name:en":null,"name:es":null,"name:etymology:wikidata":null,"name:fa":null,"name:it":null,"name:ko":null,"name:ru":null,"name:signed":null,"navigationaid":null,"network":null,"nobrand":null,"note":null,"office":null,"official_name":null,"official_name:it":null,"official_name:ru":null,"old_name":null,"oneway":null,"opening_hours":null,"operator":null,"operator:wikidata":null,"operator:wikipedia":null,"parking":null,"passengers":null,"payment:cash":null,"payment:credit_cards":null,"payment:mastercard":null,"payment:visa":null,"phone":null,"psv":null,"public_transport":null,"railway":null,"ref":"305","ref:mise":null,"religion":null,"roof:colour":null,"roof:height":null,"roof:levels":null,"roof:shape":null,"ruins":null,"runway":null,"self_service":null,"service":null,"shelter_type":null,"shop":null,"short_operator":null,"sidewalk":null,"smoothness":null,"source":null,"source:date":null,"start_date":null,"surface":null,"takeaway":null,"taxi":null,"toilets":null,"toilets:disposal":null,"toilets:wheelchair":null,"tourism":null,"tourist_bus":null,"tower:type":null,"tracktype":null,"train":null,"tunnel":null,"type":null,"website":null,"website_1":null,"wheelchair":null,"width":null,"wikidata":null,"wikimedia_commons":null,"wikipedia":null},"geometry":{"type":"Point","coordinates":[12.2586027,41.7969295]}},
{"type":"Feature","properties":{"id":"node/11110430515","@id":"node/11110430515","abandoned":null,"access":null,"addr:city":null,"addr:housenumber":null,"addr:postcode":null,"addr:street":null,"addr:suburb":null,"aerodrome":null,"aerodrome:type":null,"aeroway":"parking_position","air_conditioning":null,"amenity":null,"archaeological_site":null,"baby_feeding":null,"barrier":null,"bicycle":null,"branch":null,"brand":null,"brand:wikidata":null,"brand:wikipedia":null,"bridge":null,"building":null,"building:colour":null,"building:height":null,"building:levels":null,"changing_table":null,"check_date":null,"check_date:opening_hours":null,"city_served":null,"compressed_air":null,"contact:email":null,"contact:phone":null,"contact:website":null,"content":null,"covered":null,"created_by":null,"cuisine":null,"cutting":null,"denomination":null,"description":null,"drinking_water":null,"ele":null,"email":null,"emergency":null,"fee":null,"female":null,"fixme":null,"foot":null,"fuel:diesel":null,"fuel:lpg":null,"fuel:octane_95":null,"healthcare":null,"height":null,"highway":null,"historic":null,"historic:civilization":null,"holding_position:type":null,"horse":null,"iata":null,"icao":null,"indoor":null,"internet_access":null,"landuse":null,"lanes":null,"layer":null,"leisure":null,"length":null,"level":null,"lit":null,"local_ref":null,"male":null,"man_made":null,"maxheight":null,"maxheight:signed":null,"maxspeed":null,"maxweight:signed":null,"min_height":null,"motor_vehicle":null,"motorcar":null,"museum":null,"music":null,"name":null,"name:ar":null,"name:bg":null,"name:de":null,"name:en":null,"name:es":null,"name:etymology:wikidata":null,"name:fa":null,"name:it":null,"name:ko":null,"name:ru":null,"name:signed":null,"navigationaid":null,"network":null,"nobrand":null,"note":null,"office":null,"official_name":null,"official_name:it":null,"official_name:ru":null,"old_name":null,"oneway":null,"opening_hours":null,"operator":null,"operator:wikidata":null,"operator:wikipedia":null,"parking":null,"passengers":null,"payment:cash":null,"payment:credit_cards":null,"payment:mastercard":null,"payment:visa":null,"phone":null,"psv":null,"public_transport":null,"railway":null,"ref":"303","ref:mise":null,"religion":null,"roof:colour":null,"roof:height":null,"roof:levels":null,"roof:shape":null,"ruins":null,"runway":null,"self_service":null,"service":null,"shelter_type":null,"shop":null,"short_operator":null,"sidewalk":null,"smoothness":null,"source":null,"source:date":null,"start_date":null,"surface":null,"takeaway":null,"taxi":null,"toilets":null,"toilets:disposal":null,"toilets:wheelchair":null,"tourism":null,"tourist_bus":null,"tower:type":null,"tracktype":null,"train":null,"tunnel":null,"type":null,"website":null,"website_1":null,"wheelchair":null,"width":null,"wikidata":null,"wikimedia_commons":null,"wikipedia":null},"geometry":{"type":"Point","coordinates":[12.258151,41.7961934]}},
{"type":"Feature","properties":{"id":"node/11110430517","@id":"node/11110430517","abandoned":null,"access":null,"addr:city":null,"addr:housenumber":null,"addr:postcode":null,"addr:street":null,"addr:suburb":null,"aerodrome":null,"aerodrome:type":null,"aeroway":"parking_position","air_conditioning":null,"amenity":null,"archaeological_site":null,"baby_feeding":null,"barrier":null,"bicycle":null,"branch":null,"brand":null,"brand:wikidata":null,"brand:wikipedia":null,"bridge":null,"building":null,"building:colour":null,"building:height":null,"building:levels":null,"changing_table":null,"check_date":null,"check_date:opening_hours":null,"city_served":null,"compressed_air":null,"contact:email":null,"contact:phone":null,"contact:website":null,"content":null,"covered":null,"created_by":null,"cuisine":null,"cutting":null,"denomination":null,"description":null,"drinking_water":null,"ele":null,"email":null,"emergency":null,"fee":null,"female":null,"fixme":null,"foot":null,"fuel:diesel":null,"fuel:lpg":null,"fuel:octane_95":null,"healthcare":null,"height":null,"highway":null,"historic":null,"historic:civilization":null,"holding_position:type":null,"horse":null,"iata":null,"icao":null,"indoor":null,"internet_access":null,"landuse":null,"lanes":null,"layer":null,"leisure":null,"length":null,"level":null,"lit":null,"local_ref":null,"male":null,"man_made":null,"maxheight":null,"maxheight:signed":null,"maxspeed":null,"maxweight:signed":null,"min_height":null,"motor_vehicle":null,"motorcar":null,"museum":null,"music":null,"name":null,"name:ar":null,"name:bg":null,"name:de":null,"name:en":null,"name:es":null,"name:etymology:wikidata":null,"name:fa":null,"name:it":null,"name:ko":null,"name:ru":null,"name:signed":null,"navigationaid":null,"network":null,"nobrand":null,"note":null,"office":null,"official_name":null,"official_name:it":null,"official_name:ru":null,"old_name":null,"oneway":null,"opening_hours":null,"operator":null,"operator:wikidata":null,"operator:wikipedia":null,"parking":null,"passengers":null,"payment:cash":null,"payment:credit_cards":null,"payment:mastercard":null,"payment:visa":null,"phone":null,"psv":null,"public_transport":null,"railway":null,"ref":"302","ref:mise":null,"religion":null,"roof:colour":null,"roof:height":null,"roof:levels":null,"roof:shape":null,"ruins":null,"runway":null,"self_service":null,"service":null,"shelter_type":null,"shop":null,"short_operator":null,"sidewalk":null,"smoothness":null,"source":null,"source:date":null,"start_date":null,"surface":null,"takeaway":null,"taxi":null,"toilets":null,"toilets:disposal":null,"toilets:wheelchair":null,"tourism":null,"tourist_bus":null,"tower:type":null,"tracktype":null,"train":null,"tunnel":null,"type":null,"website":null,"website_1":null,"wheelchair":null,"width":null,"wikidata":null,"wikimedia_commons":null,"wikipedia":null},"geometry":{"type":"Point","coordinates":[12.2579336,41.7958222]}},
{"type":"Feature","properties":{"id":"node/11110430518","@id":"node/11110430518","abandoned":null,"access":null,"addr:city":null,"addr:housenumber":null,"addr:postcode":null,"addr:street":null,"addr:suburb":null,"aerodrome":null,"aerodrome:type":null,"aeroway":"parking_position","air_conditioning":null,"amenity":null,"archaeological_site":null,"baby_feeding":null,"barrier":null,"bicycle":null,"branch":null,"brand":null,"brand:wikidata":null,"brand:wikipedia":null,"bridge":null,"building":null,"building:colour":null,"building:height":null,"building:levels":null,"changing_table":null,"check_date":null,"check_date:opening_hours":null,"city_served":null,"compressed_air":null,"contact:email":null,"contact:phone":null,"contact:website":null,"content":null,"covered":null,"created_by":null,"cuisine":null,"cutting":null,"denomination":null,"description":null,"drinking_water":null,"ele":null,"email":null,"emergency":null,"fee":null,"female":null,"fixme":null,"foot":null,"fuel:diesel":null,"fuel:lpg":null,"fuel:octane_95":null,"healthcare":null,"height":null,"highway":null,"historic":null,"historic:civilization":null,"holding_position:type":null,"horse":null,"iata":null,"icao":null,"indoor":null,"internet_access":null,"landuse":null,"lanes":null,"layer":null,"leisure":null,"length":null,"level":null,"lit":null,"local_ref":null,"male":null,"man_made":null,"maxheight":null,"maxheight:signed":null,"maxspeed":null,"maxweight:signed":null,"min_height":null,"motor_vehicle":null,"motorcar":null,"museum":null,"music":null,"name":null,"name:ar":null,"name:bg":null,"name:de":null,"name:en":null,"name:es":null,"name:etymology:wikidata":null,"name:fa":null,"name:it":null,"name:ko":null,"name:ru":null,"name:signed":null,"navigationaid":null,"network":null,"nobrand":null,"note":null,"office":null,"official_name":null,"official_name:it":null,"official_name:ru":null,"old_name":null,"oneway":null,"opening_hours":null,"operator":null,"operator:wikidata":null,"operator:wikipedia":null,"parking":null,"passengers":null,"payment:cash":null,"payment:credit_cards":null,"payment:mastercard":null,"payment:visa":null,"phone":null,"psv":null,"public_transport":null,"railway":null,"ref":"301","ref:mise":null,"religion":null,"roof:colour":null,"roof:height":null,"roof:levels":null,"roof:shape":null,"ruins":null,"runway":null,"self_service":null,"service":null,"shelter_type":null,"shop":null,"short_operator":null,"sidewalk":null,"smoothness":null,"source":null,"source:date":null,"start_date":null,"surface":null,"takeaway":null,"taxi":null,"toilets":null,"toilets:disposal":null,"toilets:wheelchair":null,"tourism":null,"tourist_bus":null,"tower:type":null,"tracktype":null,"train":null,"tunnel":null,"type":null,"website":null,"website_1":null,"wheelchair":null,"width":null,"wikidata":null,"wikimedia_commons":null,"wikipedia":null},"geometry":{"type":"Point","coordinates":[12.2576878,41.7954534]}},
{"type":"Feature","properties":{"id":"node/11110430519","@id":"node/11110430519","abandoned":null,"access":null,"addr:city":null,"addr:housenumber":null,"addr:postcode":null,"addr:street":null,"addr:suburb":null,"aerodrome":null,"aerodrome:type":null,"aeroway":"parking_position","air_conditioning":null,"amenity":null,"archaeological_site":null,"baby_feeding":null,"barrier":null,"bicycle":null,"branch":null,"brand":null,"brand:wikidata":null,"brand:wikipedia":null,"bridge":null,"building":null,"building:colour":null,"building:height":null,"building:levels":null,"changing_table":null,"check_date":null,"check_date:opening_hours":null,"city_served":null,"compressed_air":null,"contact:email":null,"contact:phone":null,"contact:website":null,"content":null,"covered":null,"created_by":null,"cuisine":null,"cutting":null,"denomination":null,"description":null,"drinking_water":null,"ele":null,"email":null,"emergency":null,"fee":null,"female":null,"fixme":null,"foot":null,"fuel:diesel":null,"fuel:lpg":null,"fuel:octane_95":null,"healthcare":null,"height":null,"highway":null,"historic":null,"historic:civilization":null,"holding_position:type":null,"horse":null,"iata":null,"icao":null,"indoor":null,"internet_access":null,"landuse":null,"lanes":null,"layer":null,"leisure":null,"length":null,"level":null,"lit":null,"local_ref":null,"male":null,"man_made":null,"maxheight":null,"maxheight:signed":null,"maxspeed":null,"maxweight:signed":null,"min_height":null,"motor_vehicle":null,"motorcar":null,"museum":null,"music":null,"name":null,"name:ar":null,"name:bg":null,"name:de":null,"name:en":null,"name:es":null,"name:etymology:wikidata":null,"name:fa":null,"name:it":null,"name:ko":null,"name:ru":null,"name:signed":null,"navigationaid":null,"network":null,"nobrand":null,"note":null,"office":null,"official_name":null,"official_name:it":null,"official_name:ru":null,"old_name":null,"oneway":null,"opening_hours":null,"operator":null,"operator:wikidata":null,"operator:wikipedia":null,"parking":null,"passengers":null,"payment:cash":null,"payment:credit_cards":null,"payment:mastercard":null,"payment:visa":null,"phone":null,"psv":null,"public_transport":null,"railway":null,"ref":"308","ref:mise":null,"religion":null,"roof:colour":null,"roof:height":null,"roof:levels":null,"roof:shape":null,"ruins":null,"runway":null,"self_service":null,"service":null,"shelter_type":null,"shop":null,"short_operator":null,"sidewalk":null,"smoothness":null,"source":null,"source:date":null,"start_date":null,"surface":null,"takeaway":null,"taxi":null,"toilets":null,"toilets:disposal":null,"toilets:wheelchair":null,"tourism":null,"tourist_bus":null,"tower:type":null,"tracktype":null,"train":null,"tunnel":null,"type":null,"website":null,"website_1":null,"wheelchair":null,"width":null,"wikidata":null,"wikimedia_commons":null,"wikipedia":null},"geometry":{"type":"Point","coordinates":[12.2596183,41.7969981]}},
{"type":"Feature","properties":{"id":"node/11110430521","@id":"node/11110430521","abandoned":null,"access":null,"addr:city":null,"addr:housenumber":null,"addr:postcode":null,"addr:street":null,"addr:suburb":null,"aerodrome":null,"aerodrome:type":null,"aeroway":"parking_position","air_conditioning":null,"amenity":null,"archaeological_site":null,"baby_feeding":null,"barrier":null,"bicycle":null,"branch":null,"brand":null,"brand:wikidata":null,"brand:wikipedia":null,"bridge":null,"building":null,"building:colour":null,"building:height":null,"building:levels":null,"changing_table":null,"check_date":null,"check_date:opening_hours":null,"city_served":null,"compressed_air":null,"contact:email":null,"contact:phone":null,"contact:website":null,"content":null,"covered":null,"created_by":null,"cuisine":null,"cutting":null,"denomination":null,"description":null,"drinking_water":null,"ele":null,"email":null,"emergency":null,"fee":null,"female":null,"fixme":null,"foot":null,"fuel:diesel":null,"fuel:lpg":null,"fuel:octane_95":null,"healthcare":null,"height":null,"highway":null,"historic":null,"historic:civilization":null,"holding_position:type":null,"horse":null,"iata":null,"icao":null,"indoor":null,"internet_access":null,"landuse":null,"lanes":null,"layer":null,"leisure":null,"length":null,"level":null,"lit":null,"local_ref":null,"male":null,"man_made":null,"maxheight":null,"maxheight:signed":null,"maxspeed":null,"maxweight:signed":null,"min_height":null,"motor_vehicle":null,"motorcar":null,"museum":null,"music":null,"name":null,"name:ar":null,"name:bg":null,"name:de":null,"name:en":null,"name:es":null,"name:etymology:wikidata":null,"name:fa":null,"name:it":null,"name:ko":null,"name:ru":null,"name:signed":null,"navigationaid":null,"network":null,"nobrand":null,"note":null,"office":null,"official_name":null,"official_name:it":null,"official_name:ru":null,"old_name":null,"oneway":null,"opening_hours":null,"operator":null,"operator:wikidata":null,"operator:wikipedia":null,"parking":null,"passengers":null,"payment:cash":null,"payment:credit_cards":null,"payment:mastercard":null,"payment:visa":null,"phone":null,"psv":null,"public_transport":null,"railway":null,"ref":"309","ref:mise":null,"religion":null,"roof:colour":null,"roof:height":null,"roof:levels":null,"roof:shape":null,"ruins":null,"runway":null,"self_service":null,"service":null,"shelter_type":null,"shop":null,"short_operator":null,"sidewalk":null,"smoothness":null,"source":null,"source:date":null,"start_date":null,"surface":null,"takeaway":null,"taxi":null,"toilets":null,"toilets:disposal":null,"toilets:wheelchair":null,"tourism":null,"tourist_bus":null,"tower:type":null,"tracktype":null,"train":null,"tunnel":null,"type":null,"website":null,"website_1":null,"wheelchair":null,"width":null,"wikidata":null,"wikimedia_commons":null,"wikipedia":null},"geometry":{"type":"Point","coordinates":[12.2593905,41.7966232]}},
{"type":"Feature","properties":{"id":"node/11110430523","@id":"node/11110430523","abandoned":null,"access":null,"addr:city":null,"addr:housenumber":null,"addr:postcode":null,"addr:street":null,"addr:suburb":null,"aerodrome":null,"aerodrome:type":null,"aeroway":"parking_position","air_conditioning":null,"amenity":null,"archaeological_site":null,"baby_feeding":null,"barrier":null,"bicycle":null,"branch":null,"brand":null,"brand:wikidata":null,"brand:wikipedia":null,"bridge":null,"building":null,"building:colour":null,"building:height":null,"building:levels":null,"changing_table":null,"check_date":null,"check_date:opening_hours":null,"city_served":null,"compressed_air":null,"contact:email":null,"contact:phone":null,"contact:website":null,"content":null,"covered":null,"created_by":null,"cuisine":null,"cutting":null,"denomination":null,"description":null,"drinking_water":null,"ele":null,"email":null,"emergency":null,"fee":null,"female":null,"fixme":null,"foot":null,"fuel:diesel":null,"fuel:lpg":null,"fuel:octane_95":null,"healthcare":null,"height":null,"highway":null,"historic":null,"historic:civilization":null,"holding_position:type":null,"horse":null,"iata":null,"icao":null,"indoor":null,"internet_access":null,"landuse":null,"lanes":null,"layer":null,"leisure":null,"length":null,"level":null,"lit":null,"local_ref":null,"male":null,"man_made":null,"maxheight":null,"maxheight:signed":null,"maxspeed":null,"maxweight:signed":null,"min_height":null,"motor_vehicle":null,"motorcar":null,"museum":null,"music":null,"name":null,"name:ar":null,"name:bg":null,"name:de":null,"name:en":null,"name:es":null,"name:etymology:wikidata":null,"name:fa":null,"name:it":null,"name:ko":null,"name:ru":null,"name:signed":null,"navigationaid":null,"network":null,"nobrand":null,"note":null,"office":null,"official_name":null,"official_name:it":null,"official_name:ru":null,"old_name":null,"oneway":null,"opening_hours":null,"operator":null,"operator:wikidata":null,"operator:wikipedia":null,"parking":null,"passengers":null,"payment:cash":null,"payment:credit_cards":null,"payment:mastercard":null,"payment:visa":null,"phone":null,"psv":null,"public_transport":null,"railway":null,"ref":"310","ref:mise":null,"religion":null,"roof:colour":null,"roof:height":null,"roof:levels":null,"roof:shape":null,"ruins":null,"runway":null,"self_service":null,"service":null,"shelter_type":null,"shop":null,"short_operator":null,"sidewalk":null,"smoothness":null,"source":null,"source:date":null,"start_date":null,"surface":null,"takeaway":null,"taxi":null,"toilets":null,"toilets:disposal":null,"toilets:wheelchair":null,"tourism":null,"tourist_bus":null,"tower:type":null,"tracktype":null,"train":null,"tunnel":null,"type":null,"website":null,"website_1":null,"wheelchair":null,"width":null,"wikidata":null,"wikimedia_commons":null,"wikipedia":null},"geometry":{"type":"Point","coordinates":[12.2591587,41.7962703]}},
{"type":"Feature","properties":{"id":"node/11110430525","@id":"node/11110430525","abandoned":null,"access":null,"addr:city":null,"addr:housenumber":null,"addr:postcode":null,"addr:street":null,"addr:suburb":null,"aerodrome":null,"aerodrome:type":null,"aeroway":"parking_position","air_conditioning":null,"amenity":null,"archaeological_site":null,"baby_feeding":null,"barrier":null,"bicycle":null,"branch":null,"brand":null,"brand:wikidata":null,"brand:wikipedia":null,"bridge":null,"building":null,"building:colour":null,"building:height":null,"building:levels":null,"changing_table":null,"check_date":null,"check_date:opening_hours":null,"city_served":null,"compressed_air":null,"contact:email":null,"contact:phone":null,"contact:website":null,"content":null,"covered":null,"created_by":null,"cuisine":null,"cutting":null,"denomination":null,"description":null,"drinking_water":null,"ele":null,"email":null,"emergency":null,"fee":null,"female":null,"fixme":null,"foot":null,"fuel:diesel":null,"fuel:lpg":null,"fuel:octane_95":null,"healthcare":null,"height":null,"highway":null,"historic":null,"historic:civilization":null,"holding_position:type":null,"horse":null,"iata":null,"icao":null,"indoor":null,"internet_access":null,"landuse":null,"lanes":null,"layer":null,"leisure":null,"length":null,"level":null,"lit":null,"local_ref":null,"male":null,"man_made":null,"maxheight":null,"maxheight:signed":null,"maxspeed":null,"maxweight:signed":null,"min_height":null,"motor_vehicle":null,"motorcar":null,"museum":null,"music":null,"name":null,"name:ar":null,"name:bg":null,"name:de":null,"name:en":null,"name:es":null,"name:etymology:wikidata":null,"name:fa":null,"name:it":null,"name:ko":null,"name:ru":null,"name:signed":null,"navigationaid":null,"network":null,"nobrand":null,"note":null,"office":null,"official_name":null,"official_name:it":null,"official_name:ru":null,"old_name":null,"oneway":null,"opening_hours":null,"operator":null,"operator:wikidata":null,"operator:wikipedia":null,"parking":null,"passengers":null,"payment:cash":null,"payment:credit_cards":null,"payment:mastercard":null,"payment:visa":null,"phone":null,"psv":null,"public_transport":null,"railway":null,"ref":"311","ref:mise":null,"religion":null,"roof:colour":null,"roof:height":null,"roof:levels":null,"roof:shape":null,"ruins":null,"runway":null,"self_service":null,"service":null,"shelter_type":null,"shop":null,"short_operator":null,"sidewalk":null,"smoothness":null,"source":null,"source:date":null,"start_date":null,"surface":null,"takeaway":null,"taxi":null,"toilets":null,"toilets:disposal":null,"toilets:wheelchair":null,"tourism":null,"tourist_bus":null,"tower:type":null,"tracktype":null,"train":null,"tunnel":null,"type":null,"website":null,"website_1":null,"wheelchair":null,"width":null,"wikidata":null,"wikimedia_commons":null,"wikipedia":null},"geometry":{"type":"Point","coordinates":[12.2589427,41.7958956]}},
{"type":"Feature","properties":{"id":"node/11110430527","@id":"node/11110430527","abandoned":null,"access":null,"addr:city":null,"addr:housenumber":null,"addr:postcode":null,"addr:street":null,"addr:suburb":null,"aerodrome":null,"aerodrome:type":null,"aeroway":"parking_position","air_conditioning":null,"amenity":null,"archaeological_site":null,"baby_feeding":null,"barrier":null,"bicycle":null,"branch":null,"brand":null,"brand:wikidata":null,"brand:wikipedia":null,"bridge":null,"building":null,"building:colour":null,"building:height":null,"building:levels":null,"changing_table":null,"check_date":null,"check_date:opening_hours":null,"city_served":null,"compressed_air":null,"contact:email":null,"contact:phone":null,"contact:website":null,"content":null,"covered":null,"created_by":null,"cuisine":null,"cutting":null,"denomination":null,"description":null,"drinking_water":null,"ele":null,"email":null,"emergency":null,"fee":null,"female":null,"fixme":null,"foot":null,"fuel:diesel":null,"fuel:lpg":null,"fuel:octane_95":null,"healthcare":null,"height":null,"highway":null,"historic":null,"historic:civilization":null,"holding_position:type":null,"horse":null,"iata":null,"icao":null,"indoor":null,"internet_access":null,"landuse":null,"lanes":null,"layer":null,"leisure":null,"length":null,"level":null,"lit":null,"local_ref":null,"male":null,"man_made":null,"maxheight":null,"maxheight:signed":null,"maxspeed":null,"maxweight:signed":null,"min_height":null,"motor_vehicle":null,"motorcar":null,"museum":null,"music":null,"name":null,"name:ar":null,"name:bg":null,"name:de":null,"name:en":null,"name:es":null,"name:etymology:wikidata":null,"name:fa":null,"name:it":null,"name:ko":null,"name:ru":null,"name:signed":null,"navigationaid":null,"network":null,"nobrand":null,"note":null,"office":null,"official_name":null,"official_name:it":null,"official_name:ru":null,"old_name":null,"oneway":null,"opening_hours":null,"operator":null,"operator:wikidata":null,"operator:wikipedia":null,"parking":null,"passengers":null,"payment:cash":null,"payment:credit_cards":null,"payment:mastercard":null,"payment:visa":null,"phone":null,"psv":null,"public_transport":null,"railway":null,"ref":"312","ref:mise":null,"religion":null,"roof:colour":null,"roof:height":null,"roof:levels":null,"roof:shape":null,"ruins":null,"runway":null,"self_service":null,"service":null,"shelter_type":null,"shop":null,"short_operator":null,"sidewalk":null,"smoothness":null,"source":null,"source:date":null,"start_date":null,"surface":null,"takeaway":null,"taxi":null,"toilets":null,"toilets:disposal":null,"toilets:wheelchair":null,"tourism":null,"tourist_bus":null,"tower:type":null,"tracktype":null,"train":null,"tunnel":null,"type":null,"website":null,"website_1":null,"wheelchair":null,"width":null,"wikidata":null,"wikimedia_commons":null,"wikipedia":null},"geometry":{"type":"Point","coordinates":[12.2587084,41.7955271]}},
{"type":"Feature","properties":{"id":"node/11110430529","@id":"node/11110430529","abandoned":null,"access":null,"addr:city":null,"addr:housenumber":null,"addr:postcode":null,"addr:street":null,"addr:suburb":null,"aerodrome":null,"aerodrome:type":null,"aeroway":"parking_position","air_conditioning":null,"amenity":null,"archaeological_site":null,"baby_feeding":null,"barrier":null,"bicycle":null,"branch":null,"brand":null,"brand:wikidata":null,"brand:wikipedia":null,"bridge":null,"building":null,"building:colour":null,"building:height":null,"building:levels":null,"changing_table":null,"check_date":null,"check_date:opening_hours":null,"city_served":null,"compressed_air":null,"contact:email":null,"contact:phone":null,"contact:website":null,"content":null,"covered":null,"created_by":null,"cuisine":null,"cutting":null,"denomination":null,"description":null,"drinking_water":null,"ele":null,"email":null,"emergency":null,"fee":null,"female":null,"fixme":null,"foot":null,"fuel:diesel":null,"fuel:lpg":null,"fuel:octane_95":null,"healthcare":null,"height":null,"highway":null,"historic":null,"historic:civilization":null,"holding_position:type":null,"horse":null,"iata":null,"icao":null,"indoor":null,"internet_access":null,"landuse":null,"lanes":null,"layer":null,"leisure":null,"length":null,"level":null,"lit":null,"local_ref":null,"male":null,"man_made":null,"maxheight":null,"maxheight:signed":null,"maxspeed":null,"maxweight:signed":null,"min_height":null,"motor_vehicle":null,"motorcar":null,"museum":null,"music":null,"name":null,"name:ar":null,"name:bg":null,"name:de":null,"name:en":null,"name:es":null,"name:etymology:wikidata":null,"name:fa":null,"name:it":null,"name:ko":null,"name:ru":null,"name:signed":null,"navigationaid":null,"network":null,"nobrand":null,"note":null,"office":null,"official_name":null,"official_name:it":null,"official_name:ru":null,"old_name":null,"oneway":null,"opening_hours":null,"operator":null,"operator:wikidata":null,"operator:wikipedia":null,"parking":null,"passengers":null,"payment:cash":null,"payment:credit_cards":null,"payment:mastercard":null,"payment:visa":null,"phone":null,"psv":null,"public_transport":null,"railway":null,"ref":"313","ref:mise":null,"religion":null,"roof:colour":null,"roof:height":null,"roof:levels":null,"roof:shape":null,"ruins":null,"runway":null,"self_service":null,"service":null,"shelter_type":null,"shop":null,"short_operator":null,"sidewalk":null,"smoothness":null,"source":null,"source:date":null,"start_date":null,"surface":null,"takeaway":null,"taxi":null,"toilets":null,"toilets:disposal":null,"toilets:wheelchair":null,"tourism":null,"tourist_bus":null,"tower:type":null,"tracktype":null,"train":null,"tunnel":null,"type":null,"website":null,"website_1":null,"wheelchair":null,"width":null,"wikidata":null,"wikimedia_commons":null,"wikipedia":null},"geometry":{"type":"Point","coordinates":[12.2584837,41.7951548]}},
{"type":"Feature","properties":{"id":"node/11112315194","@id":"node/11112315194","abandoned":null,"access":null,"addr:city":null,"addr:housenumber":null,"addr:postcode":null,"addr:street":null,"addr:suburb":null,"aerodrome":null,"aerodrome:type":null,"aeroway":"parking_position","air_conditioning":null,"amenity":null,"archaeological_site":null,"baby_feeding":null,"barrier":null,"bicycle":null,"branch":null,"brand":null,"brand:wikidata":null,"brand:wikipedia":null,"bridge":null,"building":null,"building:colour":null,"building:height":null,"building:levels":null,"changing_table":null,"check_date":null,"check_date:opening_hours":null,"city_served":null,"compressed_air":null,"contact:email":null,"contact:phone":null,"contact:website":null,"content":null,"covered":null,"created_by":null,"cuisine":null,"cutting":null,"denomination":null,"description":null,"drinking_water":null,"ele":null,"email":null,"emergency":null,"fee":null,"female":null,"fixme":null,"foot":null,"fuel:diesel":null,"fuel:lpg":null,"fuel:octane_95":null,"healthcare":null,"height":null,"highway":null,"historic":null,"historic:civilization":null,"holding_position:type":null,"horse":null,"iata":null,"icao":null,"indoor":null,"internet_access":null,"landuse":null,"lanes":null,"layer":null,"leisure":null,"length":null,"level":null,"lit":null,"local_ref":null,"male":null,"man_made":null,"maxheight":null,"maxheight:signed":null,"maxspeed":null,"maxweight:signed":null,"min_height":null,"motor_vehicle":null,"motorcar":null,"museum":null,"music":null,"name":null,"name:ar":null,"name:bg":null,"name:de":null,"name:en":null,"name:es":null,"name:etymology:wikidata":null,"name:fa":null,"name:it":null,"name:ko":null,"name:ru":null,"name:signed":null,"navigationaid":null,"network":null,"nobrand":null,"note":null,"office":null,"official_name":null,"official_name:it":null,"official_name:ru":null,"old_name":null,"oneway":null,"opening_hours":null,"operator":null,"operator:wikidata":null,"operator:wikipedia":null,"parking":null,"passengers":null,"payment:cash":null,"payment:credit_cards":null,"payment:mastercard":null,"payment:visa":null,"phone":null,"psv":null,"public_transport":null,"railway":null,"ref":"399","ref:mise":null,"religion":null,"roof:colour":null,"roof:height":null,"roof:levels":null,"roof:shape":null,"ruins":null,"runway":null,"self_service":null,"service":null,"shelter_type":null,"shop":null,"short_operator":null,"sidewalk":null,"smoothness":null,"source":null,"source:date":null,"start_date":null,"surface":null,"takeaway":null,"taxi":null,"toilets":null,"toilets:disposal":null,"toilets:wheelchair":null,"tourism":null,"tourist_bus":null,"tower:type":null,"tracktype":null,"train":null,"tunnel":null,"type":null,"website":null,"website_1":null,"wheelchair":null,"width":null,"wikidata":null,"wikimedia_commons":null,"wikipedia":null},"geometry":{"type":"Point","coordinates":[12.2612654,41.7945671]}},
{"type":"Feature","properties":{"id":"node/11114502317","@id":"node/11114502317","abandoned":null,"access":null,"addr:city":null,"addr:housenumber":null,"addr:postcode":null,"addr:street":null,"addr:suburb":null,"aerodrome":null,"aerodrome:type":null,"aeroway":"parking_position","air_conditioning":null,"amenity":null,"archaeological_site":null,"baby_feeding":null,"barrier":null,"bicycle":null,"branch":null,"brand":null,"brand:wikidata":null,"brand:wikipedia":null,"bridge":null,"building":null,"building:colour":null,"building:height":null,"building:levels":null,"changing_table":null,"check_date":null,"check_date:opening_hours":null,"city_served":null,"compressed_air":null,"contact:email":null,"contact:phone":null,"contact:website":null,"content":null,"covered":null,"created_by":null,"cuisine":null,"cutting":null,"denomination":null,"description":null,"drinking_water":null,"ele":null,"email":null,"emergency":null,"fee":null,"female":null,"fixme":null,"foot":null,"fuel:diesel":null,"fuel:lpg":null,"fuel:octane_95":null,"healthcare":null,"height":null,"highway":null,"historic":null,"historic:civilization":null,"holding_position:type":null,"horse":null,"iata":null,"icao":null,"indoor":null,"internet_access":null,"landuse":null,"lanes":null,"layer":null,"leisure":null,"length":null,"level":null,"lit":null,"local_ref":null,"male":null,"man_made":null,"maxheight":null,"maxheight:signed":null,"maxspeed":null,"maxweight:signed":null,"min_height":null,"motor_vehicle":null,"motorcar":null,"museum":null,"music":null,"name":null,"name:ar":null,"name:bg":null,"name:de":null,"name:en":null,"name:es":null,"name:etymology:wikidata":null,"name:fa":null,"name:it":null,"name:ko":null,"name:ru":null,"name:signed":null,"navigationaid":null,"network":null,"nobrand":null,"note":null,"office":null,"official_name":null,"official_name:it":null,"official_name:ru":null,"old_name":null,"oneway":null,"opening_hours":null,"operator":null,"operator:wikidata":null,"operator:wikipedia":null,"parking":null,"passengers":null,"payment:cash":null,"payment:credit_cards":null,"payment:mastercard":null,"payment:visa":null,"phone":null,"psv":null,"public_transport":null,"railway":null,"ref":"322","ref:mise":null,"religion":null,"roof:colour":null,"roof:height":null,"roof:levels":null,"roof:shape":null,"ruins":null,"runway":null,"self_service":null,"service":null,"shelter_type":null,"shop":null,"short_operator":null,"sidewalk":null,"smoothness":null,"source":null,"source:date":null,"start_date":null,"surface":null,"takeaway":null,"taxi":null,"toilets":null,"toilets:disposal":null,"toilets:wheelchair":null,"tourism":null,"tourist_bus":null,"tower:type":null,"tracktype":null,"train":null,"tunnel":null,"type":null,"website":null,"website_1":null,"wheelchair":null,"width":null,"wikidata":null,"wikimedia_commons":null,"wikipedia":null},"geometry":{"type":"Point","coordinates":[12.2606036,41.79914]}},
{"type":"Feature","properties":{"id":"node/11114502318","@id":"node/11114502318","abandoned":null,"access":null,"addr:city":null,"addr:housenumber":null,"addr:postcode":null,"addr:street":null,"addr:suburb":null,"aerodrome":null,"aerodrome:type":null,"aeroway":"parking_position","air_conditioning":null,"amenity":null,"archaeological_site":null,"baby_feeding":null,"barrier":null,"bicycle":null,"branch":null,"brand":null,"brand:wikidata":null,"brand:wikipedia":null,"bridge":null,"building":null,"building:colour":null,"building:height":null,"building:levels":null,"changing_table":null,"check_date":null,"check_date:opening_hours":null,"city_served":null,"compressed_air":null,"contact:email":null,"contact:phone":null,"contact:website":null,"content":null,"covered":null,"created_by":null,"cuisine":null,"cutting":null,"denomination":null,"description":null,"drinking_water":null,"ele":null,"email":null,"emergency":null,"fee":null,"female":null,"fixme":null,"foot":null,"fuel:diesel":null,"fuel:lpg":null,"fuel:octane_95":null,"healthcare":null,"height":null,"highway":null,"historic":null,"historic:civilization":null,"holding_position:type":null,"horse":null,"iata":null,"icao":null,"indoor":null,"internet_access":null,"landuse":null,"lanes":null,"layer":null,"leisure":null,"length":null,"level":null,"lit":null,"local_ref":null,"male":null,"man_made":null,"maxheight":null,"maxheight:signed":null,"maxspeed":null,"maxweight:signed":null,"min_height":null,"motor_vehicle":null,"motorcar":null,"museum":null,"music":null,"name":null,"name:ar":null,"name:bg":null,"name:de":null,"name:en":null,"name:es":null,"name:etymology:wikidata":null,"name:fa":null,"name:it":null,"name:ko":null,"name:ru":null,"name:signed":null,"navigationaid":null,"network":null,"nobrand":null,"note":null,"office":null,"official_name":null,"official_name:it":null,"official_name:ru":null,"old_name":null,"oneway":null,"opening_hours":null,"operator":null,"operator:wikidata":null,"operator:wikipedia":null,"parking":null,"passengers":null,"payment:cash":null,"payment:credit_cards":null,"payment:mastercard":null,"payment:visa":null,"phone":null,"psv":null,"public_transport":null,"railway":null,"ref":"321","ref:mise":null,"religion":null,"roof:colour":null,"roof:height":null,"roof:levels":null,"roof:shape":null,"ruins":null,"runway":null,"self_service":null,"service":null,"shelter_type":null,"shop":null,"short_operator":null,"sidewalk":null,"smoothness":null,"source":null,"source:date":null,"start_date":null,"surface":null,"takeaway":null,"taxi":null,"toilets":null,"toilets:disposal":null,"toilets:wheelchair":null,"tourism":null,"tourist_bus":null,"tower:type":null,"tracktype":null,"train":null,"tunnel":null,"type":null,"website":null,"website_1":null,"wheelchair":null,"width":null,"wikidata":null,"wikimedia_commons":null,"wikipedia":null},"geometry":{"type":"Point","coordinates":[12.2599991,41.7993586]}},
{"type":"Feature","properties":{"id":"node/11114502319","@id":"node/11114502319","abandoned":null,"access":null,"addr:city":null,"addr:housenumber":null,"addr:postcode":null,"addr:street":null,"addr:suburb":null,"aerodrome":null,"aerodrome:type":null,"aeroway":"parking_position","air_conditioning":null,"amenity":null,"archaeological_site":null,"baby_feeding":null,"barrier":null,"bicycle":null,"branch":null,"brand":null,"brand:wikidata":null,"brand:wikipedia":null,"bridge":null,"building":null,"building:colour":null,"building:height":null,"building:levels":null,"changing_table":null,"check_date":null,"check_date:opening_hours":null,"city_served":null,"compressed_air":null,"contact:email":null,"contact:phone":null,"contact:website":null,"content":null,"covered":null,"created_by":null,"cuisine":null,"cutting":null,"denomination":null,"description":null,"drinking_water":null,"ele":null,"email":null,"emergency":null,"fee":null,"female":null,"fixme":null,"foot":null,"fuel:diesel":null,"fuel:lpg":null,"fuel:octane_95":null,"healthcare":null,"height":null,"highway":null,"historic":null,"historic:civilization":null,"holding_position:type":null,"horse":null,"iata":null,"icao":null,"indoor":null,"internet_access":null,"landuse":null,"lanes":null,"layer":null,"leisure":null,"length":null,"level":null,"lit":null,"local_ref":null,"male":null,"man_made":null,"maxheight":null,"maxheight:signed":null,"maxspeed":null,"maxweight:signed":null,"min_height":null,"motor_vehicle":null,"motorcar":null,"museum":null,"music":null,"name":null,"name:ar":null,"name:bg":null,"name:de":null,"name:en":null,"name:es":null,"name:etymology:wikidata":null,"name:fa":null,"name:it":null,"name:ko":null,"name:ru":null,"name:signed":null,"navigationaid":null,"network":null,"nobrand":null,"note":null,"office":null,"official_name":null,"official_name:it":null,"official_name:ru":null,"old_name":null,"oneway":null,"opening_hours":null,"operator":null,"operator:wikidata":null,"operator:wikipedia":null,"parking":null,"passengers":null,"payment:cash":null,"payment:credit_cards":null,"payment:mastercard":null,"payment:visa":null,"phone":null,"psv":null,"public_transport":null,"railway":null,"ref":"323","ref:mise":null,"religion":null,"roof:colour":null,"roof:height":null,"roof:levels":null,"roof:shape":null,"ruins":null,"runway":null,"self_service":null,"service":null,"shelter_type":null,"shop":null,"short_operator":null,"sidewalk":null,"smoothness":null,"source":null,"source:date":null,"start_date":null,"surface":null,"takeaway":null,"taxi":null,"toilets":null,"toilets:disposal":null,"toilets:wheelchair":null,"tourism":null,"tourist_bus":null,"tower:type":null,"tracktype":null,"train":null,"tunnel":null,"type":null,"website":null,"website_1":null,"wheelchair":null,"width":null,"wikidata":null,"wikimedia_commons":null,"wikipedia":null},"geometry":{"type":"Point","coordinates":[12.2612332,41.7989433]}},
{"type":"Feature","properties":{"id":"node/11114537443","@id":"node/11114537443","abandoned":null,"access":null,"addr:city":null,"addr:housenumber":null,"addr:postcode":null,"addr:street":null,"addr:suburb":null,"aerodrome":null,"aerodrome:type":null,"aeroway":"parking_position","air_conditioning":null,"amenity":null,"archaeological_site":null,"baby_feeding":null,"barrier":null,"bicycle":null,"branch":null,"brand":null,"brand:wikidata":null,"brand:wikipedia":null,"bridge":null,"building":null,"building:colour":null,"building:height":null,"building:levels":null,"changing_table":null,"check_date":null,"check_date:opening_hours":null,"city_served":null,"compressed_air":null,"contact:email":null,"contact:phone":null,"contact:website":null,"content":null,"covered":null,"created_by":null,"cuisine":null,"cutting":null,"denomination":null,"description":null,"drinking_water":null,"ele":null,"email":null,"emergency":null,"fee":null,"female":null,"fixme":null,"foot":null,"fuel:diesel":null,"fuel:lpg":null,"fuel:octane_95":null,"healthcare":null,"height":null,"highway":null,"historic":null,"historic:civilization":null,"holding_position:type":null,"horse":null,"iata":null,"icao":null,"indoor":null,"internet_access":null,"landuse":null,"lanes":null,"layer":null,"leisure":null,"length":null,"level":null,"lit":null,"local_ref":null,"male":null,"man_made":null,"maxheight":null,"maxheight:signed":null,"maxspeed":null,"maxweight:signed":null,"min_height":null,"motor_vehicle":null,"motorcar":null,"museum":null,"music":null,"name":null,"name:ar":null,"name:bg":null,"name:de":null,"name:en":null,"name:es":null,"name:etymology:wikidata":null,"name:fa":null,"name:it":null,"name:ko":null,"name:ru":null,"name:signed":null,"navigationaid":null,"network":null,"nobrand":null,"note":null,"office":null,"official_name":null,"official_name:it":null,"official_name:ru":null,"old_name":null,"oneway":null,"opening_hours":null,"operator":null,"operator:wikidata":null,"operator:wikipedia":null,"parking":null,"passengers":null,"payment:cash":null,"payment:credit_cards":null,"payment:mastercard":null,"payment:visa":null,"phone":null,"psv":null,"public_transport":null,"railway":null,"ref":"202","ref:mise":null,"religion":null,"roof:colour":null,"roof:height":null,"roof:levels":null,"roof:shape":null,"ruins":null,"runway":null,"self_service":null,"service":null,"shelter_type":null,"shop":null,"short_operator":null,"sidewalk":null,"smoothness":null,"source":null,"source:date":null,"start_date":null,"surface":null,"takeaway":null,"taxi":null,"toilets":null,"toilets:disposal":null,"toilets:wheelchair":null,"tourism":null,"tourist_bus":null,"tower:type":null,"tracktype":null,"train":null,"tunnel":null,"type":null,"website":null,"website_1":null,"wheelchair":null,"width":null,"wikidata":null,"wikimedia_commons":null,"wikipedia":null},"geometry":{"type":"Point","coordinates":[12.2614418,41.8007008]}},
{"type":"Feature","properties":{"id":"node/11114537445","@id":"node/11114537445","abandoned":null,"access":null,"addr:city":null,"addr:housenumber":null,"addr:postcode":null,"addr:street":null,"addr:suburb":null,"aerodrome":null,"aerodrome:type":null,"aeroway":"parking_position","air_conditioning":null,"amenity":null,"archaeological_site":null,"baby_feeding":null,"barrier":null,"bicycle":null,"branch":null,"brand":null,"brand:wikidata":null,"brand:wikipedia":null,"bridge":null,"building":null,"building:colour":null,"building:height":null,"building:levels":null,"changing_table":null,"check_date":null,"check_date:opening_hours":null,"city_served":null,"compressed_air":null,"contact:email":null,"contact:phone":null,"contact:website":null,"content":null,"covered":null,"created_by":null,"cuisine":null,"cutting":null,"denomination":null,"description":null,"drinking_water":null,"ele":null,"email":null,"emergency":null,"fee":null,"female":null,"fixme":null,"foot":null,"fuel:diesel":null,"fuel:lpg":null,"fuel:octane_95":null,"healthcare":null,"height":null,"highway":null,"historic":null,"historic:civilization":null,"holding_position:type":null,"horse":null,"iata":null,"icao":null,"indoor":null,"internet_access":null,"landuse":null,"lanes":null,"layer":null,"leisure":null,"length":null,"level":null,"lit":null,"local_ref":null,"male":null,"man_made":null,"maxheight":null,"maxheight:signed":null,"maxspeed":null,"maxweight:signed":null,"min_height":null,"motor_vehicle":null,"motorcar":null,"museum":null,"music":null,"name":null,"name:ar":null,"name:bg":null,"name:de":null,"name:en":null,"name:es":null,"name:etymology:wikidata":null,"name:fa":null,"name:it":null,"name:ko":null,"name:ru":null,"name:signed":null,"navigationaid":null,"network":null,"nobrand":null,"note":null,"office":null,"official_name":null,"official_name:it":null,"official_name:ru":null,"old_name":null,"oneway":null,"opening_hours":null,"operator":null,"operator:wikidata":null,"operator:wikipedia":null,"parking":null,"passengers":null,"payment:cash":null,"payment:credit_cards":null,"payment:mastercard":null,"payment:visa":null,"phone":null,"psv":null,"public_transport":null,"railway":null,"ref":"201","ref:mise":null,"religion":null,"roof:colour":null,"roof:height":null,"roof:levels":null,"roof:shape":null,"ruins":null,"runway":null,"self_service":null,"service":null,"shelter_type":null,"shop":null,"short_operator":null,"sidewalk":null,"smoothness":null,"source":null,"source:date":null,"start_date":null,"surface":null,"takeaway":null,"taxi":null,"toilets":null,"toilets:disposal":null,"toilets:wheelchair":null,"tourism":null,"tourist_bus":null,"tower:type":null,"tracktype":null,"train":null,"tunnel":null,"type":null,"website":null,"website_1":null,"wheelchair":null,"width":null,"wikidata":null,"wikimedia_commons":null,"wikipedia":null},"geometry":{"type":"Point","coordinates":[12.2620482,41.8004862]}},
{"type":"Feature","properties":{"id":"node/11114605074","@id":"node/11114605074","abandoned":null,"access":null,"addr:city":null,"addr:housenumber":null,"addr:postcode":null,"addr:street":null,"addr:suburb":null,"aerodrome":null,"aerodrome:type":null,"aeroway":"parking_position","air_conditioning":null,"amenity":null,"archaeological_site":null,"baby_feeding":null,"barrier":null,"bicycle":null,"branch":null,"brand":null,"brand:wikidata":null,"brand:wikipedia":null,"bridge":null,"building":null,"building:colour":null,"building:height":null,"building:levels":null,"changing_table":null,"check_date":null,"check_date:opening_hours":null,"city_served":null,"compressed_air":null,"contact:email":null,"contact:phone":null,"contact:website":null,"content":null,"covered":null,"created_by":null,"cuisine":null,"cutting":null,"denomination":null,"description":null,"drinking_water":null,"ele":null,"email":null,"emergency":null,"fee":null,"female":null,"fixme":null,"foot":null,"fuel:diesel":null,"fuel:lpg":null,"fuel:octane_95":null,"healthcare":null,"height":null,"highway":null,"historic":null,"historic:civilization":null,"holding_position:type":null,"horse":null,"iata":null,"icao":null,"indoor":null,"internet_access":null,"landuse":null,"lanes":null,"layer":null,"leisure":null,"length":null,"level":null,"lit":null,"local_ref":null,"male":null,"man_made":null,"maxheight":null,"maxheight:signed":null,"maxspeed":null,"maxweight:signed":null,"min_height":null,"motor_vehicle":null,"motorcar":null,"museum":null,"music":null,"name":null,"name:ar":null,"name:bg":null,"name:de":null,"name:en":null,"name:es":null,"name:etymology:wikidata":null,"name:fa":null,"name:it":null,"name:ko":null,"name:ru":null,"name:signed":null,"navigationaid":null,"network":null,"nobrand":null,"note":null,"office":null,"official_name":null,"official_name:it":null,"official_name:ru":null,"old_name":null,"oneway":null,"opening_hours":null,"operator":null,"operator:wikidata":null,"operator:wikipedia":null,"parking":null,"passengers":null,"payment:cash":null,"payment:credit_cards":null,"payment:mastercard":null,"payment:visa":null,"phone":null,"psv":null,"public_transport":null,"railway":null,"ref":"209","ref:mise":null,"religion":null,"roof:colour":null,"roof:height":null,"roof:levels":null,"roof:shape":null,"ruins":null,"runway":null,"self_service":null,"service":null,"shelter_type":null,"shop":null,"short_operator":null,"sidewalk":null,"smoothness":null,"source":null,"source:date":null,"start_date":null,"surface":null,"takeaway":null,"taxi":null,"toilets":null,"toilets:disposal":null,"toilets:wheelchair":null,"tourism":null,"tourist_bus":null,"tower:type":null,"tracktype":null,"train":null,"tunnel":null,"type":null,"website":null,"website_1":null,"wheelchair":null,"width":null,"wikidata":null,"wikimedia_commons":null,"wikipedia":null},"geometry":{"type":"Point","coordinates":[12.2622502,41.8025146]}},
{"type":"Feature","properties":{"id":"node/11114605076","@id":"node/11114605076","abandoned":null,"access":null,"addr:city":null,"addr:housenumber":null,"addr:postcode":null,"addr:street":null,"addr:suburb":null,"aerodrome":null,"aerodrome:type":null,"aeroway":"parking_position","air_conditioning":null,"amenity":null,"archaeological_site":null,"baby_feeding":null,"barrier":null,"bicycle":null,"branch":null,"brand":null,"brand:wikidata":null,"brand:wikipedia":null,"bridge":null,"building":null,"building:colour":null,"building:height":null,"building:levels":null,"changing_table":null,"check_date":null,"check_date:opening_hours":null,"city_served":null,"compressed_air":null,"contact:email":null,"contact:phone":null,"contact:website":null,"content":null,"covered":null,"created_by":null,"cuisine":null,"cutting":null,"denomination":null,"description":null,"drinking_water":null,"ele":null,"email":null,"emergency":null,"fee":null,"female":null,"fixme":null,"foot":null,"fuel:diesel":null,"fuel:lpg":null,"fuel:octane_95":null,"healthcare":null,"height":null,"highway":null,"historic":null,"historic:civilization":null,"holding_position:type":null,"horse":null,"iata":null,"icao":null,"indoor":null,"internet_access":null,"landuse":null,"lanes":null,"layer":null,"leisure":null,"length":null,"level":null,"lit":null,"local_ref":null,"male":null,"man_made":null,"maxheight":null,"maxheight:signed":null,"maxspeed":null,"maxweight:signed":null,"min_height":null,"motor_vehicle":null,"motorcar":null,"museum":null,"music":null,"name":null,"name:ar":null,"name:bg":null,"name:de":null,"name:en":null,"name:es":null,"name:etymology:wikidata":null,"name:fa":null,"name:it":null,"name:ko":null,"name:ru":null,"name:signed":null,"navigationaid":null,"network":null,"nobrand":null,"note":null,"office":null,"official_name":null,"official_name:it":null,"official_name:ru":null,"old_name":null,"oneway":null,"opening_hours":null,"operator":null,"operator:wikidata":null,"operator:wikipedia":null,"parking":null,"passengers":null,"payment:cash":null,"payment:credit_cards":null,"payment:mastercard":null,"payment:visa":null,"phone":null,"psv":null,"public_transport":null,"railway":null,"ref":"208","ref:mise":null,"religion":null,"roof:colour":null,"roof:height":null,"roof:levels":null,"roof:shape":null,"ruins":null,"runway":null,"self_service":null,"service":null,"shelter_type":null,"shop":null,"short_operator":null,"sidewalk":null,"smoothness":null,"source":null,"source:date":null,"start_date":null,"surface":null,"takeaway":null,"taxi":null,"toilets":null,"toilets:disposal":null,"toilets:wheelchair":null,"tourism":null,"tourist_bus":null,"tower:type":null,"tracktype":null,"train":null,"tunnel":null,"type":null,"website":null,"website_1":null,"wheelchair":null,"width":null,"wikidata":null,"wikimedia_commons":null,"wikipedia":null},"geometry":{"type":"Point","coordinates":[12.2626866,41.8023651]}},
{"type":"Feature","properties":{"id":"node/11114605078","@id":"node/11114605078","abandoned":null,"access":null,"addr:city":null,"addr:housenumber":null,"addr:postcode":null,"addr:street":null,"addr:suburb":null,"aerodrome":null,"aerodrome:type":null,"aeroway":"parking_position","air_conditioning":null,"amenity":null,"archaeological_site":null,"baby_feeding":null,"barrier":null,"bicycle":null,"branch":null,"brand":null,"brand:wikidata":null,"brand:wikipedia":null,"bridge":null,"building":null,"building:colour":null,"building:height":null,"building:levels":null,"changing_table":null,"check_date":null,"check_date:opening_hours":null,"city_served":null,"compressed_air":null,"contact:email":null,"contact:phone":null,"contact:website":null,"content":null,"covered":null,"created_by":null,"cuisine":null,"cutting":null,"denomination":null,"description":null,"drinking_water":null,"ele":null,"email":null,"emergency":null,"fee":null,"female":null,"fixme":null,"foot":null,"fuel:diesel":null,"fuel:lpg":null,"fuel:octane_95":null,"healthcare":null,"height":null,"highway":null,"historic":null,"historic:civilization":null,"holding_position:type":null,"horse":null,"iata":null,"icao":null,"indoor":null,"internet_access":null,"landuse":null,"lanes":null,"layer":null,"leisure":null,"length":null,"level":null,"lit":null,"local_ref":null,"male":null,"man_made":null,"maxheight":null,"maxheight:signed":null,"maxspeed":null,"maxweight:signed":null,"min_height":null,"motor_vehicle":null,"motorcar":null,"museum":null,"music":null,"name":null,"name:ar":null,"name:bg":null,"name:de":null,"name:en":null,"name:es":null,"name:etymology:wikidata":null,"name:fa":null,"name:it":null,"name:ko":null,"name:ru":null,"name:signed":null,"navigationaid":null,"network":null,"nobrand":null,"note":null,"office":null,"official_name":null,"official_name:it":null,"official_name:ru":null,"old_name":null,"oneway":null,"opening_hours":null,"operator":null,"operator:wikidata":null,"operator:wikipedia":null,"parking":null,"passengers":null,"payment:cash":null,"payment:credit_cards":null,"payment:mastercard":null,"payment:visa":null,"phone":null,"psv":null,"public_transport":null,"railway":null,"ref":"207","ref:mise":null,"religion":null,"roof:colour":null,"roof:height":null,"roof:levels":null,"roof:shape":null,"ruins":null,"runway":null,"self_service":null,"service":null,"shelter_type":null,"shop":null,"short_operator":null,"sidewalk":null,"smoothness":null,"source":null,"source:date":null,"start_date":null,"surface":null,"takeaway":null,"taxi":null,"toilets":null,"toilets:disposal":null,"toilets:wheelchair":null,"tourism":null,"tourist_bus":null,"tower:type":null,"tracktype":null,"train":null,"tunnel":null,"type":null,"website":null,"website_1":null,"wheelchair":null,"width":null,"wikidata":null,"wikimedia_commons":null,"wikipedia":null},"geometry":{"type":"Point","coordinates":[12.2631364,41.8022111]}},
{"type":"Feature","properties":{"id":"node/11114605085","@id":"node/11114605085","abandoned":null,"access":null,"addr:city":null,"addr:housenumber":null,"addr:postcode":null,"addr:street":null,"addr:suburb":null,"aerodrome":null,"aerodrome:type":null,"aeroway":"parking_position","air_conditioning":null,"amenity":null,"archaeological_site":null,"baby_feeding":null,"barrier":null,"bicycle":null,"branch":null,"brand":null,"brand:wikidata":null,"brand:wikipedia":null,"bridge":null,"building":null,"building:colour":null,"building:height":null,"building:levels":null,"changing_table":null,"check_date":null,"check_date:opening_hours":null,"city_served":null,"compressed_air":null,"contact:email":null,"contact:phone":null,"contact:website":null,"content":null,"covered":null,"created_by":null,"cuisine":null,"cutting":null,"denomination":null,"description":null,"drinking_water":null,"ele":null,"email":null,"emergency":null,"fee":null,"female":null,"fixme":null,"foot":null,"fuel:diesel":null,"fuel:lpg":null,"fuel:octane_95":null,"healthcare":null,"height":null,"highway":null,"historic":null,"historic:civilization":null,"holding_position:type":null,"horse":null,"iata":null,"icao":null,"indoor":null,"internet_access":null,"landuse":null,"lanes":null,"layer":null,"leisure":null,"length":null,"level":null,"lit":null,"local_ref":null,"male":null,"man_made":null,"maxheight":null,"maxheight:signed":null,"maxspeed":null,"maxweight:signed":null,"min_height":null,"motor_vehicle":null,"motorcar":null,"museum":null,"music":null,"name":null,"name:ar":null,"name:bg":null,"name:de":null,"name:en":null,"name:es":null,"name:etymology:wikidata":null,"name:fa":null,"name:it":null,"name:ko":null,"name:ru":null,"name:signed":null,"navigationaid":null,"network":null,"nobrand":null,"note":null,"office":null,"official_name":null,"official_name:it":null,"official_name:ru":null,"old_name":null,"oneway":null,"opening_hours":null,"operator":null,"operator:wikidata":null,"operator:wikipedia":null,"parking":null,"passengers":null,"payment:cash":null,"payment:credit_cards":null,"payment:mastercard":null,"payment:visa":null,"phone":null,"psv":null,"public_transport":null,"railway":null,"ref":"210","ref:mise":null,"religion":null,"roof:colour":null,"roof:height":null,"roof:levels":null,"roof:shape":null,"ruins":null,"runway":null,"self_service":null,"service":null,"shelter_type":null,"shop":null,"short_operator":null,"sidewalk":null,"smoothness":null,"source":null,"source:date":null,"start_date":null,"surface":null,"takeaway":null,"taxi":null,"toilets":null,"toilets:disposal":null,"toilets:wheelchair":null,"tourism":null,"tourist_bus":null,"tower:type":null,"tracktype":null,"train":null,"tunnel":null,"type":null,"website":null,"website_1":null,"wheelchair":null,"width":null,"wikidata":null,"wikimedia_commons":null,"wikipedia":null},"geometry":{"type":"Point","coordinates":[12.2618045,41.8026672]}},
{"type":"Feature","properties":{"id":"node/11114605090","@id":"node/11114605090","abandoned":null,"access":null,"addr:city":null,"addr:housenumber":null,"addr:postcode":null,"addr:street":null,"addr:suburb":null,"aerodrome":null,"aerodrome:type":null,"aeroway":"parking_position","air_conditioning":null,"amenity":null,"archaeological_site":null,"baby_feeding":null,"barrier":null,"bicycle":null,"branch":null,"brand":null,"brand:wikidata":null,"brand:wikipedia":null,"bridge":null,"building":null,"building:colour":null,"building:height":null,"building:levels":null,"changing_table":null,"check_date":null,"check_date:opening_hours":null,"city_served":null,"compressed_air":null,"contact:email":null,"contact:phone":null,"contact:website":null,"content":null,"covered":null,"created_by":null,"cuisine":null,"cutting":null,"denomination":null,"description":null,"drinking_water":null,"ele":null,"email":null,"emergency":null,"fee":null,"female":null,"fixme":null,"foot":null,"fuel:diesel":null,"fuel:lpg":null,"fuel:octane_95":null,"healthcare":null,"height":null,"highway":null,"historic":null,"historic:civilization":null,"holding_position:type":null,"horse":null,"iata":null,"icao":null,"indoor":null,"internet_access":null,"landuse":null,"lanes":null,"layer":null,"leisure":null,"length":null,"level":null,"lit":null,"local_ref":null,"male":null,"man_made":null,"maxheight":null,"maxheight:signed":null,"maxspeed":null,"maxweight:signed":null,"min_height":null,"motor_vehicle":null,"motorcar":null,"museum":null,"music":null,"name":null,"name:ar":null,"name:bg":null,"name:de":null,"name:en":null,"name:es":null,"name:etymology:wikidata":null,"name:fa":null,"name:it":null,"name:ko":null,"name:ru":null,"name:signed":null,"navigationaid":null,"network":null,"nobrand":null,"note":null,"office":null,"official_name":null,"official_name:it":null,"official_name:ru":null,"old_name":null,"oneway":null,"opening_hours":null,"operator":null,"operator:wikidata":null,"operator:wikipedia":null,"parking":null,"passengers":null,"payment:cash":null,"payment:credit_cards":null,"payment:mastercard":null,"payment:visa":null,"phone":null,"psv":null,"public_transport":null,"railway":null,"ref":"206","ref:mise":null,"religion":null,"roof:colour":null,"roof:height":null,"roof:levels":null,"roof:shape":null,"ruins":null,"runway":null,"self_service":null,"service":null,"shelter_type":null,"shop":null,"short_operator":null,"sidewalk":null,"smoothness":null,"source":null,"source:date":null,"start_date":null,"surface":null,"takeaway":null,"taxi":null,"toilets":null,"toilets:disposal":null,"toilets:wheelchair":null,"tourism":null,"tourist_bus":null,"tower:type":null,"tracktype":null,"train":null,"tunnel":null,"type":null,"website":null,"website_1":null,"wheelchair":null,"width":null,"wikidata":null,"wikimedia_commons":null,"wikipedia":null},"geometry":{"type":"Point","coordinates":[12.2629832,41.8020297]}},
{"type":"Feature","properties":{"id":"node/11114605091","@id":"node/11114605091","abandoned":null,"access":null,"addr:city":null,"addr:housenumber":null,"addr:postcode":null,"addr:street":null,"addr:suburb":null,"aerodrome":null,"aerodrome:type":null,"aeroway":"parking_position","air_conditioning":null,"amenity":null,"archaeological_site":null,"baby_feeding":null,"barrier":null,"bicycle":null,"branch":null,"brand":null,"brand:wikidata":null,"brand:wikipedia":null,"bridge":null,"building":null,"building:colour":null,"building:height":null,"building:levels":null,"changing_table":null,"check_date":null,"check_date:opening_hours":null,"city_served":null,"compressed_air":null,"contact:email":null,"contact:phone":null,"contact:website":null,"content":null,"covered":null,"created_by":null,"cuisine":null,"cutting":null,"denomination":null,"description":null,"drinking_water":null,"ele":null,"email":null,"emergency":null,"fee":null,"female":null,"fixme":null,"foot":null,"fuel:diesel":null,"fuel:lpg":null,"fuel:octane_95":null,"healthcare":null,"height":null,"highway":null,"historic":null,"historic:civilization":null,"holding_position:type":null,"horse":null,"iata":null,"icao":null,"indoor":null,"internet_access":null,"landuse":null,"lanes":null,"layer":null,"leisure":null,"length":null,"level":null,"lit":null,"local_ref":null,"male":null,"man_made":null,"maxheight":null,"maxheight:signed":null,"maxspeed":null,"maxweight:signed":null,"min_height":null,"motor_vehicle":null,"motorcar":null,"museum":null,"music":null,"name":null,"name:ar":null,"name:bg":null,"name:de":null,"name:en":null,"name:es":null,"name:etymology:wikidata":null,"name:fa":null,"name:it":null,"name:ko":null,"name:ru":null,"name:signed":null,"navigationaid":null,"network":null,"nobrand":null,"note":null,"office":null,"official_name":null,"official_name:it":null,"official_name:ru":null,"old_name":null,"oneway":null,"opening_hours":null,"operator":null,"operator:wikidata":null,"operator:wikipedia":null,"parking":null,"passengers":null,"payment:cash":null,"payment:credit_cards":null,"payment:mastercard":null,"payment:visa":null,"phone":null,"psv":null,"public_transport":null,"railway":null,"ref":"205","ref:mise":null,"religion":null,"roof:colour":null,"roof:height":null,"roof:levels":null,"roof:shape":null,"ruins":null,"runway":null,"self_service":null,"service":null,"shelter_type":null,"shop":null,"short_operator":null,"sidewalk":null,"smoothness":null,"source":null,"source:date":null,"start_date":null,"surface":null,"takeaway":null,"taxi":null,"toilets":null,"toilets:disposal":null,"toilets:wheelchair":null,"tourism":null,"tourist_bus":null,"tower:type":null,"tracktype":null,"train":null,"tunnel":null,"type":null,"website":null,"website_1":null,"wheelchair":null,"width":null,"wikidata":null,"wikimedia_commons":null,"wikipedia":null},"geometry":{"type":"Point","coordinates":[12.2623764,41.8022386]}},
{"type":"Feature","properties":{"id":"node/11114605092","@id":"node/11114605092","abandoned":null,"access":null,"addr:city":null,"addr:housenumber":null,"addr:postcode":null,"addr:street":null,"addr:suburb":null,"aerodrome":null,"aerodrome:type":null,"aeroway":"parking_position","air_conditioning":null,"amenity":null,"archaeological_site":null,"baby_feeding":null,"barrier":null,"bicycle":null,"branch":null,"brand":null,"brand:wikidata":null,"brand:wikipedia":null,"bridge":null,"building":null,"building:colour":null,"building:height":null,"building:levels":null,"changing_table":null,"check_date":null,"check_date:opening_hours":null,"city_served":null,"compressed_air":null,"contact:email":null,"contact:phone":null,"contact:website":null,"content":null,"covered":null,"created_by":null,"cuisine":null,"cutting":null,"denomination":null,"description":null,"drinking_water":null,"ele":null,"email":null,"emergency":null,"fee":null,"female":null,"fixme":null,"foot":null,"fuel:diesel":null,"fuel:lpg":null,"fuel:octane_95":null,"healthcare":null,"height":null,"highway":null,"historic":null,"historic:civilization":null,"holding_position:type":null,"horse":null,"iata":null,"icao":null,"indoor":null,"internet_access":null,"landuse":null,"lanes":null,"layer":null,"leisure":null,"length":null,"level":null,"lit":null,"local_ref":null,"male":null,"man_made":null,"maxheight":null,"maxheight:signed":null,"maxspeed":null,"maxweight:signed":null,"min_height":null,"motor_vehicle":null,"motorcar":null,"museum":null,"music":null,"name":null,"name:ar":null,"name:bg":null,"name:de":null,"name:en":null,"name:es":null,"name:etymology:wikidata":null,"name:fa":null,"name:it":null,"name:ko":null,"name:ru":null,"name:signed":null,"navigationaid":null,"network":null,"nobrand":null,"note":null,"office":null,"official_name":null,"official_name:it":null,"official_name:ru":null,"old_name":null,"oneway":null,"opening_hours":null,"operator":null,"operator:wikidata":null,"operator:wikipedia":null,"parking":null,"passengers":null,"payment:cash":null,"payment:credit_cards":null,"payment:mastercard":null,"payment:visa":null,"phone":null,"psv":null,"public_transport":null,"railway":null,"ref":"204","ref:mise":null,"religion":null,"roof:colour":null,"roof:height":null,"roof:levels":null,"roof:shape":null,"ruins":null,"runway":null,"self_service":null,"service":null,"shelter_type":null,"shop":null,"short_operator":null,"sidewalk":null,"smoothness":null,"source":null,"source:date":null,"start_date":null,"surface":null,"takeaway":null,"taxi":null,"toilets":null,"toilets:disposal":null,"toilets:wheelchair":null,"tourism":null,"tourist_bus":null,"tower:type":null,"tracktype":null,"train":null,"tunnel":null,"type":null,"website":null,"website_1":null,"wheelchair":null,"width":null,"wikidata":null,"wikimedia_commons":null,"wikipedia":null},"geometry":{"type":"Point","coordinates":[12.261674,41.8024805]}},
{"type":"Feature","properties":{"id":"node/11114660675","@id":"node/11114660675","abandoned":null,"access":null,"addr:city":null,"addr:housenumber":null,"addr:postcode":null,"addr:street":null,"addr:suburb":null,"aerodrome":null,"aerodrome:type":null,"aeroway":"parking_position","air_conditioning":null,"amenity":null,"archaeological_site":null,"baby_feeding":null,"barrier":null,"bicycle":null,"branch":null,"brand":null,"brand:wikidata":null,"brand:wikipedia":null,"bridge":null,"building":null,"building:colour":null,"building:height":null,"building:levels":null,"changing_table":null,"check_date":null,"check_date:opening_hours":null,"city_served":null,"compressed_air":null,"contact:email":null,"contact:phone":null,"contact:website":null,"content":null,"covered":null,"created_by":null,"cuisine":null,"cutting":null,"denomination":null,"description":null,"drinking_water":null,"ele":null,"email":null,"emergency":null,"fee":null,"female":null,"fixme":null,"foot":null,"fuel:diesel":null,"fuel:lpg":null,"fuel:octane_95":null,"healthcare":null,"height":null,"highway":null,"historic":null,"historic:civilization":null,"holding_position:type":null,"horse":null,"iata":null,"icao":null,"indoor":null,"internet_access":null,"landuse":null,"lanes":null,"layer":null,"leisure":null,"length":null,"level":null,"lit":null,"local_ref":null,"male":null,"man_made":null,"maxheight":null,"maxheight:signed":null,"maxspeed":null,"maxweight:signed":null,"min_height":null,"motor_vehicle":null,"motorcar":null,"museum":null,"music":null,"name":null,"name:ar":null,"name:bg":null,"name:de":null,"name:en":null,"name:es":null,"name:etymology:wikidata":null,"name:fa":null,"name:it":null,"name:ko":null,"name:ru":null,"name:signed":null,"navigationaid":null,"network":null,"nobrand":null,"note":null,"office":null,"official_name":null,"official_name:it":null,"official_name:ru":null,"old_name":null,"oneway":null,"opening_hours":null,"operator":null,"operator:wikidata":null,"operator:wikipedia":null,"parking":null,"passengers":null,"payment:cash":null,"payment:credit_cards":null,"payment:mastercard":null,"payment:visa":null,"phone":null,"psv":null,"public_transport":null,"railway":null,"ref":"221","ref:mise":null,"religion":null,"roof:colour":null,"roof:height":null,"roof:levels":null,"roof:shape":null,"ruins":null,"runway":null,"self_service":null,"service":null,"shelter_type":null,"shop":null,"short_operator":null,"sidewalk":null,"smoothness":null,"source":null,"source:date":null,"start_date":null,"surface":null,"takeaway":null,"taxi":null,"toilets":null,"toilets:disposal":null,"toilets:wheelchair":null,"tourism":null,"tourist_bus":null,"tower:type":null,"tracktype":null,"train":null,"tunnel":null,"type":null,"website":null,"website_1":null,"wheelchair":null,"width":null,"wikidata":null,"wikimedia_commons":null,"wikipedia":null},"geometry":{"type":"Point","coordinates":[12.264303,41.8005136]}},
{"type":"Feature","properties":{"id":"node/11114660677","@id":"node/11114660677","abandoned":null,"access":null,"addr:city":null,"addr:housenumber":null,"addr:postcode":null,"addr:street":null,"addr:suburb":null,"aerodrome":null,"aerodrome:type":null,"aeroway":"parking_position","air_conditioning":null,"amenity":null,"archaeological_site":null,"baby_feeding":null,"barrier":null,"bicycle":null,"branch":null,"brand":null,"brand:wikidata":null,"brand:wikipedia":null,"bridge":null,"building":null,"building:colour":null,"building:height":null,"building:levels":null,"changing_table":null,"check_date":null,"check_date:opening_hours":null,"city_served":null,"compressed_air":null,"contact:email":null,"contact:phone":null,"contact:website":null,"content":null,"covered":null,"created_by":null,"cuisine":null,"cutting":null,"denomination":null,"description":null,"drinking_water":null,"ele":null,"email":null,"emergency":null,"fee":null,"female":null,"fixme":null,"foot":null,"fuel:diesel":null,"fuel:lpg":null,"fuel:octane_95":null,"healthcare":null,"height":null,"highway":null,"historic":null,"historic:civilization":null,"holding_position:type":null,"horse":null,"iata":null,"icao":null,"indoor":null,"internet_access":null,"landuse":null,"lanes":null,"layer":null,"leisure":null,"length":null,"level":null,"lit":null,"local_ref":null,"male":null,"man_made":null,"maxheight":null,"maxheight:signed":null,"maxspeed":null,"maxweight:signed":null,"min_height":null,"motor_vehicle":null,"motorcar":null,"museum":null,"music":null,"name":null,"name:ar":null,"name:bg":null,"name:de":null,"name:en":null,"name:es":null,"name:etymology:wikidata":null,"name:fa":null,"name:it":null,"name:ko":null,"name:ru":null,"name:signed":null,"navigationaid":null,"network":null,"nobrand":null,"note":null,"office":null,"official_name":null,"official_name:it":null,"official_name:ru":null,"old_name":null,"oneway":null,"opening_hours":null,"operator":null,"operator:wikidata":null,"operator:wikipedia":null,"parking":null,"passengers":null,"payment:cash":null,"payment:credit_cards":null,"payment:mastercard":null,"payment:visa":null,"phone":null,"psv":null,"public_transport":null,"railway":null,"ref":"222","ref:mise":null,"religion":null,"roof:colour":null,"roof:height":null,"roof:levels":null,"roof:shape":null,"ruins":null,"runway":null,"self_service":null,"service":null,"shelter_type":null,"shop":null,"short_operator":null,"sidewalk":null,"smoothness":null,"source":null,"source:date":null,"start_date":null,"surface":null,"takeaway":null,"taxi":null,"toilets":null,"toilets:disposal":null,"toilets:wheelchair":null,"tourism":null,"tourist_bus":null,"tower:type":null,"tracktype":null,"train":null,"tunnel":null,"type":null,"website":null,"website_1":null,"wheelchair":null,"width":null,"wikidata":null,"wikimedia_commons":null,"wikipedia":null},"geometry":{"type":"Point","coordinates":[12.2644865,41.8001427]}},
{"type":"Feature","properties":{"id":"node/11114660679","@id":"node/11114660679","abandoned":null,"access":null,"addr:city":null,"addr:housenumber":null,"addr:postcode":null,"addr:street":null,"addr:suburb":null,"aerodrome":null,"aerodrome:type":null,"aeroway":"parking_position","air_conditioning":null,"amenity":null,"archaeological_site":null,"baby_feeding":null,"barrier":null,"bicycle":null,"branch":null,"brand":null,"brand:wikidata":null,"brand:wikipedia":null,"bridge":null,"building":null,"building:colour":null,"building:height":null,"building:levels":null,"changing_table":null,"check_date":null,"check_date:opening_hours":null,"city_served":null,"compressed_air":null,"contact:email":null,"contact:phone":null,"contact:website":null,"content":null,"covered":null,"created_by":null,"cuisine":null,"cutting":null,"denomination":null,"description":null,"drinking_water":null,"ele":null,"email":null,"emergency":null,"fee":null,"female":null,"fixme":null,"foot":null,"fuel:diesel":null,"fuel:lpg":null,"fuel:octane_95":null,"healthcare":null,"height":null,"highway":null,"historic":null,"historic:civilization":null,"holding_position:type":null,"horse":null,"iata":null,"icao":null,"indoor":null,"internet_access":null,"landuse":null,"lanes":null,"layer":null,"leisure":null,"length":null,"level":null,"lit":null,"local_ref":null,"male":null,"man_made":null,"maxheight":null,"maxheight:signed":null,"maxspeed":null,"maxweight:signed":null,"min_height":null,"motor_vehicle":null,"motorcar":null,"museum":null,"music":null,"name":null,"name:ar":null,"name:bg":null,"name:de":null,"name:en":null,"name:es":null,"name:etymology:wikidata":null,"name:fa":null,"name:it":null,"name:ko":null,"name:ru":null,"name:signed":null,"navigationaid":null,"network":null,"nobrand":null,"note":null,"office":null,"official_name":null,"official_name:it":null,"official_name:ru":null,"old_name":null,"oneway":null,"opening_hours":null,"operator":null,"operator:wikidata":null,"operator:wikipedia":null,"parking":null,"passengers":null,"payment:cash":null,"payment:credit_cards":null,"payment:mastercard":null,"payment:visa":null,"phone":null,"psv":null,"public_transport":null,"railway":null,"ref":"223","ref:mise":null,"religion":null,"roof:colour":null,"roof:height":null,"roof:levels":null,"roof:shape":null,"ruins":null,"runway":null,"self_service":null,"service":null,"shelter_type":null,"shop":null,"short_operator":null,"sidewalk":null,"smoothness":null,"source":null,"source:date":null,"start_date":null,"surface":null,"takeaway":null,"taxi":null,"toilets":null,"toilets:disposal":null,"toilets:wheelchair":null,"tourism":null,"tourist_bus":null,"tower:type":null,"tracktype":null,"train":null,"tunnel":null,"type":null,"website":null,"website_1":null,"wheelchair":null,"width":null,"wikidata":null,"wikimedia_commons":null,"wikipedia":null},"geometry":{"type":"Point","coordinates":[12.2649512,41.799205]}},
{"type":"Feature","properties":{"id":"node/11114660681","@id":"node/11114660681","abandoned":null,"access":null,"addr:city":null,"addr:housenumber":null,"addr:postcode":null,"addr:street":null,"addr:suburb":null,"aerodrome":null,"aerodrome:type":null,"aeroway":"parking_position","air_conditioning":null,"amenity":null,"archaeological_site":null,"baby_feeding":null,"barrier":null,"bicycle":null,"branch":null,"brand":null,"brand:wikidata":null,"brand:wikipedia":null,"bridge":null,"building":null,"building:colour":null,"building:height":null,"building:levels":null,"changing_table":null,"check_date":null,"check_date:opening_hours":null,"city_served":null,"compressed_air":null,"contact:email":null,"contact:phone":null,"contact:website":null,"content":null,"covered":null,"created_by":null,"cuisine":null,"cutting":null,"denomination":null,"description":null,"drinking_water":null,"ele":null,"email":null,"emergency":null,"fee":null,"female":null,"fixme":null,"foot":null,"fuel:diesel":null,"fuel:lpg":null,"fuel:octane_95":null,"healthcare":null,"height":null,"highway":null,"historic":null,"historic:civilization":null,"holding_position:type":null,"horse":null,"iata":null,"icao":null,"indoor":null,"internet_access":null,"landuse":null,"lanes":null,"layer":null,"leisure":null,"length":null,"level":null,"lit":null,"local_ref":null,"male":null,"man_made":null,"maxheight":null,"maxheight:signed":null,"maxspeed":null,"maxweight:signed":null,"min_height":null,"motor_vehicle":null,"motorcar":null,"museum":null,"music":null,"name":null,"name:ar":null,"name:bg":null,"name:de":null,"name:en":null,"name:es":null,"name:etymology:wikidata":null,"name:fa":null,"name:it":null,"name:ko":null,"name:ru":null,"name:signed":null,"navigationaid":null,"network":null,"nobrand":null,"note":null,"office":null,"official_name":null,"official_name:it":null,"official_name:ru":null,"old_name":null,"oneway":null,"opening_hours":null,"operator":null,"operator:wikidata":null,"operator:wikipedia":null,"parking":null,"passengers":null,"payment:cash":null,"payment:credit_cards":null,"payment:mastercard":null,"payment:visa":null,"phone":null,"psv":null,"public_transport":null,"railway":null,"ref":"224","ref:mise":null,"religion":null,"roof:colour":null,"roof:height":null,"roof:levels":null,"roof:shape":null,"ruins":null,"runway":null,"self_service":null,"service":null,"shelter_type":null,"shop":null,"short_operator":null,"sidewalk":null,"smoothness":null,"source":null,"source:date":null,"start_date":null,"surface":null,"takeaway":null,"taxi":null,"toilets":null,"toilets:disposal":null,"toilets:wheelchair":null,"tourism":null,"tourist_bus":null,"tower:type":null,"tracktype":null,"train":null,"tunnel":null,"type":null,"website":null,"website_1":null,"wheelchair":null,"width":null,"wikidata":null,"wikimedia_commons":null,"wikipedia":null},"geometry":{"type":"Point","coordinates":[12.2651342,41.7988391]}},
{"type":"Feature","properties":{"id":"node/11114660683","@id":"node/11114660683","abandoned":null,"access":null,"addr:city":null,"addr:housenumber":null,"addr:postcode":null,"addr:street":null,"addr:suburb":null,"aerodrome":null,"aerodrome:type":null,"aeroway":"parking_position","air_conditioning":null,"amenity":null,"archaeological_site":null,"baby_feeding":null,"barrier":null,"bicycle":null,"branch":null,"brand":null,"brand:wikidata":null,"brand:wikipedia":null,"bridge":null,"building":null,"building:colour":null,"building:height":null,"building:levels":null,"changing_table":null,"check_date":null,"check_date:opening_hours":null,"city_served":null,"compressed_air":null,"contact:email":null,"contact:phone":null,"contact:website":null,"content":null,"covered":null,"created_by":null,"cuisine":null,"cutting":null,"denomination":null,"description":null,"drinking_water":null,"ele":null,"email":null,"emergency":null,"fee":null,"female":null,"fixme":null,"foot":null,"fuel:diesel":null,"fuel:lpg":null,"fuel:octane_95":null,"healthcare":null,"height":null,"highway":null,"historic":null,"historic:civilization":null,"holding_position:type":null,"horse":null,"iata":null,"icao":null,"indoor":null,"internet_access":null,"landuse":null,"lanes":null,"layer":null,"leisure":null,"length":null,"level":null,"lit":null,"local_ref":null,"male":null,"man_made":null,"maxheight":null,"maxheight:signed":null,"maxspeed":null,"maxweight:signed":null,"min_height":null,"motor_vehicle":null,"motorcar":null,"museum":null,"music":null,"name":null,"name:ar":null,"name:bg":null,"name:de":null,"name:en":null,"name:es":null,"name:etymology:wikidata":null,"name:fa":null,"name:it":null,"name:ko":null,"name:ru":null,"name:signed":null,"navigationaid":null,"network":null,"nobrand":null,"note":null,"office":null,"official_name":null,"official_name:it":null,"official_name:ru":null,"old_name":null,"oneway":null,"opening_hours":null,"operator":null,"operator:wikidata":null,"operator:wikipedia":null,"parking":null,"passengers":null,"payment:cash":null,"payment:credit_cards":null,"payment:mastercard":null,"payment:visa":null,"phone":null,"psv":null,"public_transport":null,"railway":null,"ref":"225","ref:mise":null,"religion":null,"roof:colour":null,"roof:height":null,"roof:levels":null,"roof:shape":null,"ruins":null,"runway":null,"self_service":null,"service":null,"shelter_type":null,"shop":null,"short_operator":null,"sidewalk":null,"smoothness":null,"source":null,"source:date":null,"start_date":null,"surface":null,"takeaway":null,"taxi":null,"toilets":null,"toilets:disposal":null,"toilets:wheelchair":null,"tourism":null,"tourist_bus":null,"tower:type":null,"tracktype":null,"train":null,"tunnel":null,"type":null,"website":null,"website_1":null,"wheelchair":null,"width":null,"wikidata":null,"wikimedia_commons":null,"wikipedia":null},"geometry":{"type":"Point","coordinates":[12.2653463,41.7984038]}},
{"type":"Feature","properties":{"id":"node/11114660685","@id":"node/11114660685","abandoned":null,"access":null,"addr:city":null,"addr:housenumber":null,"addr:postcode":null,"addr:street":null,"addr:suburb":null,"aerodrome":null,"aerodrome:type":null,"aeroway":"parking_position","air_conditioning":null,"amenity":null,"archaeological_site":null,"baby_feeding":null,"barrier":null,"bicycle":null,"branch":null,"brand":null,"brand:wikidata":null,"brand:wikipedia":null,"bridge":null,"building":null,"building:colour":null,"building:height":null,"building:levels":null,"changing_table":null,"check_date":null,"check_date:opening_hours":null,"city_served":null,"compressed_air":null,"contact:email":null,"contact:phone":null,"contact:website":null,"content":null,"covered":null,"created_by":null,"cuisine":null,"cutting":null,"denomination":null,"description":null,"drinking_water":null,"ele":null,"email":null,"emergency":null,"fee":null,"female":null,"fixme":null,"foot":null,"fuel:diesel":null,"fuel:lpg":null,"fuel:octane_95":null,"healthcare":null,"height":null,"highway":null,"historic":null,"historic:civilization":null,"holding_position:type":null,"horse":null,"iata":null,"icao":null,"indoor":null,"internet_access":null,"landuse":null,"lanes":null,"layer":null,"leisure":null,"length":null,"level":null,"lit":null,"local_ref":null,"male":null,"man_made":null,"maxheight":null,"maxheight:signed":null,"maxspeed":null,"maxweight:signed":null,"min_height":null,"motor_vehicle":null,"motorcar":null,"museum":null,"music":null,"name":null,"name:ar":null,"name:bg":null,"name:de":null,"name:en":null,"name:es":null,"name:etymology:wikidata":null,"name:fa":null,"name:it":null,"name:ko":null,"name:ru":null,"name:signed":null,"navigationaid":null,"network":null,"nobrand":null,"note":null,"office":null,"official_name":null,"official_name:it":null,"official_name:ru":null,"old_name":null,"oneway":null,"opening_hours":null,"operator":null,"operator:wikidata":null,"operator:wikipedia":null,"parking":null,"passengers":null,"payment:cash":null,"payment:credit_cards":null,"payment:mastercard":null,"payment:visa":null,"phone":null,"psv":null,"public_transport":null,"railway":null,"ref":"226","ref:mise":null,"religion":null,"roof:colour":null,"roof:height":null,"roof:levels":null,"roof:shape":null,"ruins":null,"runway":null,"self_service":null,"service":null,"shelter_type":null,"shop":null,"short_operator":null,"sidewalk":null,"smoothness":null,"source":null,"source:date":null,"start_date":null,"surface":null,"takeaway":null,"taxi":null,"toilets":null,"toilets:disposal":null,"toilets:wheelchair":null,"tourism":null,"tourist_bus":null,"tower:type":null,"tracktype":null,"train":null,"tunnel":null,"type":null,"website":null,"website_1":null,"wheelchair":null,"width":null,"wikidata":null,"wikimedia_commons":null,"wikipedia":null},"geometry":{"type":"Point","coordinates":[12.2655177,41.7980508]}},
{"type":"Feature","properties":{"id":"node/11114660687","@id":"node/11114660687","abandoned":null,"access":null,"addr:city":null,"addr:housenumber":null,"addr:postcode":null,"addr:street":null,"addr:suburb":null,"aerodrome":null,"aerodrome:type":null,"aeroway":"parking_position","air_conditioning":null,"amenity":null,"archaeological_site":null,"baby_feeding":null,"barrier":null,"bicycle":null,"branch":null,"brand":null,"brand:wikidata":null,"brand:wikipedia":null,"bridge":null,"building":null,"building:colour":null,"building:height":null,"building:levels":null,"changing_table":null,"check_date":null,"check_date:opening_hours":null,"city_served":null,"compressed_air":null,"contact:email":null,"contact:phone":null,"contact:website":null,"content":null,"covered":null,"created_by":null,"cuisine":null,"cutting":null,"denomination":null,"description":null,"drinking_water":null,"ele":null,"email":null,"emergency":null,"fee":null,"female":null,"fixme":null,"foot":null,"fuel:diesel":null,"fuel:lpg":null,"fuel:octane_95":null,"healthcare":null,"height":null,"highway":null,"historic":null,"historic:civilization":null,"holding_position:type":null,"horse":null,"iata":null,"icao":null,"indoor":null,"internet_access":null,"landuse":null,"lanes":null,"layer":null,"leisure":null,"length":null,"level":null,"lit":null,"local_ref":null,"male":null,"man_made":null,"maxheight":null,"maxheight:signed":null,"maxspeed":null,"maxweight:signed":null,"min_height":null,"motor_vehicle":null,"motorcar":null,"museum":null,"music":null,"name":null,"name:ar":null,"name:bg":null,"name:de":null,"name:en":null,"name:es":null,"name:etymology:wikidata":null,"name:fa":null,"name:it":null,"name:ko":null,"name:ru":null,"name:signed":null,"navigationaid":null,"network":null,"nobrand":null,"note":null,"office":null,"official_name":null,"official_name:it":null,"official_name:ru":null,"old_name":null,"oneway":null,"opening_hours":null,"operator":null,"operator:wikidata":null,"operator:wikipedia":null,"parking":null,"passengers":null,"payment:cash":null,"payment:credit_cards":null,"payment:mastercard":null,"payment:visa":null,"phone":null,"psv":null,"public_transport":null,"railway":null,"ref":"227","ref:mise":null,"religion":null,"roof:colour":null,"roof:height":null,"roof:levels":null,"roof:shape":null,"ruins":null,"runway":null,"self_service":null,"service":null,"shelter_type":null,"shop":null,"short_operator":null,"sidewalk":null,"smoothness":null,"source":null,"source:date":null,"start_date":null,"surface":null,"takeaway":null,"taxi":null,"toilets":null,"toilets:disposal":null,"toilets:wheelchair":null,"tourism":null,"tourist_bus":null,"tower:type":null,"tracktype":null,"train":null,"tunnel":null,"type":null,"website":null,"website_1":null,"wheelchair":null,"width":null,"wikidata":null,"wikimedia_commons":null,"wikipedia":null},"geometry":{"type":"Point","coordinates":[12.2657297,41.7976134]}},
{"type":"Feature","properties":{"id":"node/11114660689","@id":"node/11114660689","abandoned":null,"access":null,"addr:city":null,"addr:housenumber":null,"addr:postcode":null,"addr:street":null,"addr:suburb":null,"aerodrome":null,"aerodrome:type":null,"aeroway":"parking_position","air_conditioning":null,"amenity":null,"archaeological_site":null,"baby_feeding":null,"barrier":null,"bicycle":null,"branch":null,"brand":null,"brand:wikidata":null,"brand:wikipedia":null,"bridge":null,"building":null,"building:colour":null,"building:height":null,"building:levels":null,"changing_table":null,"check_date":null,"check_date:opening_hours":null,"city_served":null,"compressed_air":null,"contact:email":null,"contact:phone":null,"contact:website":null,"content":null,"covered":null,"created_by":null,"cuisine":null,"cutting":null,"denomination":null,"description":null,"drinking_water":null,"ele":null,"email":null,"emergency":null,"fee":null,"female":null,"fixme":null,"foot":null,"fuel:diesel":null,"fuel:lpg":null,"fuel:octane_95":null,"healthcare":null,"height":null,"highway":null,"historic":null,"historic:civilization":null,"holding_position:type":null,"horse":null,"iata":null,"icao":null,"indoor":null,"internet_access":null,"landuse":null,"lanes":null,"layer":null,"leisure":null,"length":null,"level":null,"lit":null,"local_ref":null,"male":null,"man_made":null,"maxheight":null,"maxheight:signed":null,"maxspeed":null,"maxweight:signed":null,"min_height":null,"motor_vehicle":null,"motorcar":null,"museum":null,"music":null,"name":null,"name:ar":null,"name:bg":null,"name:de":null,"name:en":null,"name:es":null,"name:etymology:wikidata":null,"name:fa":null,"name:it":null,"name:ko":null,"name:ru":null,"name:signed":null,"navigationaid":null,"network":null,"nobrand":null,"note":null,"office":null,"official_name":null,"official_name:it":null,"official_name:ru":null,"old_name":null,"oneway":null,"opening_hours":null,"operator":null,"operator:wikidata":null,"operator:wikipedia":null,"parking":null,"passengers":null,"payment:cash":null,"payment:credit_cards":null,"payment:mastercard":null,"payment:visa":null,"phone":null,"psv":null,"public_transport":null,"railway":null,"ref":"228","ref:mise":null,"religion":null,"roof:colour":null,"roof:height":null,"roof:levels":null,"roof:shape":null,"ruins":null,"runway":null,"self_service":null,"service":null,"shelter_type":null,"shop":null,"short_operator":null,"sidewalk":null,"smoothness":null,"source":null,"source:date":null,"start_date":null,"surface":null,"takeaway":null,"taxi":null,"toilets":null,"toilets:disposal":null,"toilets:wheelchair":null,"tourism":null,"tourist_bus":null,"tower:type":null,"tracktype":null,"train":null,"tunnel":null,"type":null,"website":null,"website_1":null,"wheelchair":null,"width":null,"wikidata":null,"wikimedia_commons":null,"wikipedia":null},"geometry":{"type":"Point","coordinates":[12.2659127,41.7972409]}},
{"type":"Feature","properties":{"id":"node/11114660690","@id":"node/11114660690","abandoned":null,"access":null,"addr:city":null,"addr:housenumber":null,"addr:postcode":null,"addr:street":null,"addr:suburb":null,"aerodrome":null,"aerodrome:type":null,"aeroway":"parking_position","air_conditioning":null,"amenity":null,"archaeological_site":null,"baby_feeding":null,"barrier":null,"bicycle":null,"branch":null,"brand":null,"brand:wikidata":null,"brand:wikipedia":null,"bridge":null,"building":null,"building:colour":null,"building:height":null,"building:levels":null,"changing_table":null,"check_date":null,"check_date:opening_hours":null,"city_served":null,"compressed_air":null,"contact:email":null,"contact:phone":null,"contact:website":null,"content":null,"covered":null,"created_by":null,"cuisine":null,"cutting":null,"denomination":null,"description":null,"drinking_water":null,"ele":null,"email":null,"emergency":null,"fee":null,"female":null,"fixme":null,"foot":null,"fuel:diesel":null,"fuel:lpg":null,"fuel:octane_95":null,"healthcare":null,"height":null,"highway":null,"historic":null,"historic:civilization":null,"holding_position:type":null,"horse":null,"iata":null,"icao":null,"indoor":null,"internet_access":null,"landuse":null,"lanes":null,"layer":null,"leisure":null,"length":null,"level":null,"lit":null,"local_ref":null,"male":null,"man_made":null,"maxheight":null,"maxheight:signed":null,"maxspeed":null,"maxweight:signed":null,"min_height":null,"motor_vehicle":null,"motorcar":null,"museum":null,"music":null,"name":null,"name:ar":null,"name:bg":null,"name:de":null,"name:en":null,"name:es":null,"name:etymology:wikidata":null,"name:fa":null,"name:it":null,"name:ko":null,"name:ru":null,"name:signed":null,"navigationaid":null,"network":null,"nobrand":null,"note":null,"office":null,"official_name":null,"official_name:it":null,"official_name:ru":null,"old_name":null,"oneway":null,"opening_hours":null,"operator":null,"operator:wikidata":null,"operator:wikipedia":null,"parking":null,"passengers":null,"payment:cash":null,"payment:credit_cards":null,"payment:mastercard":null,"payment:visa":null,"phone":null,"psv":null,"public_transport":null,"railway":null,"ref":"229","ref:mise":null,"religion":null,"roof:colour":null,"roof:height":null,"roof:levels":null,"roof:shape":null,"ruins":null,"runway":null,"self_service":null,"service":null,"shelter_type":null,"shop":null,"short_operator":null,"sidewalk":null,"smoothness":null,"source":null,"source:date":null,"start_date":null,"surface":null,"takeaway":null,"taxi":null,"toilets":null,"toilets:disposal":null,"toilets:wheelchair":null,"tourism":null,"tourist_bus":null,"tower:type":null,"tracktype":null,"train":null,"tunnel":null,"type":null,"website":null,"website_1":null,"wheelchair":null,"width":null,"wikidata":null,"wikimedia_commons":null,"wikipedia":null},"geometry":{"type":"Point","coordinates":[12.2660986,41.7968727]}},
{"type":"Feature","properties":{"id":"node/11114747088","@id":"node/11114747088","abandoned":null,"access":null,"addr:city":null,"addr:housenumber":null,"addr:postcode":null,"addr:street":null,"addr:suburb":null,"aerodrome":null,"aerodrome:type":null,"aeroway":"parking_position","air_conditioning":null,"amenity":null,"archaeological_site":null,"baby_feeding":null,"barrier":null,"bicycle":null,"branch":null,"brand":null,"brand:wikidata":null,"brand:wikipedia":null,"bridge":null,"building":null,"building:colour":null,"building:height":null,"building:levels":null,"changing_table":null,"check_date":null,"check_date:opening_hours":null,"city_served":null,"compressed_air":null,"contact:email":null,"contact:phone":null,"contact:website":null,"content":null,"covered":null,"created_by":null,"cuisine":null,"cutting":null,"denomination":null,"description":null,"drinking_water":null,"ele":null,"email":null,"emergency":null,"fee":null,"female":null,"fixme":null,"foot":null,"fuel:diesel":null,"fuel:lpg":null,"fuel:octane_95":null,"healthcare":null,"height":null,"highway":null,"historic":null,"historic:civilization":null,"holding_position:type":null,"horse":null,"iata":null,"icao":null,"indoor":null,"internet_access":null,"landuse":null,"lanes":null,"layer":null,"leisure":null,"length":null,"level":null,"lit":null,"local_ref":null,"male":null,"man_made":null,"maxheight":null,"maxheight:signed":null,"maxspeed":null,"maxweight:signed":null,"min_height":null,"motor_vehicle":null,"motorcar":null,"museum":null,"music":null,"name":null,"name:ar":null,"name:bg":null,"name:de":null,"name:en":null,"name:es":null,"name:etymology:wikidata":null,"name:fa":null,"name:it":null,"name:ko":null,"name:ru":null,"name:signed":null,"navigationaid":null,"network":null,"nobrand":null,"note":null,"office":null,"official_name":null,"official_name:it":null,"official_name:ru":null,"old_name":null,"oneway":null,"opening_hours":null,"operator":null,"operator:wikidata":null,"operator:wikipedia":null,"parking":null,"passengers":null,"payment:cash":null,"payment:credit_cards":null,"payment:mastercard":null,"payment:visa":null,"phone":null,"psv":null,"public_transport":null,"railway":null,"ref":"230","ref:mise":null,"religion":null,"roof:colour":null,"roof:height":null,"roof:levels":null,"roof:shape":null,"ruins":null,"runway":null,"self_service":null,"service":null,"shelter_type":null,"shop":null,"short_operator":null,"sidewalk":null,"smoothness":null,"source":null,"source:date":null,"start_date":null,"surface":null,"takeaway":null,"taxi":null,"toilets":null,"toilets:disposal":null,"toilets:wheelchair":null,"tourism":null,"tourist_bus":null,"tower:type":null,"tracktype":null,"train":null,"tunnel":null,"type":null,"website":null,"website_1":null,"wheelchair":null,"width":null,"wikidata":null,"wikimedia_commons":null,"wikipedia":null},"geometry":{"type":"Point","coordinates":[12.2653187,41.8004928]}},
{"type":"Feature","properties":{"id":"node/11114747090","@id":"node/11114747090","abandoned":null,"access":null,"addr:city":null,"addr:housenumber":null,"addr:postcode":null,"addr:street":null,"addr:suburb":null,"aerodrome":null,"aerodrome:type":null,"aeroway":"parking_position","air_conditioning":null,"amenity":null,"archaeological_site":null,"baby_feeding":null,"barrier":null,"bicycle":null,"branch":null,"brand":null,"brand:wikidata":null,"brand:wikipedia":null,"bridge":null,"building":null,"building:colour":null,"building:height":null,"building:levels":null,"changing_table":null,"check_date":null,"check_date:opening_hours":null,"city_served":null,"compressed_air":null,"contact:email":null,"contact:phone":null,"contact:website":null,"content":null,"covered":null,"created_by":null,"cuisine":null,"cutting":null,"denomination":null,"description":null,"drinking_water":null,"ele":null,"email":null,"emergency":null,"fee":null,"female":null,"fixme":null,"foot":null,"fuel:diesel":null,"fuel:lpg":null,"fuel:octane_95":null,"healthcare":null,"height":null,"highway":null,"historic":null,"historic:civilization":null,"holding_position:type":null,"horse":null,"iata":null,"icao":null,"indoor":null,"internet_access":null,"landuse":null,"lanes":null,"layer":null,"leisure":null,"length":null,"level":null,"lit":null,"local_ref":null,"male":null,"man_made":null,"maxheight":null,"maxheight:signed":null,"maxspeed":null,"maxweight:signed":null,"min_height":null,"motor_vehicle":null,"motorcar":null,"museum":null,"music":null,"name":null,"name:ar":null,"name:bg":null,"name:de":null,"name:en":null,"name:es":null,"name:etymology:wikidata":null,"name:fa":null,"name:it":null,"name:ko":null,"name:ru":null,"name:signed":null,"navigationaid":null,"network":null,"nobrand":null,"note":null,"office":null,"official_name":null,"official_name:it":null,"official_name:ru":null,"old_name":null,"oneway":null,"opening_hours":null,"operator":null,"operator:wikidata":null,"operator:wikipedia":null,"parking":null,"passengers":null,"payment:cash":null,"payment:credit_cards":null,"payment:mastercard":null,"payment:visa":null,"phone":null,"psv":null,"public_transport":null,"railway":null,"ref":"231","ref:mise":null,"religion":null,"roof:colour":null,"roof:height":null,"roof:levels":null,"roof:shape":null,"ruins":null,"runway":null,"self_service":null,"service":null,"shelter_type":null,"shop":null,"short_operator":null,"sidewalk":null,"smoothness":null,"source":null,"source:date":null,"start_date":null,"surface":null,"takeaway":null,"taxi":null,"toilets":null,"toilets:disposal":null,"toilets:wheelchair":null,"tourism":null,"tourist_bus":null,"tower:type":null,"tracktype":null,"train":null,"tunnel":null,"type":null,"website":null,"website_1":null,"wheelchair":null,"width":null,"wikidata":null,"wikimedia_commons":null,"wikipedia":null},"geometry":{"type":"Point","coordinates":[12.2655324,41.8000125]}},
{"type":"Feature","properties":{"id":"node/11114747092","@id":"node/11114747092","abandoned":null,"access":null,"addr:city":null,"addr:housenumber":null,"addr:postcode":null,"addr:street":null,"addr:suburb":null,"aerodrome":null,"aerodrome:type":null,"aeroway":"parking_position","air_conditioning":null,"amenity":null,"archaeological_site":null,"baby_feeding":null,"barrier":null,"bicycle":null,"branch":null,"brand":null,"brand:wikidata":null,"brand:wikipedia":null,"bridge":null,"building":null,"building:colour":null,"building:height":null,"building:levels":null,"changing_table":null,"check_date":null,"check_date:opening_hours":null,"city_served":null,"compressed_air":null,"contact:email":null,"contact:phone":null,"contact:website":null,"content":null,"covered":null,"created_by":null,"cuisine":null,"cutting":null,"denomination":null,"description":null,"drinking_water":null,"ele":null,"email":null,"emergency":null,"fee":null,"female":null,"fixme":null,"foot":null,"fuel:diesel":null,"fuel:lpg":null,"fuel:octane_95":null,"healthcare":null,"height":null,"highway":null,"historic":null,"historic:civilization":null,"holding_position:type":null,"horse":null,"iata":null,"icao":null,"indoor":null,"internet_access":null,"landuse":null,"lanes":null,"layer":null,"leisure":null,"length":null,"level":null,"lit":null,"local_ref":null,"male":null,"man_made":null,"maxheight":null,"maxheight:signed":null,"maxspeed":null,"maxweight:signed":null,"min_height":null,"motor_vehicle":null,"motorcar":null,"museum":null,"music":null,"name":null,"name:ar":null,"name:bg":null,"name:de":null,"name:en":null,"name:es":null,"name:etymology:wikidata":null,"name:fa":null,"name:it":null,"name:ko":null,"name:ru":null,"name:signed":null,"navigationaid":null,"network":null,"nobrand":null,"note":null,"office":null,"official_name":null,"official_name:it":null,"official_name:ru":null,"old_name":null,"oneway":null,"opening_hours":null,"operator":null,"operator:wikidata":null,"operator:wikipedia":null,"parking":null,"passengers":null,"payment:cash":null,"payment:credit_cards":null,"payment:mastercard":null,"payment:visa":null,"phone":null,"psv":null,"public_transport":null,"railway":null,"ref":"232","ref:mise":null,"religion":null,"roof:colour":null,"roof:height":null,"roof:levels":null,"roof:shape":null,"ruins":null,"runway":null,"self_service":null,"service":null,"shelter_type":null,"shop":null,"short_operator":null,"sidewalk":null,"smoothness":null,"source":null,"source:date":null,"start_date":null,"surface":null,"takeaway":null,"taxi":null,"toilets":null,"toilets:disposal":null,"toilets:wheelchair":null,"tourism":null,"tourist_bus":null,"tower:type":null,"tracktype":null,"train":null,"tunnel":null,"type":null,"website":null,"website_1":null,"wheelchair":null,"width":null,"wikidata":null,"wikimedia_commons":null,"wikipedia":null},"geometry":{"type":"Point","coordinates":[12.2658822,41.7993287]}},
{"type":"Feature","properties":{"id":"node/11114747094","@id":"node/11114747094","abandoned":null,"access":null,"addr:city":null,"addr:housenumber":null,"addr:postcode":null,"addr:street":null,"addr:suburb":null,"aerodrome":null,"aerodrome:type":null,"aeroway":"parking_position","air_conditioning":null,"amenity":null,"archaeological_site":null,"baby_feeding":null,"barrier":null,"bicycle":null,"branch":null,"brand":null,"brand:wikidata":null,"brand:wikipedia":null,"bridge":null,"building":null,"building:colour":null,"building:height":null,"building:levels":null,"changing_table":null,"check_date":null,"check_date:opening_hours":null,"city_served":null,"compressed_air":null,"contact:email":null,"contact:phone":null,"contact:website":null,"content":null,"covered":null,"created_by":null,"cuisine":null,"cutting":null,"denomination":null,"description":null,"drinking_water":null,"ele":null,"email":null,"emergency":null,"fee":null,"female":null,"fixme":null,"foot":null,"fuel:diesel":null,"fuel:lpg":null,"fuel:octane_95":null,"healthcare":null,"height":null,"highway":null,"historic":null,"historic:civilization":null,"holding_position:type":null,"horse":null,"iata":null,"icao":null,"indoor":null,"internet_access":null,"landuse":null,"lanes":null,"layer":null,"leisure":null,"length":null,"level":null,"lit":null,"local_ref":null,"male":null,"man_made":null,"maxheight":null,"maxheight:signed":null,"maxspeed":null,"maxweight:signed":null,"min_height":null,"motor_vehicle":null,"motorcar":null,"museum":null,"music":null,"name":null,"name:ar":null,"name:bg":null,"name:de":null,"name:en":null,"name:es":null,"name:etymology:wikidata":null,"name:fa":null,"name:it":null,"name:ko":null,"name:ru":null,"name:signed":null,"navigationaid":null,"network":null,"nobrand":null,"note":null,"office":null,"official_name":null,"official_name:it":null,"official_name:ru":null,"old_name":null,"oneway":null,"opening_hours":null,"operator":null,"operator:wikidata":null,"operator:wikipedia":null,"parking":null,"passengers":null,"payment:cash":null,"payment:credit_cards":null,"payment:mastercard":null,"payment:visa":null,"phone":null,"psv":null,"public_transport":null,"railway":null,"ref":"233","ref:mise":null,"religion":null,"roof:colour":null,"roof:height":null,"roof:levels":null,"roof:shape":null,"ruins":null,"runway":null,"self_service":null,"service":null,"shelter_type":null,"shop":null,"short_operator":null,"sidewalk":null,"smoothness":null,"source":null,"source:date":null,"start_date":null,"surface":null,"takeaway":null,"taxi":null,"toilets":null,"toilets:disposal":null,"toilets:wheelchair":null,"tourism":null,"tourist_bus":null,"tower:type":null,"tracktype":null,"train":null,"tunnel":null,"type":null,"website":null,"website_1":null,"wheelchair":null,"width":null,"wikidata":null,"wikimedia_commons":null,"wikipedia":null},"geometry":{"type":"Point","coordinates":[12.2660663,41.7989463]}},
{"type":"Feature","properties":{"id":"node/11114747096","@id":"node/11114747096","abandoned":null,"access":null,"addr:city":null,"addr:housenumber":null,"addr:postcode":null,"addr:street":null,"addr:suburb":null,"aerodrome":null,"aerodrome:type":null,"aeroway":"parking_position","air_conditioning":null,"amenity":null,"archaeological_site":null,"baby_feeding":null,"barrier":null,"bicycle":null,"branch":null,"brand":null,"brand:wikidata":null,"brand:wikipedia":null,"bridge":null,"building":null,"building:colour":null,"building:height":null,"building:levels":null,"changing_table":null,"check_date":null,"check_date:opening_hours":null,"city_served":null,"compressed_air":null,"contact:email":null,"contact:phone":null,"contact:website":null,"content":null,"covered":null,"created_by":null,"cuisine":null,"cutting":null,"denomination":null,"description":null,"drinking_water":null,"ele":null,"email":null,"emergency":null,"fee":null,"female":null,"fixme":null,"foot":null,"fuel:diesel":null,"fuel:lpg":null,"fuel:octane_95":null,"healthcare":null,"height":null,"highway":null,"historic":null,"historic:civilization":null,"holding_position:type":null,"horse":null,"iata":null,"icao":null,"indoor":null,"internet_access":null,"landuse":null,"lanes":null,"layer":null,"leisure":null,"length":null,"level":null,"lit":null,"local_ref":null,"male":null,"man_made":null,"maxheight":null,"maxheight:signed":null,"maxspeed":null,"maxweight:signed":null,"min_height":null,"motor_vehicle":null,"motorcar":null,"museum":null,"music":null,"name":null,"name:ar":null,"name:bg":null,"name:de":null,"name:en":null,"name:es":null,"name:etymology:wikidata":null,"name:fa":null,"name:it":null,"name:ko":null,"name:ru":null,"name:signed":null,"navigationaid":null,"network":null,"nobrand":null,"note":null,"office":null,"official_name":null,"official_name:it":null,"official_name:ru":null,"old_name":null,"oneway":null,"opening_hours":null,"operator":null,"operator:wikidata":null,"operator:wikipedia":null,"parking":null,"passengers":null,"payment:cash":null,"payment:credit_cards":null,"payment:mastercard":null,"payment:visa":null,"phone":null,"psv":null,"public_transport":null,"railway":null,"ref":"234","ref:mise":null,"religion":null,"roof:colour":null,"roof:height":null,"roof:levels":null,"roof:shape":null,"ruins":null,"runway":null,"self_service":null,"service":null,"shelter_type":null,"shop":null,"short_operator":null,"sidewalk":null,"smoothness":null,"source":null,"source:date":null,"start_date":null,"surface":null,"takeaway":null,"taxi":null,"toilets":null,"toilets:disposal":null,"toilets:wheelchair":null,"tourism":null,"tourist_bus":null,"tower:type":null,"tracktype":null,"train":null,"tunnel":null,"type":null,"website":null,"website_1":null,"wheelchair":null,"width":null,"wikidata":null,"wikimedia_commons":null,"wikipedia":null},"geometry":{"type":"Point","coordinates":[12.2662773,41.7985052]}},
{"type":"Feature","properties":{"id":"node/11114747098","@id":"node/11114747098","abandoned":null,"access":null,"addr:city":null,"addr:housenumber":null,"addr:postcode":null,"addr:street":null,"addr:suburb":null,"aerodrome":null,"aerodrome:type":null,"aeroway":"parking_position","air_conditioning":null,"amenity":null,"archaeological_site":null,"baby_feeding":null,"barrier":null,"bicycle":null,"branch":null,"brand":null,"brand:wikidata":null,"brand:wikipedia":null,"bridge":null,"building":null,"building:colour":null,"building:height":null,"building:levels":null,"changing_table":null,"check_date":null,"check_date:opening_hours":null,"city_served":null,"compressed_air":null,"contact:email":null,"contact:phone":null,"contact:website":null,"content":null,"covered":null,"created_by":null,"cuisine":null,"cutting":null,"denomination":null,"description":null,"drinking_water":null,"ele":null,"email":null,"emergency":null,"fee":null,"female":null,"fixme":null,"foot":null,"fuel:diesel":null,"fuel:lpg":null,"fuel:octane_95":null,"healthcare":null,"height":null,"highway":null,"historic":null,"historic:civilization":null,"holding_position:type":null,"horse":null,"iata":null,"icao":null,"indoor":null,"internet_access":null,"landuse":null,"lanes":null,"layer":null,"leisure":null,"length":null,"level":null,"lit":null,"local_ref":null,"male":null,"man_made":null,"maxheight":null,"maxheight:signed":null,"maxspeed":null,"maxweight:signed":null,"min_height":null,"motor_vehicle":null,"motorcar":null,"museum":null,"music":null,"name":null,"name:ar":null,"name:bg":null,"name:de":null,"name:en":null,"name:es":null,"name:etymology:wikidata":null,"name:fa":null,"name:it":null,"name:ko":null,"name:ru":null,"name:signed":null,"navigationaid":null,"network":null,"nobrand":null,"note":null,"office":null,"official_name":null,"official_name:it":null,"official_name:ru":null,"old_name":null,"oneway":null,"opening_hours":null,"operator":null,"operator:wikidata":null,"operator:wikipedia":null,"parking":null,"passengers":null,"payment:cash":null,"payment:credit_cards":null,"payment:mastercard":null,"payment:visa":null,"phone":null,"psv":null,"public_transport":null,"railway":null,"ref":"235","ref:mise":null,"religion":null,"roof:colour":null,"roof:height":null,"roof:levels":null,"roof:shape":null,"ruins":null,"runway":null,"self_service":null,"service":null,"shelter_type":null,"shop":null,"short_operator":null,"sidewalk":null,"smoothness":null,"source":null,"source:date":null,"start_date":null,"surface":null,"takeaway":null,"taxi":null,"toilets":null,"toilets:disposal":null,"toilets:wheelchair":null,"tourism":null,"tourist_bus":null,"tower:type":null,"tracktype":null,"train":null,"tunnel":null,"type":null,"website":null,"website_1":null,"wheelchair":null,"width":null,"wikidata":null,"wikimedia_commons":null,"wikipedia":null},"geometry":{"type":"Point","coordinates":[12.2664558,41.7981314]}},
{"type":"Feature","properties":{"id":"node/11114747100","@id":"node/11114747100","abandoned":null,"access":null,"addr:city":null,"addr:housenumber":null,"addr:postcode":null,"addr:street":null,"addr:suburb":null,"aerodrome":null,"aerodrome:type":null,"aeroway":"parking_position","air_conditioning":null,"amenity":null,"archaeological_site":null,"baby_feeding":null,"barrier":null,"bicycle":null,"branch":null,"brand":null,"brand:wikidata":null,"brand:wikipedia":null,"bridge":null,"building":null,"building:colour":null,"building:height":null,"building:levels":null,"changing_table":null,"check_date":null,"check_date:opening_hours":null,"city_served":null,"compressed_air":null,"contact:email":null,"contact:phone":null,"contact:website":null,"content":null,"covered":null,"created_by":null,"cuisine":null,"cutting":null,"denomination":null,"description":null,"drinking_water":null,"ele":null,"email":null,"emergency":null,"fee":null,"female":null,"fixme":null,"foot":null,"fuel:diesel":null,"fuel:lpg":null,"fuel:octane_95":null,"healthcare":null,"height":null,"highway":null,"historic":null,"historic:civilization":null,"holding_position:type":null,"horse":null,"iata":null,"icao":null,"indoor":null,"internet_access":null,"landuse":null,"lanes":null,"layer":null,"leisure":null,"length":null,"level":null,"lit":null,"local_ref":null,"male":null,"man_made":null,"maxheight":null,"maxheight:signed":null,"maxspeed":null,"maxweight:signed":null,"min_height":null,"motor_vehicle":null,"motorcar":null,"museum":null,"music":null,"name":null,"name:ar":null,"name:bg":null,"name:de":null,"name:en":null,"name:es":null,"name:etymology:wikidata":null,"name:fa":null,"name:it":null,"name:ko":null,"name:ru":null,"name:signed":null,"navigationaid":null,"network":null,"nobrand":null,"note":null,"office":null,"official_name":null,"official_name:it":null,"official_name:ru":null,"old_name":null,"oneway":null,"opening_hours":null,"operator":null,"operator:wikidata":null,"operator:wikipedia":null,"parking":null,"passengers":null,"payment:cash":null,"payment:credit_cards":null,"payment:mastercard":null,"payment:visa":null,"phone":null,"psv":null,"public_transport":null,"railway":null,"ref":"236","ref:mise":null,"religion":null,"roof:colour":null,"roof:height":null,"roof:levels":null,"roof:shape":null,"ruins":null,"runway":null,"self_service":null,"service":null,"shelter_type":null,"shop":null,"short_operator":null,"sidewalk":null,"smoothness":null,"source":null,"source:date":null,"start_date":null,"surface":null,"takeaway":null,"taxi":null,"toilets":null,"toilets:disposal":null,"toilets:wheelchair":null,"tourism":null,"tourist_bus":null,"tower:type":null,"tracktype":null,"train":null,"tunnel":null,"type":null,"website":null,"website_1":null,"wheelchair":null,"width":null,"wikidata":null,"wikimedia_commons":null,"wikipedia":null},"geometry":{"type":"Point","coordinates":[12.2666787,41.7976856]}},
{"type":"Feature","properties":{"id":"node/11114747102","@id":"node/11114747102","abandoned":null,"access":null,"addr:city":null,"addr:housenumber":null,"addr:postcode":null,"addr:street":null,"addr:suburb":null,"aerodrome":null,"aerodrome:type":null,"aeroway":"parking_position","air_conditioning":null,"amenity":null,"archaeological_site":null,"baby_feeding":null,"barrier":null,"bicycle":null,"branch":null,"brand":null,"brand:wikidata":null,"brand:wikipedia":null,"bridge":null,"building":null,"building:colour":null,"building:height":null,"building:levels":null,"changing_table":null,"check_date":null,"check_date:opening_hours":null,"city_served":null,"compressed_air":null,"contact:email":null,"contact:phone":null,"contact:website":null,"content":null,"covered":null,"created_by":null,"cuisine":null,"cutting":null,"denomination":null,"description":null,"drinking_water":null,"ele":null,"email":null,"emergency":null,"fee":null,"female":null,"fixme":null,"foot":null,"fuel:diesel":null,"fuel:lpg":null,"fuel:octane_95":null,"healthcare":null,"height":null,"highway":null,"historic":null,"historic:civilization":null,"holding_position:type":null,"horse":null,"iata":null,"icao":null,"indoor":null,"internet_access":null,"landuse":null,"lanes":null,"layer":null,"leisure":null,"length":null,"level":null,"lit":null,"local_ref":null,"male":null,"man_made":null,"maxheight":null,"maxheight:signed":null,"maxspeed":null,"maxweight:signed":null,"min_height":null,"motor_vehicle":null,"motorcar":null,"museum":null,"music":null,"name":null,"name:ar":null,"name:bg":null,"name:de":null,"name:en":null,"name:es":null,"name:etymology:wikidata":null,"name:fa":null,"name:it":null,"name:ko":null,"name:ru":null,"name:signed":null,"navigationaid":null,"network":null,"nobrand":null,"note":null,"office":null,"official_name":null,"official_name:it":null,"official_name:ru":null,"old_name":null,"oneway":null,"opening_hours":null,"operator":null,"operator:wikidata":null,"operator:wikipedia":null,"parking":null,"passengers":null,"payment:cash":null,"payment:credit_cards":null,"payment:mastercard":null,"payment:visa":null,"phone":null,"psv":null,"public_transport":null,"railway":null,"ref":"237","ref:mise":null,"religion":null,"roof:colour":null,"roof:height":null,"roof:levels":null,"roof:shape":null,"ruins":null,"runway":null,"self_service":null,"service":null,"shelter_type":null,"shop":null,"short_operator":null,"sidewalk":null,"smoothness":null,"source":null,"source:date":null,"start_date":null,"surface":null,"takeaway":null,"taxi":null,"toilets":null,"toilets:disposal":null,"toilets:wheelchair":null,"tourism":null,"tourist_bus":null,"tower:type":null,"tracktype":null,"train":null,"tunnel":null,"type":null,"website":null,"website_1":null,"wheelchair":null,"width":null,"wikidata":null,"wikimedia_commons":null,"wikipedia":null},"geometry":{"type":"Point","coordinates":[12.266847,41.7973246]}},
{"type":"Feature","properties":{"id":"node/11114747103","@id":"node/11114747103","abandoned":null,"access":null,"addr:city":null,"addr:housenumber":null,"addr:postcode":null,"addr:street":null,"addr:suburb":null,"aerodrome":null,"aerodrome:type":null,"aeroway":"parking_position","air_conditioning":null,"amenity":null,"archaeological_site":null,"baby_feeding":null,"barrier":null,"bicycle":null,"branch":null,"brand":null,"brand:wikidata":null,"brand:wikipedia":null,"bridge":null,"building":null,"building:colour":null,"building:height":null,"building:levels":null,"changing_table":null,"check_date":null,"check_date:opening_hours":null,"city_served":null,"compressed_air":null,"contact:email":null,"contact:phone":null,"contact:website":null,"content":null,"covered":null,"created_by":null,"cuisine":null,"cutting":null,"denomination":null,"description":null,"drinking_water":null,"ele":null,"email":null,"emergency":null,"fee":null,"female":null,"fixme":null,"foot":null,"fuel:diesel":null,"fuel:lpg":null,"fuel:octane_95":null,"healthcare":null,"height":null,"highway":null,"historic":null,"historic:civilization":null,"holding_position:type":null,"horse":null,"iata":null,"icao":null,"indoor":null,"internet_access":null,"landuse":null,"lanes":null,"layer":null,"leisure":null,"length":null,"level":null,"lit":null,"local_ref":null,"male":null,"man_made":null,"maxheight":null,"maxheight:signed":null,"maxspeed":null,"maxweight:signed":null,"min_height":null,"motor_vehicle":null,"motorcar":null,"museum":null,"music":null,"name":null,"name:ar":null,"name:bg":null,"name:de":null,"name:en":null,"name:es":null,"name:etymology:wikidata":null,"name:fa":null,"name:it":null,"name:ko":null,"name:ru":null,"name:signed":null,"navigationaid":null,"network":null,"nobrand":null,"note":null,"office":null,"official_name":null,"official_name:it":null,"official_name:ru":null,"old_name":null,"oneway":null,"opening_hours":null,"operator":null,"operator:wikidata":null,"operator:wikipedia":null,"parking":null,"passengers":null,"payment:cash":null,"payment:credit_cards":null,"payment:mastercard":null,"payment:visa":null,"phone":null,"psv":null,"public_transport":null,"railway":null,"ref":"238","ref:mise":null,"religion":null,"roof:colour":null,"roof:height":null,"roof:levels":null,"roof:shape":null,"ruins":null,"runway":null,"self_service":null,"service":null,"shelter_type":null,"shop":null,"short_operator":null,"sidewalk":null,"smoothness":null,"source":null,"source:date":null,"start_date":null,"surface":null,"takeaway":null,"taxi":null,"toilets":null,"toilets:disposal":null,"toilets:wheelchair":null,"tourism":null,"tourist_bus":null,"tower:type":null,"tracktype":null,"train":null,"tunnel":null,"type":null,"website":null,"website_1":null,"wheelchair":null,"width":null,"wikidata":null,"wikimedia_commons":null,"wikipedia":null},"geometry":{"type":"Point","coordinates":[12.2670227,41.7969651]}}
]
}
